,Longitude,Latitude,CEC [cmol/kg]
0,-3.05,43.1341,35.9
1,-3.0333,43.1174,23.4
2,-2.5,42.5021,12.1
3,-2.8333,43.0508,45.9
4,-2.595,43.0236,12.7
5,-2.4166,42.5341,14.9
6,-2.6333,42.9924,19.0
7,-2.5833,42.9508,11.8
8,-2.5833,42.8549,27.1
9,-2.6333,42.8424,33.5
10,-2.6333,42.5008,20.9
11,-2.4975,42.9286,24.5
12,-2.4166,42.9341,30.9
13,-2.7167,42.9341,25.8
14,-2.55,42.823,25.3
15,-2.4747,42.7347,19.0
16,-2.4508,42.6852,5.4
17,-2.303,42.7924,35.2
18,-2.2722,42.8102,25.8
19,-2.7833,42.5827,8.2
20,-2.6667,42.5846,31.5
21,-2.6166,42.4994,5.4
22,-2.5666,42.5452,13.0
23,-2.5,42.6016,10.3
24,-2.4878,42.6222,10.2
25,-2.45,39.2507,27.1
26,-2.4277,39.2498,9.8
27,-2.3486,39.2396,15.5
28,-2.45,39.0618,13.6
29,-2.0166,39.0173,13.9
30,-1.8333,38.9173,14.9
31,-1.8944,38.7256,12.5
32,-1.8999,38.734,15.9
33,-1.7333,38.8006,17.1
34,-2.6427,38.5734,22.3
35,-2.6655,38.6005,40.0
36,-2.6988,38.6908,8.1
37,-2.55,38.6506,19.5
38,-2.55,38.5673,65.4
39,-2.5,38.6173,44.4
40,-2.4166,38.434,46.3
41,-0.1498,38.8506,30.9
42,-0.8166,38.7173,12.8
43,-0.7832,38.734,39.3
44,-0.5332,38.684,21.3
45,-0.4832,38.7673,19.9
46,-0.0665,38.8006,29.0
47,0.0502,38.7006,17.8
48,-0.6332,38.534,19.0
49,-0.8166,38.184,25.3
50,-0.7999,38.2006,20.6
51,-0.7666,38.2006,21.5
52,-0.7499,38.2506,23.0
53,-0.6832,38.2673,15.0
54,-0.5987,38.1923,16.5
55,-0.5362,38.1273,16.9
56,-0.6332,38.184,15.9
57,-0.9499,38.1173,10.7
58,-0.9666,38.0173,7.0
59,-0.8832,38.0173,18.5
60,-0.6665,38.1006,11.9
61,-0.8166,37.884,21.9
62,-0.3665,38.5173,16.3
63,-0.6165,38.434,14.3
64,-0.4332,38.4173,11.2
65,-2.2333,37.8173,13.9
66,-2.2833,37.7006,38.6
67,-2.0666,37.734,16.4
68,-2.3,37.6006,16.4
69,-2.1333,37.5506,10.2
70,-2.5166,37.3506,25.1
71,-2.4166,37.4173,12.7
72,-2.35,37.4673,36.2
73,-2.2333,37.4339,6.1
74,-2.1387,37.3839,14.6
75,-2.0833,37.4839,12.3
76,-1.8999,37.5006,18.9
77,-2.0625,36.8006,34.0
78,-2.8167,37.1673,9.1
79,-2.5666,37.3339,5.6
80,-2.5833,37.2339,7.2
81,-2.5166,37.2006,6.1
82,-2.45,37.3006,8.4
83,-2.3,37.2006,10.7
84,-2.2,37.1839,10.2
85,-1.8333,37.2339,8.4
86,-2.9167,37.0839,9.3
87,-2.9,37.0173,12.0
88,-2.7667,37.1173,11.3
89,-2.7333,37.0006,8.4
90,-2.5666,37.0339,12.9
91,-2.35,37.0839,2.7
92,-2.25,37.1506,3.8
93,-2.2333,37.0839,8.9
94,-2.1333,37.1506,5.3
95,-1.8833,37.0506,22.2
96,-1.8499,37.1673,26.3
97,-2.9833,36.9006,7.0
98,-2.9167,36.9673,4.7
99,-2.8833,37.0006,9.7
100,-2.8833,36.8673,26.4
101,-2.7667,36.9839,13.0
102,-2.7667,36.8839,11.0
103,-2.7167,36.8339,9.3
104,-2.5166,36.8839,15.4
105,-2.4833,36.9506,7.7
106,-2.3333,37.0006,10.3
107,-2.2166,36.9173,7.7
108,-2.15,36.8673,7.8
109,-2.0833,36.8506,18.3
110,-1.9666,37.0006,16.2
111,-2.0333,36.8839,13.6
112,-3.1167,36.7673,5.7
113,-2.95,36.7506,1.4
114,-2.9333,36.8173,17.8
115,-2.7333,36.7673,23.4
116,-2.6833,36.7173,12.5
117,-2.6333,36.7506,12.4
118,-2.25,36.8339,7.6
119,-2.2,36.7673,17.2
120,-2.2333,36.7839,38.2
121,-2.0666,36.8173,29.4
122,-6.9836,43.5175,35.0
123,-6.6835,43.5341,18.6
124,-5.7668,43.5675,21.0
125,-6.9169,43.3841,26.8
126,-6.8502,43.4508,55.4
127,-6.5002,43.4175,26.7
128,-6.2669,43.4508,11.8
129,-5.8835,43.4175,15.9
130,-5.4335,43.4341,24.1
131,-5.2668,43.4508,88.7
132,-5.0334,43.4175,60.0
133,-4.7001,43.3675,79.1
134,-6.9336,43.1841,33.5
135,-5.7335,43.2174,19.1
136,-6.6335,43.3174,31.4
137,-6.6335,43.2508,210.0
138,-6.3669,43.3008,126.0
139,-6.2835,43.2174,32.3
140,-6.1002,43.2341,50.0
141,-5.9168,43.2341,21.0
142,-5.7835,43.2008,27.6
143,-5.6502,43.2341,10.9
144,-5.5335,43.2841,45.5
145,-5.4835,43.3174,12.7
146,-5.3668,43.2341,27.3
147,-5.1001,43.3174,12.2
148,-5.0835,43.3008,63.9
149,-5.0001,43.2841,20.9
150,-4.8001,43.2508,81.4
151,-6.7502,43.1008,72.0
152,-6.6335,43.0341,68.0
153,-6.4502,43.0674,24.1
154,-6.0502,43.1341,36.8
155,-5.9668,43.0841,15.9
156,-5.6835,43.1174,41.7
157,-5.4335,43.0674,30.5
158,-5.1335,43.1508,11.8
159,-6.7002,42.9341,40.0
160,-6.5835,42.9508,15.9
161,-4.8334,41.0674,20.9
162,-4.9501,41.1007,33.2
163,-5.0501,40.884,5.7
164,-4.9668,40.9507,32.4
165,-4.9668,40.9674,42.6
166,-5.1835,40.4174,16.2
167,-5.0168,40.5174,18.0
168,-4.8334,40.6007,8.2
169,-4.7334,40.5174,11.0
170,-4.5168,40.5507,42.9
171,-4.4334,40.584,36.2
172,-4.2167,40.634,15.5
173,-5.0812,40.3576,19.3
174,-4.9879,40.394,30.8
175,-4.7668,40.5007,31.6
176,-4.4654,40.3882,11.4
177,-5.6668,40.3007,26.5
178,-5.2301,40.279,27.6
179,-5.1501,40.1799,18.9
180,-5.1665,40.2262,9.3
181,-5.1626,40.2382,29.3
182,-5.1209,40.2187,21.8
183,-5.0932,40.259,24.7
184,-5.0334,40.284,16.5
185,-5.0168,40.3174,37.0
186,-4.8501,40.3007,24.5
187,-4.8334,40.334,32.0
188,-4.8001,40.3007,25.0
189,-5.3321,40.1479,29.1
190,-5.2501,40.134,6.9
191,-5.2501,40.1174,4.2
192,-5.0501,40.184,20.0
193,-5.1001,40.2507,23.0
194,-5.1001,40.2007,17.0
195,-5.1334,40.184,20.5
196,-5.0112,40.3285,19.0
197,-4.7668,40.6507,18.3
198,-4.7668,40.6507,23.0
199,-4.7584,40.984,6.6
200,-4.7668,41.1174,1.8
201,-5.0834,39.3673,11.6
202,-5.0668,39.2673,10.8
203,-6.853,39.0812,10.0
204,-6.8669,39.1173,17.5
205,-6.7169,39.184,14.4
206,-6.0502,39.0507,7.4
207,-5.9835,39.0673,11.1
208,-5.8335,39.084,14.7
209,-5.8002,39.1173,15.9
210,-5.7001,39.034,13.6
211,-5.6501,39.034,12.4
212,-6.9835,38.9006,17.1
213,-6.853,38.7912,15.3
214,-6.8483,38.794,14.9
215,-6.8463,38.7893,11.1
216,-6.8424,38.794,14.5
217,-6.7169,38.9673,9.6
218,-6.5669,38.934,41.3
219,-6.6169,38.8673,10.7
220,-6.5835,38.834,27.1
221,-6.3669,38.8673,45.4
222,-6.3502,38.8506,18.9
223,-6.0835,38.884,28.2
224,-6.0668,38.984,15.6
225,-5.9668,38.9507,7.4
226,-5.8168,38.984,9.4
227,-5.8168,38.9673,22.1
228,-5.7668,38.984,7.1
229,-5.7001,38.934,26.0
230,-5.6501,39.0173,13.5
231,-5.2668,38.984,7.3
232,-6.9669,38.7173,14.4
233,-6.8335,38.8006,17.0
234,-6.6835,38.8006,10.0
235,-6.4335,38.8006,24.7
236,-6.6835,38.684,26.0
237,-6.5169,38.7673,24.0
238,-6.4057,38.7212,23.6
239,-6.3657,38.7029,18.2
240,-6.2835,38.684,45.3
241,-5.8502,38.7006,4.0
242,-5.7501,38.784,2.9
243,-5.6335,38.734,3.8
244,-5.5501,38.7506,9.5
245,-6.9002,38.5506,8.5
246,-6.8335,38.5465,6.7
247,-6.8002,38.634,47.0
248,-6.7002,38.6506,26.5
249,-6.4835,38.6173,6.0
250,-6.4169,38.584,46.7
251,-6.3168,38.584,35.1
252,-6.2835,38.5506,58.8
253,-5.8668,38.584,11.4
254,-5.7835,38.634,7.8
255,-5.6501,38.634,3.5
256,-5.6001,38.584,5.5
257,-5.5168,38.6173,2.9
258,-6.8169,38.4173,20.8
259,-6.6002,38.434,15.9
260,-6.5169,38.4006,13.2
261,-6.3335,38.4673,37.5
262,-6.3502,38.3673,35.6
263,-6.2502,37.984,16.2
264,-5.8502,38.484,13.8
265,-7.0835,38.234,11.5
266,-7.0002,38.284,8.6
267,-6.7835,38.3173,20.1
268,-6.6896,38.2251,7.6
269,-6.6558,38.194,9.9
270,-6.4835,38.2173,15.6
271,-5.7168,38.284,33.8
272,-6.5669,38.134,12.5
273,-6.5335,38.034,20.2
274,1.8003,42.1841,8.5
275,2.3253,41.8118,14.5
276,2.3892,41.7785,8.8
277,2.3336,41.7674,14.0
278,2.3947,41.7285,16.8
279,2.4392,41.7618,10.8
280,1.5169,41.5174,12.5
281,1.4336,41.5007,16.1
282,2.367,41.534,19.4
283,2.317,41.5007,14.7
284,2.3586,41.5368,15.4
285,2.3586,41.5229,13.2
286,1.553,41.4515,13.2
287,1.6749,41.428,22.2
288,1.6269,41.3515,14.7
289,1.8669,41.4007,14.9
290,1.9305,41.3889,70.6
291,1.9503,41.334,30.0
292,1.9169,41.3007,25.9
293,2.0108,41.3302,10.2
294,1.9528,41.2882,15.7
295,1.9455,41.2696,19.0
296,2.367,41.6841,23.0
297,-3.8167,42.9174,12.2
298,-3.4,42.9674,17.3
299,-3.0668,42.1341,30.5
300,-3.0667,42.1341,21.6
301,-3.0167,42.0424,15.6
302,-3.2833,41.9507,11.0
303,-3.0333,41.9841,20.7
304,-3.0167,41.9841,6.2
305,-3.9334,41.7507,23.5
306,-3.8834,41.7674,1.0
307,-3.8667,41.7507,11.1
308,-3.8834,41.7007,13.3
309,-3.8,41.7674,9.0
310,-3.7667,41.7341,12.1
311,-3.6334,41.7841,5.5
312,-3.7334,41.7007,10.3
313,-3.6834,41.7174,17.2
314,-3.6334,41.7341,2.3
315,-3.6167,41.7841,16.5
316,-3.5,41.7507,16.5
317,-3.5167,41.7007,15.8
318,-3.45,41.7007,20.5
319,-3.8167,41.6507,15.3
320,-3.5667,41.6341,13.5
321,-3.5167,41.6841,9.9
322,-3.0333,41.9841,1.6
323,-3.45,43.1174,4.9
324,-3.9667,41.8174,27.6
325,-3.9501,41.7507,22.7
326,-3.55,41.7674,5.0
327,-6.2502,40.3507,22.5
328,-6.7001,40.1998,10.0
329,-6.6919,40.2424,18.3
330,-6.5835,40.2174,17.9
331,-6.5002,40.2507,13.9
332,-6.1502,40.2174,21.3
333,-6.0502,40.2507,8.4
334,-5.6168,40.0174,10.2
335,-5.7001,40.2674,17.9
336,-6.4669,40.034,13.6
337,-6.3169,40.084,5.4
338,-6.0335,40.0507,36.8
339,-6.0002,40.034,11.1
340,-5.8835,40.1507,9.2
341,-5.8668,40.134,20.4
342,-5.8335,40.134,15.0
343,-5.5668,40.1507,28.1
344,-5.5835,40.1174,14.0
345,-5.8335,40.1146,9.4
346,-5.6001,40.0174,42.8
347,-5.3668,40.134,2.2
348,-6.8669,39.8673,2.0
349,-6.5169,39.9173,4.2
350,-6.0502,39.884,34.1
351,-5.9168,39.934,8.9
352,-5.6835,39.9174,8.9
353,-5.6001,39.934,6.0
354,-5.5835,39.6673,30.3
355,-6.3335,39.7173,8.2
356,-5.5668,39.734,11.6
357,-5.3501,39.8007,16.8
358,-5.2168,39.7673,12.3
359,-7.0836,39.6007,22.0
360,-6.6502,39.6007,10.4
361,-6.2668,39.6007,5.7
362,-5.8668,39.5507,8.7
363,-5.6335,39.634,5.8
364,-5.3335,39.5507,7.2
365,-6.6835,39.384,7.2
366,-6.4169,39.4507,23.7
367,-6.2835,39.434,10.1
368,-5.7001,39.384,6.1
369,-5.3335,39.484,20.6
370,-6.5946,39.2701,29.8
371,-6.5002,39.284,9.1
372,-6.2168,39.334,9.3
373,-5.346,39.3312,6.4
374,-6.0168,39.1507,7.5
375,-5.9168,39.1173,8.7
376,-5.7168,39.134,26.0
377,-6.8072,40.1646,11.9
378,-5.8502,40.2674,28.6
379,-5.8835,40.2507,15.0
380,-5.8668,40.234,28.2
381,-6.8669,40.2174,34.0
382,-6.7669,40.234,17.5
383,-6.7835,40.2174,47.6
384,-5.5668,40.1007,20.2
385,-5.4668,39.884,7.6
386,-6.7835,40.184,9.2
387,-6.6335,40.2174,18.3
388,-6.0668,40.234,8.4
389,-6.5835,40.0174,7.4
390,-6.5669,40.0174,13.0
391,-6.5502,40.034,21.0
392,-6.5502,40.0174,23.0
393,-6.5502,40.0007,14.0
394,-5.6835,40.0174,23.0
395,-5.5668,40.034,3.6
396,-5.5335,40.0674,4.3
397,-5.4335,40.1007,5.9
398,-5.4335,40.0507,5.9
399,-5.4001,40.1174,3.7
400,-6.5669,39.984,9.6
401,-6.3169,39.984,2.2
402,-6.3169,39.9173,3.1
403,-6.4002,39.9507,6.3
404,-6.3835,39.9007,19.5
405,-5.7001,36.9006,3.5
406,-5.1168,36.9673,67.6
407,-5.1001,36.9173,35.3
408,-5.1168,36.9506,40.8
409,-6.1835,36.7506,72.2
410,-6.0502,36.7006,20.7
411,-6.0779,36.6841,16.1
412,-5.7335,36.7339,24.0
413,-5.6668,36.7673,2.0
414,-5.6168,36.8006,3.8
415,-5.5835,36.8173,2.6
416,-6.0502,36.5173,69.4
417,-5.7001,36.5006,35.2
418,-6.0835,36.4839,20.0
419,-5.4335,36.3006,29.1
420,-5.4001,36.2506,1.4
421,-5.4335,36.2006,1.4
422,-5.3946,36.1837,20.8
423,-4.3387,43.3519,39.8
424,-4.2834,43.3675,9.9
425,-4.1167,43.4008,43.8
426,-4.0834,43.4008,39.6
427,-4.0334,43.4175,24.9
428,-3.7773,43.3966,12.6
429,-3.775,43.3958,44.2
430,-3.6167,43.3841,33.7
431,-3.45,43.3841,13.9
432,-3.2667,43.3841,16.0
433,-4.0923,43.3575,4.5
434,-4.5334,43.3175,15.1
435,-4.6168,43.2341,20.3
436,-4.2667,43.2341,33.1
437,-4.347,43.3338,1.8
438,-4.2334,43.2841,9.9
439,-3.9501,43.2008,3.2
440,-3.8,43.1841,5.0
441,-3.75,43.2675,2.8
442,-3.6334,43.3008,5.9
443,-3.6,43.2174,41.8
444,-3.7909,43.1986,3.2
445,-3.4667,43.3008,12.6
446,-3.35,43.3175,11.6
447,-4.7001,43.1508,8.5
448,-4.7168,43.0841,18.6
449,-4.6668,43.0674,45.3
450,-4.5168,43.1341,5.9
451,-4.3501,43.1008,10.0
452,-4.2501,43.1341,3.2
453,-4.2445,43.0897,12.8
454,-4.0834,43.1174,12.4
455,-3.9334,43.0841,12.4
456,-3.75,43.1341,6.4
457,-3.9328,43.1533,2.8
458,-3.45,43.1508,23.1
459,-4.0167,42.8841,25.5
460,-3.9667,42.8508,19.5
461,-0.1665,40.7507,33.2
462,-0.1332,40.6174,35.0
463,-0.0832,40.6507,8.5
464,-0.0498,40.6007,7.0
465,0.0002,40.584,32.0
466,0.2168,40.584,21.1
467,0.3835,40.3674,16.0
468,-0.2999,40.3007,36.5
469,0.0668,40.284,21.3
470,-0.1498,39.784,20.0
471,-0.3999,40.1507,17.6
472,-0.4665,40.0507,16.6
473,0.0668,40.134,24.0
474,-0.0498,39.884,9.4
475,-0.5665,39.8007,25.6
476,-0.1998,39.7507,39.1
477,-0.1637,39.7673,35.0
478,-4.887,39.4451,14.0
479,-4.7801,39.4465,6.5
480,-4.6668,39.3673,8.2
481,-3.2167,39.4007,10.9
482,-2.9333,39.3507,13.3
483,-3.7334,39.2673,7.3
484,-3.5667,39.234,6.5
485,-3.4334,39.2673,6.5
486,-3.1833,39.3173,25.3
487,-2.8667,39.284,14.3
488,-4.1765,39.0523,11.4
489,-4.157,39.0348,56.9
490,-3.2417,39.1118,50.4
491,-3.1167,39.1173,5.3
492,-3.8334,38.834,19.5
493,-3.6536,38.9257,17.5
494,-3.3947,38.837,36.7
495,-3.2667,38.884,2.8
496,-4.0801,38.734,25.5
497,-3.8956,38.722,31.7
498,-3.4334,38.8006,52.1
499,-3.0167,38.7006,20.9
500,-2.9833,38.8173,16.6
501,-2.8667,38.7673,17.0
502,-2.7167,38.684,31.3
503,-3.6,38.634,35.0
504,-3.8903,38.5826,24.0
505,-3.4667,38.6006,20.5
506,-3.4834,38.6006,33.2
507,-3.2833,38.584,17.0
508,-3.4639,39.259,12.5
509,-3.3333,38.8173,22.5
510,-3.4084,38.8006,16.0
511,-3.0167,39.1895,13.5
512,-3.1542,39.3173,13.6
513,-5.1668,38.384,6.9
514,-4.9001,38.584,12.1
515,-4.8834,38.4006,22.9
516,-4.9334,38.3506,23.5
517,-4.807,38.4409,14.2
518,-4.8168,38.3979,6.7
519,-4.8043,38.3562,6.8
520,-4.7584,38.3812,6.3
521,-4.7376,38.3451,3.6
522,-4.6501,38.3506,7.2
523,-4.5834,38.4006,21.5
524,-4.5459,38.4534,6.0
525,-4.5904,38.409,15.6
526,-4.6001,38.3673,6.3
527,-5.3335,38.2673,5.7
528,-4.8834,38.2006,16.5
529,-4.7834,38.2506,6.6
530,-4.8168,38.2006,10.0
531,-5.3668,38.084,5.8
532,-4.9001,38.0173,12.2
533,-4.8334,38.0506,46.5
534,-4.4001,38.0506,27.0
535,-4.8501,37.9673,11.0
536,-4.8001,37.984,12.1
537,-4.8001,37.8673,27.5
538,-5.2501,37.7339,6.4
539,-5.0987,37.7784,32.3
540,-5.0765,37.8034,27.8
541,-5.0168,37.784,12.7
542,-4.9987,37.7312,16.7
543,-4.7834,37.8173,52.1
544,-4.7834,37.7673,27.7
545,-4.9334,37.5173,22.9
546,-4.6668,37.5173,52.8
547,-4.2667,37.4673,22.1
548,-4.4667,37.3673,8.6
549,-4.3667,37.3173,16.9
550,-7.9975,43.6994,24.4
551,-8.117,43.6008,20.0
552,-7.9836,43.5841,18.3
553,-7.8336,43.5675,21.9
554,-8.0503,43.4841,28.6
555,-8.8337,43.2174,9.1
556,-8.767,43.2174,1.7
557,-8.3836,43.2841,2.1
558,-8.2003,43.3008,5.5
559,-8.2072,43.3105,21.5
560,-8.1336,43.3174,9.5
561,-8.0836,43.1841,22.7
562,-7.967,43.1841,1.1
563,-8.8337,43.1341,1.5
564,-8.7337,43.1174,15.1
565,-8.6837,43.0994,12.8
566,-8.5837,43.1341,99.5
567,-8.5003,43.1174,15.3
568,-8.3503,43.0674,18.3
569,-8.1336,43.1508,16.7
570,-8.0836,43.1341,1.1
571,-8.017,43.0674,4.1
572,-8.0003,43.0841,76.0
573,-9.0837,42.8508,30.2
574,-9.0504,42.8841,1.5
575,-9.017,42.9508,2.3
576,-8.8003,42.9341,40.0
577,-8.6503,42.9841,41.2
578,-8.717,42.8841,8.5
579,-8.6837,42.8841,5.7
580,-8.567,42.9008,15.8
581,-8.4503,42.9008,78.1
582,-8.367,42.8841,16.6
583,-8.1336,42.9341,41.1
584,-8.017,42.898,25.7
585,-8.867,42.7508,24.3
586,-8.7503,42.8008,3.0
587,-8.7003,42.8174,54.7
588,-8.7837,42.7841,5.1
589,-8.7003,42.7341,4.7
590,-8.4003,42.8008,26.8
591,-8.217,43.3091,22.1
592,-2.55,40.3507,25.4
593,-2.2333,40.4674,17.5
594,-1.8666,40.4007,8.8
595,-1.8499,40.384,25.3
596,-1.9166,40.384,15.9
597,-2.8333,40.2007,39.8
598,-2.55,40.2174,19.8
599,-2.0333,40.2507,21.3
600,-1.9166,40.2507,43.0
601,-1.9166,40.2174,19.3
602,-1.8333,40.2507,26.2
603,-3.0667,40.0507,9.5
604,-2.55,40.134,37.1
605,-2.5166,40.1174,30.6
606,-2.3666,40.084,21.1
607,-2.1,40.1674,32.3
608,-2.0333,40.1674,15.1
609,-2.0333,40.1673,8.5
610,-1.9499,40.034,21.1
611,-1.8999,40.034,33.7
612,-1.6666,40.1007,10.0
613,-1.6666,40.0507,18.5
614,-2.0333,39.884,3.3
615,-1.9833,39.9674,20.1
616,-1.9833,39.9507,28.1
617,-1.9333,39.984,26.0
618,-1.9333,39.9674,16.8
619,-1.6833,39.984,21.7
620,-2.9,39.8173,21.6
621,-2.7167,39.4673,13.8
622,-2.7833,40.284,8.8
623,-2.4333,40.2007,20.4
624,-1.7963,40.4118,18.1
625,-1.7708,40.2124,25.3
626,-1.7944,40.3813,9.5
627,2.1336,42.2341,15.9
628,2.4906,42.2144,17.2
629,2.7003,42.2841,19.0
630,2.6837,42.2674,21.1
631,2.2003,42.3174,13.5
632,2.5198,42.1521,7.5
633,2.5503,42.1507,62.8
634,2.4281,41.8424,16.9
635,2.4225,41.8396,7.3
636,2.7837,41.9841,18.8
637,2.7837,41.9507,11.7
638,2.7642,41.8368,20.5
639,3.017,41.9507,18.4
640,3.0337,41.9341,10.6
641,3.1672,41.9201,16.9
642,2.7156,41.7696,5.7
643,2.7503,42.1507,23.1
644,-2.55,37.6506,40.1
645,-2.45,37.7506,39.6
646,-2.4333,37.8173,11.6
647,-3.6,37.4228,15.0
648,-3.5667,37.4006,17.8
649,-3.3,37.4006,23.5
650,-2.7667,37.4839,14.0
651,-2.7667,37.3673,16.0
652,-2.5833,37.4506,23.9
653,-3.7334,37.1673,32.7
654,-3.55,37.2506,3.2
655,-3.55,37.2673,1.3
656,-3.5167,37.2673,44.6
657,-4.1001,37.3173,4.5
658,-3.1833,37.3172,38.1
659,-3.0667,37.3173,36.3
660,-3.1833,37.2673,11.7
661,-2.8833,37.2506,3.5
662,-3.1167,37.2339,3.9
663,-3.0167,37.1839,24.7
664,-4.0834,37.1673,12.4
665,-2.8167,37.3339,15.4
666,-4.0834,37.0506,32.4
667,-4.0334,37.0839,30.5
668,-4.0334,37.0173,23.8
669,-3.9167,37.084,33.3
670,-3.4834,37.0506,24.9
671,-3.4667,37.1006,13.5
672,-3.3834,37.1006,19.5
673,-3.25,37.1506,15.0
674,-3.2833,37.0173,36.2
675,-3.0833,37.0173,7.2
676,-3.0667,37.1506,5.4
677,-3.8,36.9839,20.8
678,-3.3,36.9006,9.0
679,-3.2833,36.9839,28.2
680,-3.0833,36.9506,9.7
681,-3.15,36.8673,7.7
682,-3.05,36.8839,9.1
683,-3.5167,36.7839,9.0
684,-3.6,36.7839,4.1
685,-3.55,36.7673,9.1
686,-3.3653,36.7806,4.9
687,-3.3686,36.7609,8.1
688,-3.3661,36.7417,7.9
689,-2.575,37.634,19.1
690,-2.55,37.6339,13.7
691,-2.55,37.6339,44.4
692,-2.5499,37.6339,28.7
693,-2.5847,37.6423,34.4
694,-3.7166,37.1006,16.0
695,-3.2833,41.084,3.3
696,-3.2333,41.0507,7.4
697,-2.3666,41.034,15.2
698,-3.2722,40.8618,25.6
699,-3.1333,40.9007,22.0
700,-3.1,40.9507,22.0
701,-2.8667,40.8507,6.0
702,-2.7167,40.884,32.3
703,-3.4278,40.709,17.8
704,-3.1167,40.7674,22.8
705,-3.0833,40.7674,17.5
706,-2.9833,40.784,13.6
707,-2.9667,40.7674,33.5
708,-2.6667,40.8007,24.2
709,-1.6999,40.7507,12.3
710,-1.6499,40.8007,23.5
711,-1.5499,40.784,10.3
712,-3.3167,40.6007,8.5
713,-3.1708,40.5326,25.8
714,-3.2458,40.9146,20.5
715,-3.15,40.734,16.0
716,-3.3167,40.6007,9.0
717,-3.2917,41.059,25.8
718,-3.1,40.934,20.3
719,-1.5833,40.7757,6.0
720,-2.95,40.9507,16.6
721,-3.4167,40.7049,7.0
722,-2.8667,40.7674,29.2
723,-3.1667,40.5674,31.3
724,-3.0667,40.9924,20.0
725,-1.8333,43.3675,28.5
726,-1.7833,43.0341,15.1
727,-2.4166,43.2174,18.4
728,-2.35,43.2841,6.3
729,-2.2677,43.2107,24.8
730,-2.2002,43.3008,20.4
731,-2.15,43.2341,28.0
732,-2.0833,43.2841,21.0
733,-2.0999,43.2841,42.0
734,-2.0666,43.3008,28.0
735,-1.8994,43.2445,20.0
736,-1.7833,43.2841,17.2
737,-2.5333,43.0008,42.7
738,-2.5,43.0341,10.1
739,-2.8333,43.2675,19.1
740,-2.7,43.3175,18.6
741,-2.35,43.0841,32.2
742,-2.2166,43.1508,10.0
743,-2.25,43.0841,19.5
744,-2.2666,43.0341,17.3
745,-2.1166,43.0508,17.7
746,-2.0499,43.1341,14.5
747,-1.9333,43.1508,12.5
748,-2.4166,43.0008,32.3
749,-6.6727,38.0728,24.5
750,-6.4366,38.0092,20.8
751,-7.1169,37.9673,23.8
752,-7.0569,37.8392,39.0
753,-6.4059,36.9166,56.2
754,-6.8685,37.9459,18.7
755,-6.8685,37.9328,69.9
756,-6.7335,37.8673,21.6
757,-6.6269,37.949,18.6
758,-6.5835,37.8673,8.0
759,-6.4724,37.8837,27.6
760,-6.2002,37.9173,10.9
761,-7.1419,37.7687,30.2
762,-6.9155,37.6687,9.8
763,-6.8935,37.7164,31.5
764,-6.7155,37.7728,23.1
765,-6.7127,37.7256,5.5
766,-6.5835,37.7839,4.3
767,-6.5669,37.5751,36.0
768,-7.121,37.5751,10.1
769,-7.121,37.5895,16.7
770,-6.9169,37.5534,12.8
771,-7.0002,37.3503,13.8
772,-6.3502,37.4673,2.8
773,-6.4669,37.4006,21.2
774,-6.3724,37.3728,4.7
775,-6.9335,37.2007,22.7
776,-6.8502,37.2006,23.8
777,-6.7335,37.2006,2.4
778,-6.5835,37.1839,2.2
779,-6.4962,37.2505,2.1
780,-6.4335,37.2839,9.3
781,-6.5169,37.2173,3.2
782,-6.5002,37.2006,3.1
783,-6.8169,37.1506,3.6
784,-6.6835,37.1006,2.8
785,-6.5044,37.017,7.4
786,-6.5132,37.1012,1.8
787,-0.7332,42.8341,20.0
788,-0.7165,42.8508,25.1
789,-0.3998,42.7841,34.3
790,-0.2332,42.7841,176.3
791,-0.8499,42.6063,90.0
792,-0.8499,42.6008,17.0
793,-0.7499,42.5508,24.1
794,-0.5499,42.5508,24.3
795,-0.4665,42.5341,9.6
796,0.0168,42.6341,15.1
797,-0.0498,42.6008,16.0
798,0.6169,42.5841,35.6
799,-0.5832,42.4674,72.3
800,0.1502,42.4674,49.5
801,0.0335,42.4341,90.7
802,-0.4665,42.4508,129.7
803,0.5502,42.4841,38.8
804,-0.6999,42.4008,22.4
805,-0.6499,42.3007,46.1
806,-0.7499,42.0007,56.9
807,-0.2832,41.9466,7.8
808,-0.2832,41.941,11.2
809,-0.3498,41.9257,6.7
810,-0.2707,41.8702,1.4
811,-0.1998,41.8868,2.5
812,-0.4499,41.7507,1.5
813,0.3335,41.6007,12.3
814,-0.1832,42.6174,9.6
815,0.0668,42.6008,8.4
816,0.0168,42.5841,27.8
817,-0.1332,42.5341,15.8
818,0.3002,42.6008,8.0
819,0.2335,42.6174,22.6
820,0.3835,42.5674,30.4
821,0.3502,42.5841,16.5
822,-2.7592,38.509,15.0
823,-3.9303,38.1656,9.2
824,-2.7,38.5006,4.5
825,-2.6166,38.5006,18.3
826,-2.6,38.4006,21.6
827,-3.9042,38.3145,25.0
828,-4.2334,38.0673,17.0
829,-4.1042,38.037,11.7
830,-4.0973,38.0437,18.4
831,-4.0576,38.0356,32.3
832,-4.0142,38.0437,32.6
833,-3.9981,38.1117,15.0
834,-3.92,38.0659,7.3
835,-3.8839,38.1012,2.5
836,-3.8834,38.134,3.4
837,-3.6534,38.3251,17.1
838,-3.7667,38.0006,16.3
839,-2.9,38.0506,16.4
840,-4.0345,37.964,10.5
841,-3.8667,37.9395,22.2
842,-3.7456,37.9834,12.8
843,-3.0667,37.834,10.0
844,-2.9,37.9673,13.0
845,-3.8175,37.7645,19.4
846,-3.8167,37.7506,33.2
847,-3.85,37.734,18.2
848,-3.8167,37.7173,25.5
849,-3.0,37.8006,19.3
850,-2.9,42.3508,4.5
851,-2.1138,42.4091,9.0
852,-1.8527,42.2202,10.5
853,-2.0166,42.1174,6.6
854,-6.0502,43.0508,4.9
855,-5.0501,43.1341,28.0
856,-5.0334,43.1008,16.7
857,-4.8668,43.1174,44.3
858,-5.1501,42.7174,6.9
859,-5.6168,42.4008,16.3
860,-5.5668,42.3507,13.4
861,-5.5001,42.4008,11.8
862,-5.4668,42.4174,25.0
863,-4.9834,42.4674,20.8
864,-6.2169,42.3174,27.0
865,-6.1168,42.3007,17.4
866,-5.5668,42.2341,10.3
867,-5.4001,42.3007,33.9
868,-5.4001,42.2841,37.4
869,-5.3835,42.2674,25.1
870,-5.8168,42.1507,27.9
871,-5.6168,42.8008,24.1
872,-5.3668,42.2841,6.9
873,-5.4335,42.3841,32.5
874,-5.0334,42.6341,17.7
875,-5.4335,42.1174,11.1
876,-5.7168,42.7008,35.0
877,0.9669,42.6674,5.0
878,1.0002,42.5674,6.1
879,1.0169,42.5674,11.0
880,1.4003,42.5508,39.4
881,1.4341,41.8796,22.0
882,1.4003,41.8007,52.1
883,1.3752,41.7196,12.7
884,0.5335,41.5341,13.4
885,1.2975,41.6052,16.7
886,1.3919,41.7757,8.6
887,1.4003,41.7757,4.8
888,1.4003,41.7841,19.4
889,1.3919,41.7924,12.0
890,0.6002,41.5591,23.3
891,1.6808,42.4199,11.3
892,1.4286,42.5908,19.7
893,0.5835,41.5257,14.3
894,0.4169,41.3174,30.8
895,-7.6336,43.0008,1.3
896,-7.3336,43.5841,3.0
897,-7.2669,43.5175,27.0
898,-7.0836,43.5341,6.0
899,-7.0669,43.5341,6.0
900,-7.817,43.4008,12.0
901,-7.7503,43.3508,12.4
902,-7.4669,43.3508,6.0
903,-7.4169,43.3841,60.1
904,-7.3836,43.4675,17.9
905,-7.2669,43.4841,40.7
906,-7.0836,43.4341,20.0
907,-7.7336,43.2174,26.2
908,-7.6003,43.2674,20.6
909,-7.5336,43.2674,10.3
910,-7.5336,43.2841,12.1
911,-7.4669,43.2841,15.7
912,-7.4836,43.2674,24.1
913,-7.4336,43.2008,18.3
914,-7.5003,43.0508,19.4
915,-7.8003,43.0841,0.6
916,-7.6169,43.1508,2.5
917,-7.6003,43.1008,15.4
918,-7.4669,43.1508,11.1
919,-7.4836,43.1174,16.3
920,-7.4669,43.1174,15.3
921,-7.5003,43.0841,0.6
922,-7.0669,43.1341,26.7
923,-7.817,42.8841,23.6
924,-7.7336,42.9008,4.6
925,-7.5003,42.8841,11.8
926,-7.1669,42.8841,14.6
927,-7.7003,42.8174,13.0
928,-7.4336,42.8008,32.0
929,-7.4003,42.7841,72.3
930,-7.5003,42.7008,12.3
931,-7.7669,42.5841,20.5
932,-7.4669,42.5841,22.9
933,-7.2336,42.5674,11.0
934,-7.5169,42.4841,61.1
935,-7.123,42.6658,10.1
936,-7.4725,43.4302,6.2
937,-7.3669,43.4341,20.6
938,-3.6153,41.1174,1.1
939,-3.4834,41.084,23.3
940,-3.8667,40.884,10.0
941,-3.7,40.9674,9.0
942,-3.75,40.834,10.0
943,-3.7,40.8674,8.5
944,-3.6667,40.884,5.5
945,-3.55,40.9174,5.5
946,-3.5,40.8507,11.0
947,-4.1334,40.7146,29.0
948,-4.0834,40.7507,29.0
949,-3.9834,40.734,10.3
950,-3.9505,40.8629,13.8
951,-3.8,40.834,33.0
952,-3.7667,40.734,12.0
953,-3.65,40.784,10.5
954,-4.1497,40.5679,28.5
955,-4.0667,40.6507,25.3
956,-3.9667,40.584,10.8
957,-3.85,40.634,12.0
958,-3.9001,40.6174,16.2
959,-3.7334,40.5507,17.5
960,-3.6667,40.5507,5.4
961,-3.6167,40.5507,13.9
962,-3.45,40.6174,30.5
963,-3.3,40.5674,18.8
964,-3.2667,40.5174,19.6
965,-4.3334,40.3674,9.0
966,-4.0334,40.4007,15.9
967,-3.6667,40.3507,37.0
968,-3.5334,40.4174,21.5
969,-4.4668,40.284,12.2
970,-4.0667,40.3174,15.0
971,-3.6,40.3174,24.7
972,-3.3667,40.284,16.4
973,-3.4,40.2507,16.7
974,-3.35,40.184,27.0
975,-3.5834,40.1174,12.9
976,-3.3,40.1007,21.1
977,-3.25,40.1507,34.5
978,-3.7667,39.934,8.2
979,-3.7834,39.934,8.3
980,-3.6,40.7507,28.5
981,-3.6167,40.834,29.5
982,-3.6334,40.8507,19.8
983,-3.7167,40.9674,11.5
984,-3.6167,41.1174,13.8
985,-3.8334,40.834,22.5
986,-4.2001,40.5674,29.5
987,-4.2167,40.5007,23.0
988,-3.75,40.7174,8.5
989,-4.6501,37.1006,15.8
990,-4.6501,37.0006,19.3
991,-4.6168,37.0839,9.7
992,-4.7668,36.8506,20.0
993,-4.7501,36.8339,12.0
994,-4.5134,36.9653,36.1
995,-4.4506,36.9839,30.8
996,-4.4504,36.9839,32.4
997,-4.6234,36.72,31.8
998,-4.5906,36.7634,28.0
999,-4.6987,36.6945,13.8
1000,-4.6584,36.7089,30.0
1001,-4.5923,36.6867,8.0
1002,-4.3667,36.7673,17.8
1003,-4.2667,36.8173,14.6
1004,-3.9834,36.8173,7.3
1005,-4.8501,36.5173,4.1
1006,-4.7668,36.5673,57.5
1007,-4.6606,36.6934,36.9
1008,-4.6254,36.7495,22.8
1009,-4.5695,36.6887,28.6
1010,-4.5426,36.9559,21.8
1011,-4.5498,36.9517,36.9
1012,-4.5568,36.9539,33.9
1013,-1.2999,38.584,58.5
1014,-1.4894,38.3523,14.4
1015,-1.3407,38.3415,7.8
1016,-1.7874,38.3109,8.2
1017,-1.8233,38.2301,9.4
1018,-1.8347,38.2031,16.2
1019,-1.5494,38.209,18.2
1020,-1.4832,38.3006,17.5
1021,-1.4999,38.234,9.4
1022,-1.2999,38.3006,11.9
1023,-1.2832,38.2506,5.9
1024,-0.8666,37.7006,8.0
1025,-1.051,38.3254,18.5
1026,-2.2833,38.0173,19.6
1027,-1.9666,38.2673,16.3
1028,-1.7999,38.0173,17.5
1029,-1.4663,38.1359,20.5
1030,-1.4232,38.0723,11.1
1031,-0.8332,37.6839,10.6
1032,-1.1332,38.1006,10.1
1033,-2.1119,37.982,18.1
1034,-1.5499,37.9006,14.6
1035,-1.4666,37.984,22.9
1036,-1.4166,37.9673,10.2
1037,-1.3666,37.934,8.2
1038,-1.0666,37.8673,6.4
1039,-1.1499,37.9506,11.8
1040,-0.7999,37.8506,15.0
1041,-1.9666,37.784,7.2
1042,-1.8166,37.7673,23.6
1043,-1.6999,37.7173,12.6
1044,-1.6499,37.7673,20.9
1045,-1.5333,37.7006,16.0
1046,-1.6249,37.4839,7.1
1047,-1.2827,37.6659,12.2
1048,-1.0735,37.7692,11.5
1049,-1.0832,37.6839,7.2
1050,-1.0166,37.6839,17.3
1051,-0.9166,37.7506,10.0
1052,-0.9332,37.834,13.8
1053,-0.8166,37.6506,11.9
1054,-1.7999,37.6673,20.7
1055,-1.7666,37.6006,14.4
1056,-1.7699,37.6403,10.4
1057,-1.6999,37.6339,13.9
1058,-1.6916,37.5839,13.5
1059,-1.4332,37.6006,13.3
1060,-1.1832,37.6506,15.2
1061,-1.4269,37.5226,7.1
1062,-1.3702,37.5506,9.2
1063,-1.0749,37.6645,5.6
1064,-0.8832,37.6506,14.0
1065,-0.7332,37.6339,24.6
1066,-2.0666,38.0006,14.8
1067,-1.7035,43.2155,16.4
1068,-1.8666,43.1841,18.9
1069,-1.5746,43.1719,28.0
1070,-1.481,43.2452,22.1
1071,-1.8638,43.0961,13.7
1072,-1.6194,43.073,29.0
1073,-1.461,43.1208,26.5
1074,-2.0608,42.8688,20.5
1075,-1.9666,42.9841,25.2
1076,-1.878,42.9749,20.5
1077,-1.8249,42.8685,19.4
1078,-1.6019,42.9911,11.8
1079,-1.281,42.9397,15.3
1080,-1.3466,42.9783,11.7
1081,-1.126,42.9572,14.1
1082,-1.081,42.9083,19.8
1083,-1.0946,42.8658,20.5
1084,-0.8252,42.8741,8.4
1085,-2.17,42.8341,24.6
1086,-1.8619,42.7841,8.3
1087,-1.6671,42.8135,20.4
1088,-1.7141,42.7327,27.5
1089,-1.5555,42.7508,22.1
1090,-1.4916,42.8327,15.0
1091,-1.3824,42.7655,29.0
1092,-1.186,42.7041,29.5
1093,-0.8604,42.8124,14.0
1094,-1.0866,42.6785,14.5
1095,-0.9938,42.7035,16.3
1096,-2.0041,42.6563,11.0
1097,-1.6305,42.6063,12.2
1098,-1.4068,42.6299,16.2
1099,-1.3638,42.628,8.4
1100,-1.2105,42.6166,26.9
1101,-2.35,42.4841,7.2
1102,-1.4944,42.3299,15.4
1103,-2.35,42.0674,10.2
1104,-2.0333,42.4077,31.6
1105,-1.4999,42.2507,28.0
1106,-1.7958,42.3874,23.5
1107,-1.7666,43.0091,13.8
1108,-2.2,42.8674,21.2
1109,-2.175,42.8591,0.6
1110,-1.6333,42.7841,15.3
1111,-1.6333,42.6508,14.8
1112,-1.3332,42.6841,15.3
1113,-8.067,42.4507,16.8
1114,-7.2933,42.3563,22.0
1115,-7.1336,42.4008,20.0
1116,-6.9669,42.4008,54.7
1117,-6.9836,42.3507,18.7
1118,-7.7336,42.3341,14.9
1119,-7.6003,42.3174,8.9
1120,-7.6503,42.2341,30.4
1121,-7.4836,42.3341,12.0
1122,-7.5003,42.3007,19.4
1123,-7.3628,42.1924,15.1
1124,-7.2669,42.2341,37.8
1125,-7.0336,42.2341,28.5
1126,-8.067,42.1341,36.3
1127,-7.8169,42.0841,25.5
1128,-7.7503,42.0674,9.9
1129,-7.4503,42.0507,54.3
1130,-7.3044,42.1174,25.1
1131,-6.9836,42.0507,23.7
1132,-8.1003,41.9507,30.8
1133,-6.8927,42.4633,36.7
1134,-4.4334,43.0008,25.6
1135,-4.7668,42.6341,13.1
1136,-4.7501,42.5674,20.8
1137,-4.7183,42.0674,17.9
1138,-4.7001,42.1007,20.6
1139,-4.6334,42.0341,11.7
1140,-4.6334,42.0674,33.5
1141,-8.717,42.6771,34.2
1142,-8.567,42.6841,30.7
1143,-8.317,42.7508,44.4
1144,-8.1003,42.7174,38.1
1145,-8.0336,42.7508,13.0
1146,-8.7003,42.6508,22.0
1147,-8.6871,42.6548,22.8
1148,-8.6861,42.6548,51.5
1149,-8.6359,42.6257,17.3
1150,-8.6503,42.5674,30.8
1151,-8.5503,42.5341,51.7
1152,-8.3503,42.5674,53.5
1153,-8.3503,42.6174,3.2
1154,-8.117,42.6508,11.7
1155,-8.167,42.6008,30.1
1156,-7.9336,42.6341,20.1
1157,-8.767,42.5007,89.2
1158,-8.6503,42.4674,12.7
1159,-8.5003,42.3841,13.7
1160,-8.5503,42.2344,46.1
1161,-8.5519,42.234,6.8
1162,-8.417,42.3174,5.1
1163,-8.2836,42.3096,3.0
1164,-8.317,42.2785,15.3
1165,-8.3003,42.2341,16.8
1166,-8.6337,42.1341,54.8
1167,-6.4169,41.0007,16.2
1168,-5.5835,41.0674,3.6
1169,-5.5001,41.1007,29.8
1170,-5.2335,41.0507,7.8
1171,-5.2168,41.1007,20.1
1172,-6.7502,40.9674,8.9
1173,-5.9668,40.884,5.0
1174,-5.8835,40.934,9.0
1175,-5.8168,40.9507,17.5
1176,-5.7668,40.884,25.0
1177,-5.3835,40.9674,5.4
1178,-5.3501,40.934,20.0
1179,-5.2668,40.9007,3.6
1180,-6.1835,40.684,10.5
1181,-6.1168,40.7007,16.9
1182,-5.6668,40.7007,11.9
1183,-5.6001,40.7007,37.8
1184,-5.6001,40.6674,27.8
1185,-5.3668,40.7674,9.7
1186,-6.2669,40.6174,18.4
1187,-6.3835,40.534,6.8
1188,-6.2669,40.5674,18.2
1189,-6.3335,40.534,28.0
1190,-6.2002,40.5674,10.9
1191,-6.1835,40.6507,12.7
1192,-6.1335,40.584,8.3
1193,-6.1571,40.516,12.7
1194,-6.6002,40.4174,5.0
1195,-5.8002,40.3674,21.1
1196,-5.7668,40.3507,14.5
1197,-5.7502,40.3674,14.4
1198,-6.1335,40.5507,5.1
1199,-6.1335,40.6174,10.9
1200,-5.7168,40.3507,17.1
1201,-6.7168,40.2844,6.7
1202,-6.7335,40.284,33.1
1203,-6.053,40.5535,21.1
1204,-6.3335,40.4507,11.0
1205,-6.1339,40.5842,6.0
1206,-5.2835,40.834,9.7
1207,-5.2168,40.9007,20.0
1208,-5.5668,41.084,28.8
1209,-5.2335,41.084,44.8
1210,-5.3335,41.0674,6.4
1211,-5.5168,41.1507,36.0
1212,-3.7834,41.5174,27.5
1213,-4.3001,41.3841,24.5
1214,-3.5834,41.4841,8.3
1215,-3.4667,41.3507,14.5
1216,-3.3333,41.3674,15.4
1217,-3.5834,41.3174,15.4
1218,-3.5667,41.284,17.2
1219,-3.5,41.284,16.1
1220,-3.45,41.2674,8.7
1221,-3.4834,41.234,6.5
1222,-4.4001,41.1007,9.6
1223,-4.1167,41.1174,13.4
1224,-3.8334,41.0674,39.0
1225,-3.8167,41.1174,32.4
1226,-4.0167,40.8676,9.5
1227,-3.9667,40.884,21.4
1228,-4.0167,40.809,14.0
1229,-3.6834,41.1257,27.1
1230,-6.0502,37.884,17.5
1231,-5.9835,37.9673,4.5
1232,-5.6835,37.984,7.5
1233,-5.7001,37.934,13.6
1234,-5.6501,37.884,14.5
1235,-5.5835,37.8506,11.9
1236,-6.4544,37.7034,21.9
1237,-6.3835,37.7089,6.9
1238,-6.2668,37.7173,8.7
1239,-6.1502,37.7338,12.2
1240,-6.1501,37.7339,8.9
1241,-6.1502,37.734,17.5
1242,-5.821,37.7006,10.0
1243,-5.3668,37.7673,12.0
1244,-5.8043,37.6673,50.9
1245,-5.1001,37.5173,11.0
1246,-6.1835,37.3839,31.5
1247,-5.9668,37.4839,19.4
1248,-5.9168,37.4173,21.6
1249,-5.8335,37.3506,14.7
1250,-5.4835,37.4839,15.0
1251,-5.3668,37.4839,25.6
1252,-5.3168,37.4339,18.7
1253,-5.3668,37.3506,59.9
1254,-5.2168,37.4673,13.1
1255,-6.3168,37.2339,60.8
1256,-6.2002,37.2506,2.2
1257,-6.1002,37.2839,5.8
1258,-5.5168,37.2673,20.4
1259,-5.3668,37.1006,8.4
1260,-2.9833,41.8674,6.8
1261,-2.7333,41.7841,24.7
1262,-2.7,41.7841,31.2
1263,-2.75,41.7507,20.6
1264,-2.75,41.7007,20.3
1265,-2.5333,41.7007,22.7
1266,-2.5,41.7174,6.8
1267,-2.45,41.8174,68.3
1268,-2.9333,41.6507,3.9
1269,-2.9833,41.5507,3.4
1270,-2.5444,41.5674,11.6
1271,-2.55,41.5174,4.6
1272,-2.525,41.5841,8.5
1273,-3.5,41.5674,17.7
1274,-3.4,41.6174,24.1
1275,-3.0,41.6007,19.0
1276,-2.7833,41.7257,15.6
1277,-2.6667,41.8174,7.4
1278,-2.7167,41.8174,10.6
1279,1.0336,41.3841,2.5
1280,1.2502,41.384,15.4
1281,0.9961,41.3327,5.5
1282,0.9836,41.309,15.1
1283,0.5669,41.1174,10.5
1284,0.6335,41.0507,15.2
1285,0.6002,40.7451,11.9
1286,0.6335,40.7507,15.8
1287,0.6669,40.784,19.6
1288,0.6002,40.7674,15.4
1289,0.5335,40.7674,16.0
1290,0.8335,40.7174,2.2
1291,0.6835,40.7007,23.5
1292,0.4502,40.6007,6.6
1293,1.2041,41.3799,1.9
1294,1.1847,41.3904,15.3
1295,-0.5665,40.984,21.0
1296,-0.7704,40.8149,8.8
1297,-0.7796,40.7971,20.4
1298,-0.7035,40.7674,6.2
1299,-0.0998,40.8007,23.6
1300,-0.2998,40.5174,40.7
1301,-1.5666,40.484,69.0
1302,-1.5499,40.634,47.5
1303,-1.6833,40.5674,68.0
1304,-1.4332,40.284,17.2
1305,-1.3666,40.3345,18.0
1306,-1.4166,40.2007,11.8
1307,-0.7499,40.284,12.0
1308,-0.7165,40.2674,3.0
1309,-0.4665,40.3007,50.0
1310,-0.2998,40.7174,22.0
1311,-0.7688,40.8026,18.4
1312,-0.7765,40.8015,19.0
1313,-0.7785,40.8076,12.8
1314,-0.7821,40.8046,11.0
1315,-0.7838,40.8026,14.9
1316,-0.7868,40.8013,5.7
1317,-0.7777,40.7888,6.9
1318,-0.7079,40.7693,10.2
1319,-4.7668,40.2632,26.5
1320,-3.85,40.0674,13.3
1321,-3.8334,40.034,23.0
1322,-3.8,40.0507,22.0
1323,-3.8,40.0174,22.5
1324,-4.3334,39.834,27.0
1325,-4.0167,39.884,16.5
1326,-3.5667,39.984,14.5
1327,-3.7167,39.9174,30.0
1328,-3.6334,39.8507,34.6
1329,-3.4667,39.9507,55.8
1330,-3.3167,39.934,18.4
1331,-3.4834,39.884,11.0
1332,-3.2833,39.884,19.3
1333,-3.55,39.8173,14.0
1334,-3.7167,39.7673,17.0
1335,-3.7334,39.7007,15.2
1336,-3.3667,39.784,16.7
1337,-3.25,39.734,28.2
1338,-3.4167,39.6673,12.4
1339,-3.1167,39.784,23.0
1340,-3.4167,39.6507,19.3
1341,-4.6356,39.484,26.3
1342,-3.7667,39.3201,10.2
1343,-3.6834,39.684,6.5
1344,-3.7167,39.684,14.5
1345,-3.2167,39.7507,21.0
1346,-3.3667,39.8507,18.1
1347,-3.4334,39.634,12.6
1348,-4.9501,39.7507,12.8
1349,-1.4499,40.134,6.0
1350,-0.9332,39.8507,38.1
1351,-1.2499,39.734,50.7
1352,-1.1332,39.684,32.2
1353,-1.0999,39.7507,19.5
1354,-1.0832,39.734,38.4
1355,-1.1832,39.8173,33.9
1356,-0.9332,39.7507,6.4
1357,-0.9666,39.684,6.0
1358,-0.8499,39.8173,24.4
1359,-0.6665,39.8173,41.8
1360,-0.7165,39.7007,31.8
1361,-0.6999,39.784,6.7
1362,-0.4832,39.7007,16.8
1363,-0.2498,39.7173,23.9
1364,-0.1998,39.7007,16.1
1365,-1.2166,39.534,15.6
1366,-1.1332,39.484,8.0
1367,-1.1666,39.6673,14.3
1368,-0.9499,39.5507,44.8
1369,-0.7999,39.6507,9.7
1370,-0.8666,39.5173,13.6
1371,-0.6999,39.534,40.2
1372,-0.5999,39.7007,11.6
1373,-0.5832,39.5673,12.9
1374,-0.4332,39.584,17.6
1375,-0.4332,39.5673,15.2
1376,-0.3165,39.6334,41.6
1377,-0.3165,39.6007,28.7
1378,-0.2832,39.584,10.1
1379,-1.0999,39.4007,34.8
1380,-1.0416,39.3882,16.3
1381,-0.5499,38.8173,4.1
1382,-0.5999,39.384,30.4
1383,-0.5332,39.484,19.8
1384,-0.4332,39.4507,23.0
1385,-0.5165,38.7506,1.3
1386,-0.3165,39.184,24.0
1387,-1.2166,39.0673,6.1
1388,-1.1999,39.0673,39.8
1389,-1.0666,39.1007,41.5
1390,-0.2524,39.1015,23.9
1391,-0.6832,38.984,12.9
1392,-0.5665,38.8506,6.4
1393,-0.1998,38.884,19.4
1394,-0.0332,38.8673,8.2
1395,-0.0665,38.884,4.0
1396,-0.8499,38.834,29.1
1397,-0.6665,38.8006,12.8
1398,-5.1501,42.1841,12.3
1399,-5.2501,42.1674,11.2
1400,-4.9834,42.0174,22.0
1401,-5.2335,41.9841,29.4
1402,-5.3001,41.9007,8.7
1403,-4.9668,41.9174,14.9
1404,-4.8501,41.8841,30.9
1405,-5.3335,41.7841,30.6
1406,-5.2168,41.7507,23.0
1407,-5.1335,41.8174,23.2
1408,-4.6834,41.8007,41.5
1409,-4.6334,41.8174,34.1
1410,-4.6168,41.8007,43.4
1411,-4.6334,41.7507,18.5
1412,-4.6001,41.7507,22.0
1413,-4.3167,41.7507,49.6
1414,-4.1501,41.7841,73.3
1415,-4.1334,41.7341,30.0
1416,-4.1001,41.7174,36.5
1417,-5.1168,41.5341,35.6
1418,-4.9834,41.5507,10.8
1419,-4.9668,41.5174,15.7
1420,-4.7001,41.5341,41.0
1421,-4.5001,41.6341,3.3
1422,-4.5001,41.5841,45.3
1423,-4.4501,41.6007,14.1
1424,-4.4668,41.5674,12.6
1425,-4.3667,41.6174,2.8
1426,-4.2834,41.6341,41.8
1427,-4.2501,41.6507,3.0
1428,-4.2001,41.5674,3.0
1429,-4.1667,41.5341,40.5
1430,-5.2168,41.3507,12.5
1431,-5.1835,41.4007,13.6
1432,-5.0334,41.3674,3.6
1433,-4.8501,41.4507,14.9
1434,-4.5334,41.3674,3.6
1435,-4.3501,41.4841,33.9
1436,-5.2835,41.234,15.6
1437,-5.1168,41.2174,4.5
1438,-5.0501,41.234,26.7
1439,-4.9334,41.2507,9.7
1440,-4.9334,41.3007,18.5
1441,-4.8668,41.3174,8.5
1442,-4.7168,41.2674,2.1
1443,-4.5334,41.5507,3.1
1444,-4.8668,41.4674,3.5
1445,-5.2166,41.3173,3.6
1446,-4.9168,41.4174,22.5
1447,-4.9501,41.2007,12.8
1448,-4.7001,41.5507,26.4
1449,-5.0501,41.2674,23.4
1450,-5.1166,41.2174,11.1
1451,-4.6857,41.284,2.8
1452,-2.82,43.4227,27.9
1453,-2.8,43.3841,17.8
1454,-2.7167,43.3841,18.3
1455,-2.6333,43.3508,17.7
1456,-3.3167,43.2341,16.6
1457,-3.2,43.2008,9.4
1458,-3.1833,43.2341,22.0
1459,-3.1861,43.2027,9.4
1460,-3.1167,43.2008,16.8
1461,-3.0583,43.1911,36.4
1462,-2.8667,43.2841,24.7
1463,-2.8944,43.2891,26.4
1464,-2.8667,43.2508,31.1
1465,-2.8167,43.2675,15.4
1466,-2.8055,43.3077,36.4
1467,-2.7833,43.2174,17.8
1468,-2.7,43.3175,15.3
1469,-2.7,43.3008,34.2
1470,-2.6333,43.2008,30.9
1471,-2.65,43.1841,8.4
1472,-2.5034,43.2675,59.5
1473,-2.9333,43.1174,15.9
1474,-2.8833,43.0841,17.1
1475,-2.8167,43.1008,6.4
1476,-2.75,43.1508,16.7
1477,-2.6333,43.1508,20.3
1478,-2.6667,43.1008,18.2
1479,-2.7167,43.0674,38.2
1480,-2.5,43.1174,12.0
1481,-3.0,42.9841,24.1
1482,-2.9,43.3841,29.3
1483,-2.6166,43.1174,42.3
1484,-6.7502,42.1507,16.7
1485,-6.6835,42.1507,23.0
1486,-6.3502,42.0341,8.2
1487,-5.6168,42.0841,19.3
1488,-5.6168,42.0202,27.6
1489,-5.7002,41.8841,30.8
1490,-5.6335,41.9674,15.3
1491,-6.5335,41.7841,3.0
1492,-6.5002,41.7174,3.4
1493,-6.4335,41.7841,7.1
1494,-6.0835,41.8174,9.1
1495,-5.8168,41.7507,24.6
1496,-5.9668,41.7841,25.4
1497,-5.6668,41.8007,13.6
1498,-5.3335,41.5674,10.2
1499,-6.1502,41.4007,3.3
1500,-5.6668,41.4674,8.6
1501,-5.5168,41.4174,41.4
1502,-5.4335,41.3674,4.0
1503,-5.4668,41.3174,19.9
1504,-6.5002,41.7507,15.5
1505,-6.5169,41.7341,14.7
1506,-5.3835,41.234,10.3
1507,-5.4168,41.3674,9.1
1508,-1.0166,42.6174,6.4
1509,-1.2499,42.1174,15.4
1510,-1.1166,42.1174,13.2
1511,-1.7499,41.9174,3.3
1512,-1.7333,41.9507,23.3
1513,-1.6999,41.9007,15.8
1514,-1.6833,41.9007,9.9
1515,-1.7499,41.8841,9.2
1516,-1.6999,41.8716,11.0
1517,-0.5499,41.8007,18.1
1518,-0.5332,41.7507,2.6
1519,-1.6999,41.6341,2.5
1520,-1.3499,41.3674,4.8
1521,-6.1668,36.9673,18.99
1522,-6.0168,36.9339,25.45
1523,-5.9335,36.9839,20.0
1524,-2.5501,37.7366,13.7
1525,-3.8667,40.7507,17.99
1526,-3.8667,40.784,62.25
1527,-3.9001,40.784,71.86
1528,-3.85,40.734,19.96
1529,-3.8653,40.734,56.77
1530,-3.8667,40.7342,48.62
1531,-5.3506,36.7505,37.89
1532,-5.3503,36.7505,11.8
1533,-5.3501,36.7507,40.8
1534,-5.4169,36.767,27.76
1535,-5.4168,36.7673,54.3
1536,-5.4168,36.7673,42.35
1537,-5.3495,36.7499,64.9
1538,-5.3502,36.7516,28.14
1539,-5.3668,36.7506,19.48
1540,-5.3501,36.7506,29.52
1541,-5.3497,36.7508,34.44
1542,-5.3501,36.7506,40.34
1543,-0.6999,38.1006,6.87
1544,-0.6999,38.1006,11.87
1545,-0.8332,39.8507,41.85
1546,1.999,41.3332,40.62
1547,0.1668,41.3174,90.3
1548,0.0502,41.3674,53.7
1549,0.0502,41.3007,61.59
1550,0.0835,41.3841,70.6
1551,0.0172,41.3508,25.88
1552,0.0168,41.3509,19.37
1553,1.7336,41.484,13.35
1554,-1.5833,37.5673,4.5
1555,-1.2828,37.6004,2.4
1556,-1.2999,37.6005,12.4
1557,-1.3001,37.6008,27.6
1558,-1.3499,37.5673,4.5
1559,-1.2832,37.5969,11.1
1560,-1.2666,37.6339,16.8
1561,-1.2914,37.5974,11.1
1562,-1.2825,37.5982,15.6
1563,-1.5499,37.6006,11.7
1564,-1.3499,37.5999,15.1
1565,-1.2833,37.5999,11.7
1566,-2.0166,38.1506,25.2
1567,-1.9999,38.1673,35.9
1568,-1.9333,38.184,8.8
1569,-1.9499,38.184,20.5
1570,-1.8999,38.1006,27.5
1571,-1.8999,38.1506,34.1
1572,-2.0833,38.0173,24.1
1573,-1.8521,38.1005,16.0
1574,-1.8833,38.1173,22.4
1575,-1.7333,37.6674,21.0
1576,-1.6833,37.5839,11.2
1577,-1.6529,37.7173,8.2
1578,-1.5666,37.4839,16.2
1579,-1.6333,37.734,9.3
1580,-1.6501,37.7075,7.5
1581,-1.7331,37.6673,7.6
1582,-1.5499,37.6339,10.8
1583,-1.7999,37.5506,15.4
1584,-1.6499,37.6506,4.4
1585,-1.5999,37.5506,27.3
1586,-1.6666,37.6339,5.6
1587,-1.7333,37.6506,5.8
1588,-0.3999,38.4673,24.8
1589,-0.3757,38.5028,16.31
1590,-0.7499,38.484,1.5
1591,-0.7499,38.6173,2.2
1592,-0.6603,38.6002,6.6
1593,-0.7332,38.484,19.2
1594,-0.6844,38.5646,10.1
1595,-0.5665,38.534,16.7
1596,-0.6499,38.584,17.2
1597,-0.7614,38.6975,27.1
1598,-0.7165,38.534,17.6
1599,-0.7165,38.6673,25.2
1600,-0.6499,38.7173,28.0
1601,-0.5499,38.5506,76.0
1602,-0.6646,38.5521,40.7
1603,-0.6665,38.7006,19.7
1604,-0.7165,38.4673,19.1
1605,-0.6832,38.634,13.5
1606,1.5003,42.0007,16.0
1607,1.4997,41.9998,30.3
1608,1.5002,42.0006,17.4
1609,1.5001,42.0002,73.8
1610,1.5002,42.0173,30.1
1611,1.5001,42.0176,14.5
1612,1.5003,42.0341,47.0
1613,1.5001,42.0172,15.7
1614,1.5003,42.0341,11.0
1615,-5.5835,40.0008,16.7
1616,-5.5834,40.0007,29.1
1617,-5.4001,40.4507,21.3
1618,2.0017,41.3353,24.16
1619,1.9928,41.326,34.99
1620,2.0015,41.3188,15.73
1621,1.9894,41.2749,20.92
1622,1.9926,41.3235,23.63
1623,2.0003,41.3174,20.2
1624,1.9982,41.3198,20.92
1625,1.9974,41.3185,23.63
1626,1.9919,41.3238,24.16
1627,2.0027,41.3246,16.82
1628,1.9982,41.3175,23.78
1629,2.0003,41.3174,26.51
1630,2.0,41.32,14.68
1631,1.9927,41.3187,24.99
1632,2.0003,41.3174,12.25
1633,2.0009,41.3176,32.88
1634,2.0013,41.3194,30.6
1635,2.0006,41.3219,19.9
1636,2.0005,41.3199,13.31
1637,0.0166,41.3507,30.41
1638,0.0168,41.3341,15.21
1639,0.0153,41.3341,40.86
1640,0.0167,41.334,57.4
1641,0.0166,41.3337,22.43
1642,0.0162,41.3341,40.1
1643,1.9926,41.3336,34.3
1644,0.0167,41.3507,34.4
1645,0.0169,41.351,14.83
1646,2.0019,41.338,7.42
1647,2.0004,41.3341,23.76
1648,2.0004,41.333,12.26
1649,1.9992,41.3348,26.99
1650,2.0004,41.3347,42.96
1651,2.0006,41.3333,46.94
1652,1.9827,41.3352,16.06
1653,2.0003,41.3349,25.94
1654,0.0169,41.334,15.87
1655,1.9985,41.3371,22.24
1656,1.9992,41.3341,29.36
1657,1.9939,41.333,40.62
1658,1.9986,41.3342,53.7
1659,1.9994,41.333,25.88
1660,-0.1257,42.637,21.9
1661,-0.1312,42.6184,16.7
1662,-0.1331,42.6188,9.7
1663,-0.13,42.6194,14.3
1664,-0.1335,42.6183,15.6
1665,-0.1314,42.6179,10.6
1666,-0.1281,42.6218,13.1
1667,-0.1337,42.6175,11.8
1668,-0.1349,42.6181,13.6
1669,-0.1333,42.6174,14.9
1670,-0.1291,42.6177,14.3
1671,-0.133,42.6171,15.9
1672,-0.133,42.6171,8.7
1673,-0.1346,42.6194,16.6
1674,-0.1354,42.6175,12.6
1675,-0.1307,42.6188,20.8
1676,-0.1271,42.619,37.2
1677,-0.1302,42.6197,17.1
1678,-0.1323,42.6203,8.6
1679,-0.1325,42.6202,11.5
1680,-0.1245,42.6181,11.4
1681,-0.1324,42.6181,8.3
1682,-0.1298,42.6255,15.6
1683,-0.1315,42.6197,10.7
1684,-0.1326,42.6183,12.2
1685,-0.1282,42.6182,19.7
1686,-0.1301,42.6191,11.8
1687,-0.1309,42.6306,17.5
1688,-0.1328,42.6201,11.8
1689,-0.1204,42.621,18.0
1690,-0.1256,42.6172,30.5
1691,-0.1266,42.6144,16.9
1692,-0.1206,42.618,9.5
1693,-0.1195,42.6172,14.9
1694,-0.1329,42.6221,7.7
1695,-0.1137,42.617,25.0
1696,-0.1129,42.6207,17.7
1697,-0.1213,42.6176,12.2
1698,-0.1318,42.6192,16.2
1699,-2.3333,42.0674,41.42
1700,-6.9169,42.7841,13.69
1701,-6.9169,42.7841,10.89
1702,-6.9169,42.7841,8.59
1703,-4.1501,40.5665,29.99
1704,-4.1513,40.5674,37.1
1705,-4.1501,40.584,36.58
1706,-4.1167,40.7007,51.0
1707,-5.7501,37.834,8.6
1708,-2.1666,42.8341,22.8
1709,-2.1666,42.8508,4.44
1710,-2.1666,42.8508,2.8
1711,-6.1835,40.5507,19.6
1712,-6.1168,40.5674,11.6
1713,-6.4502,40.4674,10.0
1714,-8.267,42.7008,38.1
1715,-3.8667,40.9007,20.21
1716,-3.75,40.6507,15.47
1717,-4.0167,39.8507,20.03
1718,-3.6667,38.834,20.47
1719,-5.3835,39.3673,15.68
1720,-5.3834,39.3673,15.04
1721,-5.7168,40.1175,14.97
1722,-5.7168,40.1174,19.55
1723,-2.5512,37.7506,13.7
1724,-2.7333,37.5506,43.5
1725,-2.5645,37.5833,74.4
1726,-2.5704,37.584,40.0
1727,-2.5666,37.5839,37.2
1728,-2.5666,37.584,16.1
1729,-2.5662,37.5841,18.4
1730,-2.7,37.6006,12.7
1731,-3.7167,37.1005,9.4
1732,-3.718,37.0997,20.0
1733,-3.9167,37.0839,21.7
1734,-3.6,39.8673,30.08
1735,-3.4667,39.7673,16.0
1736,-1.9499,43.0008,44.54
1737,-2.0666,42.8175,53.03
1738,-2.3833,37.6173,26.03
1739,-2.2333,37.6506,19.52
1740,-2.3833,37.5506,12.07
1741,-2.4498,37.6006,21.42
1742,-2.4506,37.6006,32.6
1743,-2.45,37.5999,31.52
1744,-1.8666,37.0506,12.12
1745,-1.83,37.3808,5.88
1746,-1.8166,37.3006,23.17
1747,-1.8275,37.0504,16.16
1748,-1.8162,37.1673,6.06
1749,-1.8333,37.1339,4.04
1750,-1.8499,37.1339,6.06
1751,-1.8999,37.1673,7.04
1752,-1.7666,37.3173,12.18
1753,-1.816,37.1673,4.02
1754,-1.8333,37.1506,4.04
1755,-1.8499,37.1173,8.08
1756,-1.8333,37.1839,20.16
1757,-1.8333,37.2006,5.88
1758,-1.8999,37.0506,4.4
1759,-2.2166,36.7673,9.36
1760,-2.2,36.8173,4.68
1761,-2.05,36.8173,21.2
1762,-2.1,36.8173,17.16
1763,-2.1166,36.7839,32.76
1764,-2.233,36.7854,0.96
1765,-2.2189,36.7643,8.32
1766,-2.2166,36.7673,19.24
1767,-2.1189,37.3665,16.8
1768,-1.8999,37.4839,18.9
1769,-2.0666,37.4673,8.5
1770,-2.3666,37.0506,12.3
1771,-1.8666,37.4673,24.1
1772,-2.1166,37.3673,14.6
1773,-2.1,37.684,18.7
1774,-2.1361,37.5039,12.5
1775,-1.8502,38.1017,12.1
1776,-2.5666,37.4839,14.3
1777,-1.7002,37.6675,9.4
1778,-2.45,37.7003,13.34
1779,-2.45,37.7006,13.62
1780,-2.4553,37.7007,16.71
1781,-2.8833,37.3173,5.88
1782,-2.8667,37.2839,6.93
1783,-3.1333,37.3009,11.2
1784,-2.8333,37.2839,11.6
1785,-2.8333,37.2838,5.99
1786,-3.1167,37.2839,8.6
1787,-2.9833,37.3173,8.5
1788,-2.95,37.3339,8.3
1789,-2.9667,37.2673,5.04
1790,-2.8834,37.2504,3.92
1791,-2.9992,37.1673,4.41
1792,-3.15,37.3006,4.41
1793,-3.1831,37.3173,6.62
1794,-2.8667,37.2173,2.8
1795,-3.1333,37.3006,2.84
1796,-2.8333,37.3839,32.8
1797,-2.7167,37.4673,5.5
1798,-2.8333,37.4173,27.4
1799,-2.5833,37.3339,6.3
1800,-2.7649,37.483,5.5
1801,-2.7667,37.4673,7.1
1802,-2.5833,37.3673,5.9
1803,-2.5833,37.4499,29.2
1804,-2.75,37.4576,5.0
1805,-2.749,37.4704,25.7
1806,-2.7644,37.4666,26.2
1807,-2.7667,37.4673,11.0
1808,-2.8167,37.1006,29.2
1809,-2.7667,37.3506,13.6
1810,-2.7499,37.4673,12.8
1811,-5.4001,38.0506,10.2
1812,-6.5835,37.7506,16.5
1813,-4.6501,40.5174,11.0
1814,-4.6668,40.4674,31.6
1815,-4.5168,40.534,42.9
1816,-4.4001,40.5674,35.2
1817,-4.4237,40.5671,27.9
1818,-6.7002,40.2674,39.5
1819,-6.7002,40.2007,30.2
1820,-6.6002,40.2174,33.0
1821,-6.6669,40.1507,18.3
1822,-6.5002,40.1674,27.4
1823,-5.7502,40.1007,28.1
1824,-5.8335,40.034,10.3
1825,-5.7502,40.0507,23.1
1826,-5.6501,40.1174,12.8
1827,-5.4667,40.1007,12.8
1828,-5.4501,40.1174,21.5
1829,-6.3169,40.3007,41.6
1830,-6.4169,40.234,32.8
1831,-6.4669,40.4507,39.7
1832,-6.3502,40.5007,11.3
1833,-6.1835,40.5674,34.6
1834,-6.3502,40.5174,14.6
1835,-6.1843,40.5675,12.7
1836,-6.1169,40.5674,9.8
1837,-5.0168,40.3174,37.0
1838,-5.7001,40.4007,10.0
1839,-2.7,38.0006,14.3
1840,-2.7,38.0006,20.0
1841,-2.6998,37.9766,14.3
1842,-2.9266,37.9006,26.3
1843,-2.9,37.9006,13.2
1844,-3.0833,41.1507,23.6
1845,-3.1167,41.0674,18.5
1846,-3.1165,41.134,17.3
1847,-3.1001,41.5674,14.1
1848,-3.1,41.5674,16.4
1849,-3.1167,41.1345,7.3
1850,-3.0832,41.184,18.8
1851,-3.3333,41.084,10.5
1852,-2.25,40.7007,9.5
1853,-3.4,41.2507,19.6
1854,-6.3524,37.0519,4.0
1855,-6.3519,37.0503,18.6
1856,-6.3402,37.0352,25.0
1857,-2.9667,37.9006,33.77
1858,-2.9501,38.0673,33.34
1859,-2.9477,38.0662,40.18
1860,-2.9594,38.0673,24.2
1861,-2.9467,38.0667,69.96
1862,-4.7168,36.9006,58.23
1863,-2.6166,42.5174,20.86
1864,-6.34,37.0404,3.8
1865,-6.3494,37.0541,3.0
1866,-6.3365,37.051,12.1
1867,-6.3505,37.0496,7.5
1868,-6.4085,37.0864,12.0
1869,-2.9019,37.8985,65.41
1870,-2.8833,37.9006,44.36
1871,-2.95,38.0674,30.27
1872,-2.9027,37.8923,42.22
1873,-2.9003,37.9003,32.64
1874,-3.1499,37.0673,14.22
1875,-3.15,37.0673,9.34
1876,-3.15,37.0673,9.39
1877,-4.2667,43.0674,32.61
1878,-8.5337,42.8674,18.11
1879,-8.5336,42.8668,17.5
1880,-8.5338,42.8676,16.87
1881,-8.5336,42.8674,28.8
1882,-8.5336,42.8668,34.15
1883,-3.4334,40.1673,12.8
1884,-3.4,40.1174,16.2
1885,-3.4294,40.1674,14.32
1886,-3.4167,40.1507,11.32
1887,-2.9,37.5506,16.13
1888,-3.1,37.1006,19.35
1889,-2.1499,42.8174,9.28
1890,-2.15,42.8174,4.76
1891,-2.2333,42.8174,35.22
1892,-2.06,42.8174,3.33
1893,-4.5501,40.1674,40.59
1894,-4.3001,40.2674,30.31
1895,-4.5398,40.165,30.85
1896,-4.7501,40.1507,15.68
1897,-4.7168,40.134,22.65
1898,-4.8834,39.884,25.94
1899,-4.9334,39.634,28.26
1900,-4.8001,39.5673,17.5
1901,-3.9,39.9007,59.6
1902,-3.3167,39.8673,64.4
1903,-3.3333,39.834,59.12
1904,-1.8499,41.7674,19.74
1905,-1.8154,41.7999,27.79
1906,-1.8166,41.8006,41.63
1907,-1.8166,41.7507,23.93
1908,-1.8166,41.7507,16.48
1909,-1.7833,41.8341,22.64
1910,-0.1164,42.7015,5.89
1911,-0.1165,42.7008,2.45
1912,-0.1165,42.7008,7.07
1913,-0.4499,42.6507,6.78
1914,-0.4498,42.6508,9.27
1915,-0.8499,42.7841,4.25
1916,-0.8665,42.8008,8.98
1917,-0.9165,42.7841,2.97
1918,-0.9332,42.435,7.89
1919,-0.9329,42.4341,3.98
1920,-0.7832,42.6341,8.89
1921,-0.7666,42.6341,7.06
1922,-0.7665,42.6342,6.34
1923,-0.7332,42.8838,13.54
1924,-0.7332,42.8841,13.65
1925,-0.7305,42.884,14.21
1926,-0.1831,42.7016,8.99
1927,-0.1831,42.7008,8.43
1928,-0.1833,42.7008,8.09
1929,0.5836,42.5843,9.61
1930,0.5835,42.5841,6.08
1931,0.6335,42.6008,8.36
1932,0.6835,42.7174,4.44
1933,0.6834,42.7008,4.48
1934,0.6835,42.7008,9.96
1935,-5.7335,40.2174,21.7
1936,-5.7335,40.2174,16.9
1937,-6.1837,40.5674,34.6
1938,-6.35,40.5176,14.6
1939,-6.1668,40.5674,12.7
1940,-6.1146,40.5671,9.8
1941,-4.9668,40.334,37.0
1942,-5.7001,40.4007,10.0
1943,-5.1001,40.5507,18.2
1944,-6.8169,40.3007,25.5
1945,-6.6669,40.3174,21.1
1946,-6.7171,40.2873,24.0
1947,-6.7232,40.2837,33.1
1948,-5.3168,40.4674,10.0
1949,-5.8335,40.1174,21.8
1950,-6.4083,37.0858,3.8
1951,-6.4107,37.0862,19.0
1952,-6.4015,37.0801,2.0
1953,-6.413,37.0863,3.0
1954,-6.4078,37.0856,1.7
1955,-6.4669,36.9673,1.5
1956,-6.4845,37.0456,2.7
1957,-6.478,37.0392,5.0
1958,-6.4798,37.0483,2.8
1959,-6.473,36.8147,7.6
1960,-6.4781,37.0456,2.4
1961,-6.4789,37.0432,7.3
1962,-6.478,36.967,10.0
1963,-6.4784,37.016,7.0
1964,-6.3668,37.1673,9.0
1965,-6.3835,37.1173,2.0
1966,-6.4003,37.0784,4.0
1967,-6.4004,37.0831,12.1
1968,-6.4028,37.0859,9.0
1969,-6.4011,37.0864,11.9
1970,-6.4691,36.9839,18.6
1971,-6.401,37.0855,11.0
1972,-6.4017,37.0833,13.9
1973,-6.3445,36.8179,20.5
1974,-6.3668,36.8173,19.9
1975,-6.3786,37.0768,10.7
1976,-6.3917,37.0857,10.0
1977,-6.467,36.9673,13.6
1978,-6.479,37.0457,6.0
1979,-6.4848,37.0335,15.5
1980,-6.4172,37.0841,19.0
1981,-6.4546,37.9472,12.0
1982,-6.4163,37.0854,7.5
1983,-6.3541,37.0425,5.1
1984,-6.3669,37.2839,17.9
1985,-6.2327,37.3003,17.4
1986,-6.2329,37.3043,20.3
1987,-6.235,37.3108,16.6
1988,-6.2322,37.3007,13.9
1989,-6.2335,37.3006,21.6
1990,-6.3668,37.2839,31.2
1991,-6.5019,37.2506,54.0
1992,-6.2337,37.3052,25.3
1993,-6.5002,37.2506,23.2
1994,-6.5502,37.2506,6.2
1995,-6.2322,37.3006,18.4
1996,-6.2321,37.3137,6.1
1997,-6.3668,37.284,1.1
1998,-6.3668,37.2837,20.4
1999,-6.4168,37.0672,21.6
2000,-6.4928,37.079,44.4
2001,-6.8335,40.3007,25.5
2002,-6.6835,40.3174,21.1
2003,-6.7164,40.284,24.0
2004,-6.7158,40.2832,33.1
2005,-5.3335,40.4174,10.0
2006,-5.8335,40.134,21.8
2007,-5.2668,40.4174,58.3
2008,-5.3501,40.434,85.5
2009,-5.9002,39.8673,51.1
2010,-5.1668,40.3007,42.6
2011,-5.2501,40.334,42.0
2012,2.6502,39.6831,35.04
2013,2.6501,39.6832,64.62
2014,2.6503,39.6842,32.7
2015,2.65,39.6826,28.0
2016,2.8003,39.5673,40.07
2017,3.0003,39.3507,18.18
2018,2.0003,41.3174,23.9
2019,0.0502,41.284,18.8
2020,0.0668,41.2674,24.96
2021,1.6336,41.6841,31.4
2022,1.2002,41.8341,4.7
2023,1.2502,42.1174,50.2
2024,0.9836,41.3674,16.0
2025,-1.0666,39.1173,18.65
2026,-1.1166,39.084,11.12
2027,-1.1499,39.134,8.94
2028,-1.0832,39.0673,24.88
2029,-1.1999,39.0173,41.5
2030,-0.9832,39.0507,16.12
2031,-0.9832,39.084,31.02
2032,-0.9832,39.1673,20.13
2033,-1.2166,39.0673,45.9
2034,-0.9666,39.1007,37.55
2035,-0.9332,39.0173,19.79
2036,-1.1666,39.134,27.31
2037,-1.1832,39.134,23.59
2038,-0.8999,39.1673,40.14
2039,-0.8999,39.1007,21.81
2040,-1.2166,39.084,22.12
2041,-1.0999,39.0673,32.3
2042,1.9003,41.4341,12.5
2043,1.9006,41.4345,20.1
2044,1.9003,41.434,16.7
2045,1.9008,41.4357,16.2
2046,1.8996,41.4355,7.1
2047,-8.017,42.9008,24.34
2048,-7.6503,42.8174,11.48
2049,-7.5003,42.5008,17.62
2050,-7.2992,42.2674,34.06
2051,-7.301,42.2674,83.86
2052,-7.3003,42.2682,75.52
2053,-7.2336,42.3007,65.84
2054,-7.5836,42.3008,36.06
2055,-7.5836,42.3007,29.4
2056,-7.6669,42.3007,11.41
2057,-7.7669,42.5841,35.1
2058,-7.8503,42.8508,6.02
2059,-7.8503,42.8508,27.29
2060,-7.8336,43.4342,10.04
2061,-7.8336,43.4341,55.98
2062,-8.0003,43.6841,27.84
2063,-8.0003,43.6841,28.51
2064,1.8836,41.434,12.5
2065,1.8837,41.4341,20.1
2066,1.8808,41.418,16.7
2067,1.8837,41.4175,16.2
2068,1.8836,41.4174,7.1
2069,-7.9453,41.8767,13.9
2070,1.7669,41.8841,7.5
2071,1.7169,41.8674,13.8
2072,1.717,41.8674,12.6
2073,1.7836,41.9507,14.1
2074,1.7837,41.9504,9.3
2075,1.9836,41.6342,14.53
2076,1.9836,41.6353,24.32
2077,1.9837,41.6341,9.5
2078,0.9002,41.3507,18.1
2079,1.9169,41.3174,1.22
2080,1.9169,41.3165,16.28
2081,1.9166,41.3176,8.73
2082,1.9175,41.3153,4.86
2083,1.917,41.3186,1.46
2084,1.9169,41.3174,2.28
2085,-4.7334,40.234,13.25
2086,-4.7668,40.3007,25.0
2087,-4.8168,40.3007,24.5
2088,-4.8001,40.334,32.0
2089,-3.8834,40.2022,7.5
2090,-3.9167,40.6007,17.5
2091,-3.75,40.734,19.0
2092,-3.7167,40.984,17.75
2093,-3.75,40.734,18.5
2094,-3.8,40.984,22.5
2095,-4.0667,40.7507,24.5
2096,-3.9501,40.834,41.5
2097,-3.8334,40.0674,19.0
2098,-4.0168,39.884,14.5
2099,-4.0667,39.9007,22.0
2100,-4.0834,39.9007,22.0
2101,-7.3004,42.2521,83.86
2102,-7.3004,42.2508,46.01
2103,-7.2997,42.2506,52.78
2104,-7.2986,42.2504,75.52
2105,-7.3003,42.239,16.84
2106,-7.3002,42.2507,65.84
2107,-7.3,42.2494,34.06
2108,-7.6003,42.3341,36.06
2109,-7.6003,42.3341,29.4
2110,-7.867,42.8508,11.41
2111,-3.8667,43.1841,29.17
2112,-4.8168,43.1508,23.78
2113,-7.8177,43.1273,21.3
2114,-8.3394,43.0535,14.18
2115,-7.6505,43.2174,10.7
2116,-8.0336,43.0674,17.04
2117,-1.7833,43.3008,45.0
2118,-2.2,43.0841,29.6
2119,-2.35,43.0841,11.1
2120,-2.5166,43.0008,9.8
2121,-2.2666,43.0174,17.0
2122,-2.4166,43.1008,48.2
2123,-2.25,43.0841,19.4
2124,-2.4001,43.0197,37.9
2125,-2.2666,43.0175,14.9
2126,-2.2333,43.1841,11.8
2127,-2.0333,43.1341,13.5
2128,-2.4014,43.0341,25.7
2129,-2.1166,43.1341,13.5
2130,-2.0166,43.1174,12.5
2131,-2.25,43.0674,9.3
2132,-2.2333,43.1841,14.7
2133,-2.1826,43.1802,28.1
2134,-5.3501,39.4673,29.83
2135,-5.4001,39.4673,60.44
2136,-5.4001,39.4674,58.46
2137,-4.9501,40.934,32.4
2138,-4.9334,41.284,4.5
2139,-5.5001,41.084,6.8
2140,-3.1667,40.7674,10.0
2141,-2.55,41.1174,22.5
2142,-1.8666,40.984,11.0
2143,-3.0833,40.7507,13.0
2144,-3.15,40.734,17.5
2145,-2.6667,40.784,12.25
2146,-1.6333,40.784,9.75
2147,-1.6333,40.784,9.75
2148,-0.2332,41.5841,10.39
2149,-0.2332,41.5841,10.39
2150,-0.2998,41.5507,7.68
2151,-0.3999,41.5677,8.83
2152,-0.3999,41.5674,10.26
2153,-0.3665,41.5842,10.82
2154,-0.3665,41.5841,7.75
2155,-0.5832,42.7508,19.8
2156,-0.0309,42.6007,29.5
2157,-0.5832,42.7174,15.6
2158,-0.0329,42.5995,22.7
2159,-0.0329,42.5995,22.7
2160,-0.5665,42.7508,15.5
2161,-0.0496,42.638,16.9
2162,-0.5665,42.7341,17.8
2163,-0.0498,42.6341,14.0
2164,-0.5999,42.7674,29.4
2165,-0.0165,42.6674,11.4
2166,-0.5665,41.5507,19.7
2167,-0.5665,41.5341,7.3
2168,0.9669,41.3674,19.5
2169,-0.6665,41.1174,8.0
2170,-0.5665,40.784,23.0
2171,0.0168,42.3007,30.37
2172,0.0502,42.3174,30.18
2173,0.0835,42.3507,34.7
2174,0.1168,42.3674,33.4
2175,0.1335,42.4508,22.43
2176,0.1669,42.6341,16.4
2177,0.2169,42.4674,20.84
2178,0.2169,42.4508,20.8
2179,0.3835,42.4341,24.4
2180,0.4169,42.468,24.8
2181,0.4169,42.4508,41.52
2182,0.4169,42.4508,17.9
2183,0.4002,42.4174,38.7
2184,0.3502,42.4174,8.0
2185,0.3169,42.3841,11.2
2186,0.2002,42.3174,25.69
2187,0.1002,42.4174,6.3
2188,0.1502,42.3841,31.4
2189,-2.7666,37.4838,10.9
2190,-2.7647,37.4839,5.4
2191,-2.7665,37.4832,16.1
2192,-2.7667,37.4839,6.7
2193,-2.7667,37.4839,10.1
2194,-2.7671,37.4843,5.9
2195,-2.767,37.4837,10.6
2196,-2.7659,37.4872,11.0
2197,-2.7673,37.4861,12.8
2198,-2.7671,37.4839,6.75
2199,-2.7678,37.4795,6.1
2200,-2.7649,37.4873,14.6
2201,-2.2666,37.5839,9.26
2202,-1.9833,37.0006,16.16
2203,-2.6333,37.2839,11.09
2204,-1.9499,36.9506,20.41
2205,-2.05,36.8673,13.61
2206,-2.1166,36.8673,7.1
2207,-2.1333,36.9673,4.54
2208,-2.1333,36.8506,18.29
2209,-2.1255,36.9407,19.52
2210,-2.0666,36.9339,13.61
2211,-2.1166,36.9339,4.89
2212,-2.0166,36.8506,20.19
2213,-2.1186,36.7612,8.43
2214,-1.9604,37.0005,6.06
2215,-1.8333,37.2339,8.4
2216,-2.0833,37.684,21.16
2217,-0.9999,38.134,18.58
2218,-1.6998,37.6673,13.11
2219,-1.8666,37.8506,13.01
2220,-2.1666,37.7173,21.25
2221,-2.0333,37.8006,12.08
2222,-2.15,38.234,9.4
2223,-2.1006,38.2173,6.4
2224,-1.8999,38.3006,12.1
2225,-2.0935,38.2172,15.2
2226,-2.1,38.2174,13.1
2227,-2.1031,38.2173,12.8
2228,-1.8999,38.3173,15.0
2229,-3.2167,36.8339,8.1
2230,-3.2833,36.9006,15.2
2231,-3.3833,36.8839,10.1
2232,-3.3834,36.8839,14.7
2233,-3.2167,36.8339,13.1
2234,-3.0167,37.3339,8.4
2235,-3.0667,37.1839,5.8
2236,-3.0661,37.1839,5.4
2237,-3.0667,37.184,3.64
2238,-3.0667,37.1822,6.2
2239,-1.8999,39.9674,4.76
2240,-3.15,37.1839,6.5
2241,-3.1333,37.1673,4.1
2242,-2.05,36.9506,7.73
2243,-2.4333,36.8339,11.94
2244,-2.2166,36.8839,11.14
2245,-2.0666,37.1839,6.0
2246,-1.8666,37.2506,7.3
2247,-2.1833,37.2839,15.8
2248,-2.1833,37.284,12.6
2249,-1.9794,37.2516,10.1
2250,-2.1833,37.3173,13.4
2251,-1.8102,37.2497,9.7
2252,-2.4406,37.5344,14.44
2253,-2.7167,37.7173,9.83
2254,-2.4515,37.5941,10.12
2255,-2.4333,37.5839,8.57
2256,-2.2,37.8006,13.89
2257,-2.1833,37.7173,12.59
2258,-2.4518,37.534,0.35
2259,-2.45,37.5339,16.73
2260,-2.4527,37.5898,20.55
2261,-2.4166,37.6173,9.83
2262,-2.443,37.5348,17.82
2263,-2.4833,37.5839,23.3
2264,-2.4497,37.534,16.04
2265,-2.4388,37.5339,23.05
2266,-2.4459,37.5956,19.47
2267,-2.3665,37.8174,15.42
2268,-2.3666,37.8173,14.91
2269,-2.2833,37.8173,11.56
2270,-2.45,37.53,13.63
2271,-2.4833,37.5339,18.63
2272,-2.2838,37.5688,29.31
2273,-2.4,37.6006,16.73
2274,-2.25,37.5506,24.63
2275,-2.3833,37.6006,17.35
2276,-1.8999,37.9506,10.9
2277,-1.8499,38.1002,15.6
2278,-1.8499,38.1006,20.6
2279,-1.6992,37.6672,13.5
2280,-1.8505,38.1004,16.1
2281,-1.8505,38.1007,11.2
2282,-1.8504,38.1009,14.8
2283,-3.1991,36.7839,15.4
2284,-3.2,36.7835,11.29
2285,-3.2,36.7839,13.03
2286,-3.4167,36.7839,9.78
2287,-3.5167,36.7506,6.84
2288,-3.3167,36.7506,4.23
2289,-3.1999,36.7837,7.85
2290,-3.2,36.7847,18.09
2291,-1.4996,37.7673,8.3
2292,-1.4157,37.8506,15.3
2293,-1.4149,37.8503,16.1
2294,-1.4999,37.7683,10.6
2295,-1.4166,37.8506,18.5
2296,-1.1861,37.7335,16.4
2297,-1.2666,37.6839,14.7
2298,-6.0502,37.5339,12.88
2299,-3.5,38.2006,12.0
2300,-3.3667,38.0173,28.0
2301,-3.9501,37.7173,31.5
2302,-0.951,37.734,21.44
2303,-3.6334,37.1006,3.23
2304,-1.3888,37.8034,10.95
2305,-1.3888,37.7978,13.5
2306,-1.4082,37.7784,16.46
2307,-1.4096,37.7784,15.45
2308,-0.2012,40.2104,7.5
2309,-5.0334,41.8841,15.8
2310,-5.5501,41.0674,38.4
2311,-5.3335,41.5841,21.5
2312,-0.6329,39.0174,21.32
2313,-0.6426,39.017,19.54
2314,-0.9165,38.434,28.52
2315,-0.9166,38.434,29.73
2316,-0.6324,39.0174,18.48
2317,-0.5165,38.784,18.88
2318,-0.6332,39.0173,18.6
2319,-0.633,39.0173,25.91
2320,-0.633,39.0239,25.74
2321,-0.6332,39.0163,28.52
2322,-2.1833,42.6508,14.06
2323,-2.1833,42.6508,17.1
2324,-2.1837,42.6508,11.69
2325,-2.1333,42.6508,16.12
2326,-2.1833,42.6635,15.33
2327,-2.1833,42.6499,15.24
2328,-2.184,42.6508,14.45
2329,-2.1915,42.6524,14.35
2330,-4.6668,39.5662,8.09
2331,-4.6664,39.5673,6.0
2332,-4.6668,39.5672,7.42
2333,-4.668,39.5668,11.04
2334,-4.6692,39.5673,12.56
2335,-4.6667,39.5673,4.48
2336,-4.6662,39.5682,6.2
2337,-4.6679,39.5687,5.7
2338,-4.6676,39.5678,5.7
2339,-4.668,39.568,9.0
2340,-4.6668,39.5673,9.46
2341,-3.2,38.2506,19.2
2342,0.1343,41.434,11.25
2343,0.1335,41.4348,22.94
2344,0.1335,41.4341,18.31
2345,-0.5999,41.5674,8.23
2346,-0.5165,41.5352,12.95
2347,-0.5995,41.5675,15.76
2348,-0.533,41.5341,17.74
2349,-0.7196,41.5716,9.53
2350,-0.5331,41.5373,13.21
2351,-0.4665,41.4841,17.79
2352,-0.8396,41.5721,14.88
2353,-0.4665,41.4341,15.24
2354,2.1938,41.6363,14.18
2355,2.1804,41.6189,9.72
2356,-0.9077,42.0007,6.63
2357,-0.8582,42.0007,5.68
2358,-2.4666,42.5674,13.4
2359,-1.0332,37.6673,18.78
2360,-1.2334,37.734,15.06
2361,-8.5332,42.8675,14.09
2362,-3.4167,40.184,17.3
2363,-3.4167,40.134,12.3
2364,-1.1305,38.3979,6.75
2365,-1.1193,38.4409,6.18
2366,-1.1166,38.3812,4.82
2367,-3.8501,42.0174,12.4
2368,-3.85,42.0174,15.7
2369,-8.667,43.2841,7.14
2370,-7.4003,43.2341,16.18
2371,-8.5503,42.9508,18.44
2372,-4.5756,37.6506,26.19
2373,-4.7268,37.5556,20.21
2374,-4.6168,37.4673,22.39
2375,-4.5543,37.4631,20.1
2376,-4.5901,37.432,23.91
2377,-4.5801,37.5478,16.36
2378,-4.4901,37.5267,13.26
2379,-4.6168,37.4676,36.95
2380,-4.7143,37.4595,20.21
2381,-4.7107,37.6367,16.73
2382,-1.4996,42.2007,25.82
2383,-1.4999,42.2006,33.35
2384,-0.59,42.762,19.8
2385,-5.9698,42.6092,29.5
2386,-0.5841,42.6988,15.6
2387,-5.9723,42.6117,22.7
2388,-0.5662,42.7453,15.5
2389,-6.0518,42.6528,16.9
2390,-0.5677,42.7363,17.8
2391,-6.0602,42.6393,14.0
2392,-0.6005,42.7739,29.4
2393,-5.9848,42.6683,11.4
