,Longitude,Latitude,Cond electr [mS/m]
0,-5.0113,41.4899,3.0
1,-2.7363,42.4142,60.0
2,-4.267,41.3465,3.0
3,-6.6181,38.5071,4.0
4,-1.7449,41.7826,5.0
5,-3.1805,41.3507,4.0
6,-5.0324,41.5823,22.0
7,-2.0805,40.1132,27.0
8,-4.1922,43.1491,11.0
9,-5.9305,42.8624,5.0
10,-5.0741,40.2521,4.0
11,-2.2579,41.0124,15.0
12,-4.5457,41.3026,3.0
13,-1.2815,42.9428,7.0
14,-5.0051,40.3028,5.0
15,-3.9262,41.1259,14.0
16,-3.2111,42.3142,8.0
17,-2.7113,41.9461,7.0
18,-2.7784,42.0553,8.0
19,-2.8216,42.0153,5.0
20,-2.479,42.0504,9.0
21,-2.4564,41.9906,12.0
22,-1.8392,41.8179,7.0
23,-1.8564,41.8224,11.0
24,-2.55,42.8174,4.0
25,-2.65,42.6008,18.0
26,-2.6,42.7841,13.0
27,-5.2927,36.5603,11.0
28,-5.2752,36.566,6.0
29,-4.9962,41.1533,5.0
30,-4.24,41.3081,21.0
31,-4.5422,39.6631,5.0
32,-2.7006,43.2814,14.0
33,-4.4882,41.2676,2.0
34,-7.8403,43.4481,12.0
35,-7.9697,43.4341,9.0
36,-7.9531,43.4174,14.0
37,-8.4198,42.9841,6.0
38,-8.3948,43.3174,6.0
39,-8.3323,43.3841,15.0
40,-8.3387,43.3974,9.0
41,-8.442,42.9508,5.0
42,-8.9698,43.0341,3.0
43,-8.342,43.3008,4.0
44,-2.2333,43.1008,8.0
45,-2.4694,43.2036,3.0
46,-1.9277,43.3174,13.0
47,-2.3286,42.937,12.0
48,-7.0502,43.0897,5.0
49,-7.3252,42.4507,43.0
50,-7.5503,43.2508,12.0
51,-7.2503,42.9758,6.0
52,-6.9002,42.8008,12.0
53,-7.4875,42.6781,6.0
54,-7.3503,42.9258,4.0
55,-7.1363,42.8841,17.0
56,-7.303,42.6674,12.0
57,2.017,41.3341,12.0
58,2.9337,41.9507,41.0
59,2.8837,42.0007,45.0
60,1.8308,42.3507,21.0
61,2.5725,41.8604,10.0
62,3.1837,42.0841,10.0
63,-0.4526,42.3341,4.0
64,0.353,42.6674,4.0
65,-0.5332,42.4508,3.0
66,-0.286,42.6841,39.0
67,0.0335,42.6008,6.0
68,-0.5832,42.6841,6.0
69,-0.2526,42.6341,14.0
70,-0.2998,42.2341,17.0
71,0.6697,42.7841,13.0
72,0.8502,42.5174,5.0
73,-1.2999,39.034,21.0
74,-2.7667,39.0007,17.0
75,-2.05,38.3315,108.0
76,-4.6474,40.3297,5.0
77,-4.4445,40.7424,5.0
78,-4.9787,40.391,4.0
79,-5.1923,40.1812,2.0
80,-5.0196,41.0007,6.0
81,-4.5951,40.384,4.0
82,-4.8696,40.284,5.0
83,-4.4931,40.6001,17.0
84,-4.3844,40.5259,4.0
85,-4.9862,40.1673,3.0
86,-5.0362,40.234,3.0
87,-5.1779,40.2174,8.0
88,-4.7362,41.0174,1.0
89,-4.9362,40.2007,4.0
90,-5.2501,40.4507,4.0
91,-4.4612,40.5965,3.0
92,-4.3945,40.6257,4.0
93,-4.3444,40.5814,29.0
94,-4.3489,40.5759,5.0
95,-4.5001,40.7174,5.0
96,-4.1832,40.6738,13.0
97,-4.2014,40.6148,5.0
98,-4.4195,40.5479,6.0
99,-4.5529,40.3174,2.0
100,-4.8998,40.2499,3.0
101,-4.6836,40.3184,154.0
102,-4.9001,40.259,2.0
103,-4.9696,40.2507,4.0
104,-4.6146,40.194,2.0
105,-4.6861,40.9648,3.0
106,-5.5863,40.334,2.0
107,-4.3529,40.5707,4.0
108,-4.5001,40.5007,3.0
109,-4.6737,40.8257,4.0
110,-4.5668,40.3507,4.0
111,-5.0362,40.234,4.0
112,-5.2668,40.684,5.0
113,-4.9862,40.3174,5.0
114,-4.6195,40.2049,3.0
115,-4.5001,40.384,2.0
116,-4.5001,40.334,3.0
117,-3.175,42.8341,4.0
118,-3.9028,41.6507,3.0
119,-3.3334,42.3674,15.0
120,-3.5417,42.0674,3.0
121,-3.3167,42.0174,5.0
122,-3.125,41.9341,4.0
123,-3.1333,42.3091,22.0
124,-3.2195,42.3007,10.0
125,-3.4393,42.0626,9.0
126,-3.3806,41.8923,2.0
127,-2.9667,41.9674,2.0
128,-3.6583,41.9481,8.0
129,-3.1861,42.3341,6.0
130,-3.7336,42.6247,21.0
131,-3.1153,42.6675,106.0
132,-4.7445,40.4618,7.0
133,-4.5001,38.8173,5.0
134,-4.1361,38.9481,17.0
135,-3.9861,38.7176,11.0
136,-3.4861,38.4315,3.0
137,-3.9862,39.0507,9.0
138,-4.3347,39.1612,4.0
139,-4.4167,39.0007,3.0
140,-4.3944,39.1745,5.0
141,-3.7,39.234,3.0
142,-3.7834,38.6173,3.0
143,-3.1461,39.169,10.0
144,-4.5334,39.134,113.0
145,-4.1528,39.384,7.0
146,-4.4195,39.4007,3.0
147,-1.8666,40.2174,5.0
148,-2.032,40.4065,15.0
149,-1.9694,40.3648,4.0
150,-1.8811,40.1346,19.0
151,-1.8967,40.1321,17.0
152,-2.3666,40.084,18.0
153,-2.0195,40.2981,6.0
154,-2.3583,40.5007,9.0
155,-2.0926,40.182,8.0
156,-1.6814,39.9481,4.0
157,-2.0092,40.2467,2.0
158,-2.8528,39.8673,13.0
159,-2.8591,40.1553,5.0
160,-1.9505,40.4479,19.0
161,-1.6556,40.0037,3.0
162,-1.9244,40.3305,22.0
163,-2.161,39.6297,18.0
164,-2.15,40.2507,12.0
165,-2.3666,40.384,10.0
166,-2.3333,41.0174,7.0
167,-2.8528,41.1674,5.0
168,-2.3431,41.0309,3.0
169,-2.3,40.7507,10.0
170,-2.3601,40.7752,10.0
171,-2.3666,41.0174,11.0
172,-2.9808,40.3174,154.0
173,-1.9999,40.6674,21.0
174,-2.7278,40.5564,14.0
175,-2.7629,40.8038,16.0
176,-2.7528,40.634,19.0
177,-2.7986,40.7678,17.0
178,-2.716,40.6685,11.0
179,-3.1528,40.8648,3.0
180,-3.4,41.0674,48.0
181,-2.1689,40.9001,13.0
182,-2.9645,40.7049,11.0
183,-1.8916,40.5924,183.0
184,-2.5998,40.7674,4.0
185,-2.6333,40.6424,11.0
186,-3.4,40.8507,3.0
187,-3.1,41.1924,4.0
188,-2.95,40.9757,7.0
189,-2.9694,40.8537,11.0
190,-3.3334,41.2507,4.0
191,-3.3667,40.8507,6.0
192,-3.1611,40.6981,31.0
193,-3.1654,40.5516,21.0
194,-3.1182,40.5967,11.0
195,-3.0472,40.4527,10.0
196,-2.9051,40.849,9.0
197,-3.15,40.8674,4.0
198,-3.1528,40.8674,24.0
199,-3.135,40.8456,12.0
200,-3.0197,40.8814,6.0
201,-2.1211,41.0027,12.0
202,-2.2166,40.9674,6.0
203,-2.2292,40.8194,12.0
204,-2.217,40.8467,8.0
205,-2.2194,40.8175,14.0
206,-2.3666,40.8007,10.0
207,-2.4166,40.7674,3.0
208,-2.9169,40.9031,15.0
209,-3.3167,40.8481,3.0
210,-3.0943,40.4166,17.0
211,-2.9644,40.8492,12.0
212,-2.8833,40.4007,39.0
213,-2.0944,40.3674,167.0
214,-2.8528,40.4231,101.0
215,-2.1194,40.6674,8.0
216,-1.9361,40.6174,10.0
217,-5.0668,40.3007,5.0
218,-4.5834,40.2174,14.0
219,-5.1207,40.1426,3.0
220,-2.4688,40.5145,12.0
221,-2.1,41.0007,10.0
222,-2.6028,41.0674,1.0
223,-2.6071,41.0916,23.0
224,-2.1361,40.934,3.0
225,-2.0299,40.6648,14.0
226,-3.2834,40.9257,4.0
227,-2.8889,41.2564,2.0
228,-2.5944,40.7674,6.0
229,-2.2694,40.9507,64.0
230,-2.5333,40.8757,3.0
231,-2.3496,40.631,15.0
232,-3.3,41.0007,4.0
233,-1.9113,40.6818,22.0
234,-3.223,41.0265,5.0
235,-3.2167,41.0174,5.0
236,-2.9333,40.5507,16.0
237,-3.0611,40.7231,27.0
238,-2.6553,40.9837,10.0
239,-2.65,40.6541,8.0
240,-2.0986,40.8365,15.0
241,-3.3833,40.984,5.0
242,-3.33,40.9362,4.0
243,-2.5917,40.9481,2.0
244,-2.917,40.831,16.0
245,-1.9861,40.7731,21.0
246,-2.2527,40.6674,6.0
247,-3.071,40.6689,16.0
248,-2.0045,40.7817,22.0
249,-2.3725,40.7122,17.0
250,-3.0667,40.984,3.0
251,-3.2167,41.2674,26.0
252,-2.9169,40.9031,13.0
253,-2.8703,40.4526,8.0
254,-3.3361,40.834,2.0
255,-2.1166,40.734,11.0
256,-6.2335,42.2674,6.0
257,-6.2335,42.5577,2.0
258,-6.2835,42.9174,53.0
259,-5.1335,43.0008,9.0
260,-5.5335,42.9508,6.0
261,-6.2196,42.3007,3.0
262,-5.7863,42.8008,10.0
263,-4.9501,42.7008,3.0
264,-6.8336,42.7174,11.0
265,-3.9862,40.7174,3.0
266,-4.2279,40.334,22.0
267,-3.4361,40.284,10.0
268,-3.3472,40.4868,9.0
269,-3.6667,40.5507,5.0
270,-3.8167,40.8965,3.0
271,-3.6195,41.0924,6.0
272,-3.5945,40.5257,7.0
273,-3.725,40.859,8.0
274,-3.5789,40.8814,8.0
275,-3.8612,40.409,8.0
276,-3.9911,40.7245,5.0
277,-3.9858,40.7246,4.0
278,-3.7695,40.984,10.0
279,-3.7667,40.8965,3.0
280,-3.7862,40.884,6.0
281,-4.4168,40.3313,41.0
282,-4.4029,40.3174,3.0
283,-4.0445,40.6924,4.0
284,-4.0667,40.7896,6.0
285,-4.0528,40.7674,4.0
286,-3.9334,40.634,4.0
287,-4.2001,40.484,37.0
288,-3.8334,40.6174,2.0
289,-3.6,40.8674,9.0
290,-3.55,41.0674,3.0
291,-3.725,40.9424,2.0
292,-3.9334,40.5507,5.0
293,-4.1028,40.734,14.0
294,-3.5834,40.3007,21.0
295,-3.5667,41.034,4.0
296,-3.65,40.784,8.0
297,-4.1362,40.684,3.0
298,-4.1528,40.6924,3.0
299,-4.1362,40.6841,5.0
300,-4.0695,40.7674,6.0
301,-4.1362,40.684,10.0
302,-4.0862,40.0007,10.0
303,-3.9106,40.6258,5.0
304,-4.0334,40.7257,4.0
305,-3.5036,41.08,5.0
306,-4.1084,40.4451,3.0
307,-3.8983,40.3345,5.0
308,-3.7834,40.8007,7.0
309,-3.8492,40.4809,7.0
310,-3.9667,40.3007,2.0
311,-4.0333,40.6523,3.0
312,-3.7112,40.8174,5.0
313,-3.9862,40.7507,5.0
314,-4.3751,40.3674,2.0
315,-3.4667,41.034,4.0
316,-3.5292,41.0146,5.0
317,-3.575,41.1243,8.0
318,-3.85,40.884,2.0
319,-3.7611,40.4287,27.0
320,-3.9834,40.3674,6.0
321,-0.6165,38.5506,15.0
322,-0.5377,38.659,28.0
323,-0.5165,38.7743,20.0
324,-0.8832,38.2673,22.0
325,-2.9661,36.8718,1.0
326,-2.6666,37.0006,24.0
327,-2.4361,37.0648,15.0
328,-5.9002,38.734,11.0
329,-4.8334,39.2173,4.0
330,2.5714,39.5415,182.0
331,-5.9502,38.7507,7.0
332,-6.8335,38.634,6.0
333,-5.9418,38.7423,4.0
334,-4.8584,39.234,2.0
335,-6.8835,38.4506,4.0
336,-2.9756,36.8034,5.0
337,-5.6113,40.084,4.0
338,-5.9029,40.0901,7.0
339,-5.7585,40.084,5.0
340,-5.8021,40.334,4.0
341,-5.8779,40.259,3.0
342,-5.7196,39.7007,3.0
343,-5.0501,39.4193,10.0
344,-5.3807,40.1896,6.0
345,-5.3862,40.134,4.0
346,-4.9862,39.3673,4.0
347,-6.6863,39.3507,5.0
348,-6.6862,39.3507,5.0
349,-6.4613,39.5257,6.0
350,-6.7085,40.209,2.0
351,-5.3644,36.7501,16.0
352,-5.6696,36.6173,18.0
353,0.0502,40.584,15.0
354,0.1127,40.1135,2.0
355,0.0502,40.6507,21.0
356,-4.9334,38.1173,3.0
357,-4.2167,38.2423,2.0
358,-6.3526,40.193,4.0
359,-7.2986,39.3637,3.0
360,-7.2699,39.3433,1.0
361,-7.2459,39.3262,2.0
362,-5.3603,39.4826,4.0
363,-5.3445,39.4051,3.0
364,-5.4103,39.5904,2.0
365,-5.4536,39.5129,5.0
366,-5.585,39.3876,2.0
367,-5.3444,39.4717,4.0
368,-5.3523,39.4523,4.0
369,-5.3374,39.4138,2.0
370,-6.7818,40.2219,4.0
371,-6.7876,40.1947,5.0
372,-6.2985,40.2963,3.0
373,-5.8679,40.2676,4.0
374,-5.8767,40.2586,3.0
375,-5.7869,40.0565,4.0
376,-6.3382,40.3398,5.0
377,-6.7846,40.2259,3.0
378,-6.2772,40.2967,4.0
379,-5.8621,40.3267,4.0
380,-5.8295,40.3221,3.0
381,-5.3355,39.4713,3.0
382,-6.2772,40.4092,3.0
383,-6.3869,40.3813,4.0
384,-6.2635,40.3586,4.0
385,-6.7783,40.2392,2.0
386,-5.67,40.2689,4.0
387,-5.7373,40.2164,2.0
388,-3.4833,37.2648,10.0
389,-3.4334,36.9673,8.0
390,-3.4,36.9506,8.0
391,-2.8694,37.3839,8.0
392,-3.5069,37.1713,4.0
393,-3.4334,37.1506,7.0
394,-3.2167,37.1339,5.0
395,-6.4155,39.007,5.0
396,-5.9002,40.2174,5.0
397,-6.4481,37.5801,5.0
398,-6.403,37.2506,5.0
399,-6.7502,37.1173,3.0
400,-3.0167,37.884,4.0
401,-2.7833,38.1173,21.0
402,-2.8603,38.2173,13.0
403,-3.6045,37.7006,14.0
404,-3.4361,38.2756,12.0
405,-3.0378,37.7842,32.0
406,-3.2611,38.2756,15.0
407,-3.65,40.984,5.0
408,-3.22,40.4618,16.0
409,-3.4917,40.859,12.0
410,-3.6167,40.7757,1.0
411,-3.8225,40.9374,4.0
412,-3.8,40.4007,3.0
413,-3.8834,40.866,5.0
414,-3.8814,40.9282,2.0
415,-3.5695,40.2757,12.0
416,-3.5834,40.8396,23.0
417,-3.8806,40.5674,2.0
418,-3.225,40.5138,12.0
419,-4.3504,40.2904,3.0
420,-3.9334,40.3757,2.0
421,-4.1501,40.6007,9.0
422,-4.1667,40.609,7.0
423,-4.3306,40.3785,6.0
424,-4.3126,40.3299,4.0
425,-4.3001,40.3507,12.0
426,-4.3501,40.284,49.0
427,-4.3029,40.4007,7.0
428,-3.7473,41.0452,5.0
429,-4.0306,40.3604,14.0
430,-3.8056,40.7496,6.0
431,-4.3917,40.3757,3.0
432,-4.2862,40.5513,4.0
433,-3.7084,41.0452,17.0
434,-4.0809,36.9345,17.0
435,-4.9168,36.6206,6.0
436,-5.0168,36.6989,17.0
437,-4.9692,36.752,11.0
438,-4.9354,37.0103,3.0
439,-0.8416,37.6012,1.0
440,-1.9805,38.1484,12.0
441,-1.5627,37.8423,22.0
442,-2.2027,42.9341,7.0
443,-2.0805,42.7591,20.0
444,-1.5166,43.0508,11.0
445,-0.9193,42.8563,13.0
446,-1.6695,43.1667,8.0
447,-1.5194,43.2674,5.0
448,-2.1478,42.9247,8.0
449,-7.9864,42.1452,8.0
450,-6.2002,43.5675,8.0
451,-4.9001,43.4341,13.0
452,-5.1682,43.4536,15.0
453,-4.7168,42.9174,3.0
454,-4.3334,42.9358,10.0
455,-4.4001,42.5591,5.0
456,-4.8833,42.8009,6.0
457,-4.7779,42.6194,10.0
458,-4.7334,42.5563,7.0
459,-4.8834,42.8535,3.0
460,-8.6531,42.4174,11.0
461,-8.8003,42.1507,7.0
462,-8.7448,42.0257,5.0
463,-2.42,42.1563,4.0
464,-2.5194,42.4494,14.0
465,-2.5833,42.0774,7.0
466,-2.5889,42.2758,9.0
467,-2.7194,42.2007,5.0
468,-2.6861,42.1841,4.0
469,-2.8333,42.3027,4.0
470,-2.5569,42.3216,9.0
471,-2.3694,42.1507,12.0
472,-6.0699,40.434,4.0
473,-6.1502,40.5424,11.0
474,-6.353,40.8674,28.0
475,-5.9174,40.5799,6.0
476,-6.1946,40.5493,3.0
477,-6.0593,40.479,2.0
478,-6.528,40.3687,3.0
479,-3.9195,43.3966,42.0
480,-4.0001,43.4341,11.0
481,-4.0251,43.2508,5.0
482,-4.2936,43.124,46.0
483,-4.089,41.2424,3.0
484,-4.4029,41.0257,7.0
485,-4.2834,41.0549,2.0
486,-4.4195,40.8674,26.0
487,-4.0001,41.3007,2.0
488,-3.8653,41.1924,4.0
489,-4.2834,41.3674,7.0
490,-4.2279,40.7007,4.0
491,-4.2006,40.7063,4.0
492,-4.234,40.7007,5.0
493,-4.2195,41.5007,7.0
494,-4.1737,40.741,6.0
495,-3.6723,41.2946,20.0
496,-4.3917,41.3216,2.0
497,-4.1723,41.3313,2.0
498,-4.2626,41.3216,2.0
499,-4.507,40.8721,3.0
500,-4.1167,40.8674,10.0
501,-4.1281,40.956,4.0
502,-4.1028,41.3132,49.0
503,-3.6,41.5507,15.0
504,-4.2862,40.7757,8.0
505,-4.1445,40.8007,6.0
506,-3.9667,40.9174,9.0
507,-3.45,41.2841,12.0
508,-3.9417,41.1757,3.0
509,-3.4278,41.5007,8.0
510,-3.4611,41.2382,17.0
511,-3.5417,41.3257,3.0
512,-3.4095,41.2174,10.0
513,-4.4195,41.4452,3.0
514,-4.0112,40.7896,5.0
515,-3.9431,40.9859,4.0
516,-3.5584,41.1715,21.0
517,-3.7639,41.3016,9.0
518,-3.7351,41.3009,19.0
519,-4.3956,41.4118,16.0
520,-4.0195,40.7507,4.0
521,-4.5284,41.159,2.0
522,-3.9962,40.9507,5.0
523,-4.0278,41.2007,4.0
524,-3.9689,41.2818,4.0
525,-4.1278,40.9785,3.0
526,-6.0418,37.8006,2.0
527,-5.7015,37.809,7.0
528,0.3419,40.7885,17.0
529,1.1227,41.3188,19.0
530,-1.6249,40.2924,12.0
531,-1.3999,40.534,19.0
532,-1.6194,40.5174,5.0
533,-1.0582,40.8257,8.0
534,-1.5666,40.934,17.0
535,-1.3527,40.3174,18.0
536,-1.3582,40.384,7.0
537,-0.6983,40.4009,20.0
538,-1.1,40.3481,5.0
539,-2.4833,42.0096,5.0
540,-2.4061,41.0924,15.0
541,-2.4029,42.0841,3.0
542,-2.8517,41.8388,2.0
543,-2.8611,41.9499,5.0
544,-2.1695,41.7174,16.0
545,-2.7833,41.8757,2.0
546,-2.7311,42.1119,2.0
547,-3.0179,41.8507,4.0
548,-3.2028,41.5674,21.0
549,-2.5528,42.0035,4.0
550,-2.7,41.9619,2.0
551,-2.6694,41.9424,4.0
552,-3.2467,41.4243,30.0
553,-2.8055,41.9102,2.0
554,-3.0569,41.8216,3.0
555,-2.9194,41.8674,9.0
556,-2.7917,41.8271,5.0
557,-3.0445,41.3424,15.0
558,-1.8222,41.8035,16.0
559,-2.6194,41.5674,2.0
560,-2.5666,41.9507,3.0
561,-2.6436,41.4202,21.0
562,-2.7639,41.9077,6.0
563,-2.8,41.9341,3.0
564,-2.3263,42.1205,4.0
565,-4.7195,40.134,8.0
566,-4.3779,40.284,3.0
567,-4.3694,40.2759,3.0
568,-4.2592,39.8537,9.0
569,-4.0126,39.8215,99.0
570,-4.7876,39.6215,2.0
571,-4.414,39.5651,9.0
572,-4.1701,40.2759,5.0
573,-4.5195,39.9173,9.0
574,-3.8878,39.8009,8.0
575,-4.4579,39.5987,4.0
576,-4.6456,39.6007,6.0
577,-4.5279,40.0868,4.0
578,-4.0195,39.9185,5.0
579,-4.0167,39.8507,16.0
580,-4.364,39.5104,2.0
581,-4.1512,39.6543,3.0
582,-3.9917,39.8423,3.0
583,-4.2209,39.5118,18.0
584,-3.9028,39.3365,9.0
585,-4.0902,39.4008,4.0
586,-4.0084,39.4651,6.0
587,-4.0913,39.4006,3.0
588,-0.471,39.684,16.0
589,-5.2361,41.4398,3.0
590,-4.8228,41.548,3.0
591,-3.0403,42.9939,9.0
592,-2.7105,43.3772,12.0
593,-3.2195,43.2508,10.0
594,-2.5055,43.3313,9.0
595,-2.6294,43.1977,10.0
596,-3.2195,43.3008,7.0
597,-6.4196,42.1799,16.0
598,-0.8556,42.3689,9.0
599,-0.9588,42.4091,13.0
600,0.3141,41.284,28.0
601,-1.1027,42.4174,14.0
602,-0.9332,41.9341,20.0
603,-2.7333,42.6841,31.0
604,-1.6333,39.8007,5.0
605,-4.4167,40.8507,4.0
606,-4.4667,40.734,4.0
607,-3.2334,41.0174,27.0
608,-4.2501,40.784,2.0
609,-4.5334,39.7173,1.0
610,-2.6,40.7675,5.0
611,-3.5978,39.3426,1.0
612,-4.1994,40.6714,4.0
613,-5.3835,39.634,3.0
614,-3.9834,40.9674,4.0
615,-2.8666,41.0913,3.0
616,-3.3334,41.9174,2.0
617,-4.7334,39.4173,34.0
618,-1.2999,42.0674,63.0
619,-3.6167,42.8841,10.0
620,-5.1405,36.6011,3.0
621,-5.1304,36.6506,5.0
622,-4.9488,36.6637,4.0
623,-4.9475,36.7264,4.0
624,-3.3997,37.1384,8.0
625,-3.1656,37.1764,13.0
626,-3.4742,36.9344,12.0
627,-3.2786,36.9637,8.0
628,-3.0089,42.4065,12.0
629,-2.9361,42.3852,8.0
630,-3.0446,42.3401,21.0
631,-2.9818,42.3127,5.0
632,-2.6874,42.3101,5.0
633,-2.672,42.3087,6.0
634,-2.8447,42.2998,19.0
635,-2.8945,42.2614,29.0
636,-2.7812,42.2824,28.0
637,-2.734,42.25,7.0
638,-2.578,42.2541,11.0
639,-2.2339,42.2698,8.0
640,-3.0875,42.2081,9.0
641,-3.0694,42.1686,15.0
642,-2.9,42.2208,11.0
643,-2.845,42.2306,17.0
644,-2.5743,42.2294,8.0
645,-2.7185,42.1737,13.0
646,-2.6033,42.168,10.0
647,-2.5182,42.1292,15.0
648,-2.4651,42.1431,9.0
649,-1.8048,41.7949,9.0
650,-0.8361,42.8303,6.0
651,-0.982,42.4218,11.0
652,-0.1637,42.4836,18.0
653,-3.7233,38.5773,11.0
654,-2.6019,40.5718,27.0
655,-4.8644,40.5681,80.0
656,-4.9668,40.4007,8.0
657,-4.5063,40.8852,17.0
658,-3.9334,41.3507,3.0
659,-2.6025,41.0682,3.0
660,-3.1781,40.5814,26.0
661,-2.016,39.8629,21.0
662,-5.8075,39.9601,25.0
663,-3.9277,41.0166,6.0
664,-4.5261,40.4038,9.0
665,-1.509,41.0895,8.0
666,-2.808,41.1912,12.0
667,-5.7485,40.2182,9.0
668,-4.7769,41.5239,4.0
669,-3.2087,41.1993,14.0
670,-4.3953,40.3412,2.0
671,-1.5697,40.4836,14.0
672,-4.5616,40.9765,2.0
673,-3.1333,41.2007,7.0
674,-2.598,40.6398,22.0
675,-5.1547,41.6963,16.0
676,-2.4788,40.0641,19.0
677,-3.679,40.5363,29.0
678,-3.9285,40.7598,13.0
679,-2.6734,41.8728,6.0
680,-4.4673,39.3351,10.0
681,-4.6635,41.3343,9.0
682,-4.6031,41.4054,26.0
683,-3.2017,40.1012,207.0
684,-5.1672,41.4412,122.0
685,-4.9745,40.4089,6.0
686,-6.5027,42.1,7.0
687,-1.8571,40.1839,30.0
688,-3.5506,40.3263,12.0
689,-1.7117,40.541,8.0
690,-3.8891,40.8898,7.0
691,-4.3834,39.5173,4.0
692,-3.6,38.534,16.0
693,-4.4501,40.7507,20.0
694,-3.4826,41.148,5.0
695,-5.3668,39.584,4.0
696,-1.0999,42.7841,18.0
697,-4.1501,40.734,2.0
698,-1.7666,41.3507,13.0
699,-4.1501,40.8007,3.0
700,-2.9078,37.0318,5.0
701,-1.9659,40.0961,15.0
702,-5.2001,40.634,2.0
703,-4.5001,41.1174,3.0
704,-2.4838,40.1001,28.0
705,-4.4834,40.3507,18.0
706,-5.0668,40.2174,2.0
707,-3.0333,40.5674,66.0
708,-5.7668,40.034,4.0
709,-3.1833,41.0674,10.0
710,-4.0667,40.9174,12.0
711,-0.8207,38.4762,25.0
712,-6.8836,43.5008,17.0
713,-0.7499,38.5173,23.0
714,-2.3138,40.6668,38.0
715,-4.5667,41.5481,14.0
716,-3.9334,41.2507,4.0
717,-5.0001,40.284,6.0
718,-2.7417,41.9174,11.0
719,-0.6715,38.5193,14.0
720,-3.9334,41.0007,5.0
721,-5.5001,41.517,9.0
722,-3.3634,41.1482,22.0
723,-1.9666,40.2007,27.0
724,-5.5014,41.5174,2.0
725,-0.5006,38.7518,23.0
726,-4.5668,40.3174,5.0
727,-4.5167,41.3314,2.0
728,-2.8833,40.684,9.0
729,-4.5167,41.4148,11.0
730,-4.5334,40.0674,4.0
731,-6.9002,39.4507,3.0
732,-0.8332,38.5506,33.0
733,-3.7334,38.434,5.0
734,-4.95,41.4981,6.0
735,-4.3042,42.9975,4.0
736,-1.7166,40.8674,5.0
737,-2.6,41.0674,6.0
738,-1.8907,43.1138,4.0
739,-1.8509,43.144,6.0
740,-1.7341,43.2285,4.0
741,-1.717,42.985,9.0
742,-1.6724,43.0075,3.0
743,-1.7218,43.0211,3.0
744,-1.7592,43.0238,8.0
745,-1.6054,43.0814,4.0
746,-1.2802,43.1135,6.0
747,-1.3117,43.073,5.0
748,-1.2411,43.0084,3.0
749,-1.2873,42.9337,4.0
750,-1.4343,43.1301,3.0
751,-1.4637,43.1824,3.0
752,-1.6212,43.1825,3.0
753,-1.9198,42.9389,3.0
754,-2.1223,42.8844,20.0
755,-1.7264,43.2382,6.0
756,-3.1981,41.7981,38.0
757,-0.0498,40.7007,24.0
758,-5.7516,39.5367,26.0
759,-5.0473,41.344,9.0
760,-3.9667,41.2841,1.0
761,-1.934,39.9973,17.0
762,-2.7,42.2007,18.0
763,-2.0999,40.9174,5.0
764,-2.9339,37.889,8.0
765,-3.0667,41.2031,16.0
766,-6.0204,39.8601,4.0
767,-4.3296,41.0256,3.0
768,-4.6178,41.3648,2.0
769,-4.0217,40.8607,14.0
770,-3.7953,41.2941,35.0
771,-5.4146,43.4705,15.0
772,-0.9149,41.5896,190.0
773,-3.4081,43.1188,10.0
774,-4.7351,40.1487,6.0
775,-2.4411,41.0188,10.0
776,-4.3309,41.191,2.0
777,-4.7119,41.4039,12.0
778,-5.3243,40.2094,14.0
779,-5.2485,40.4768,5.0
780,-4.6868,40.7179,3.0
781,-2.9397,40.5896,27.0
782,0.0022,38.8616,26.0
783,-0.6832,42.5174,16.0
784,-8.5712,42.1902,8.0
785,-3.8597,38.3671,6.0
786,-1.6205,40.4976,12.0
787,-3.8698,38.3499,26.0
788,-5.0668,40.184,53.0
789,-4.2994,41.1669,4.0
790,-1.7222,40.2279,24.0
791,-6.2335,42.2507,4.0
792,-4.2347,38.4088,4.0
793,-5.9819,38.7603,8.0
794,-0.6238,42.7411,15.0
795,-4.3207,41.6342,25.0
796,-4.7491,39.6349,5.0
797,-5.3278,43.1095,8.0
798,-5.0478,41.5846,22.0
799,-5.0474,41.5848,22.0
800,-1.8869,37.0329,15.0
801,-6.5669,40.434,9.0
802,-2.9481,41.9309,5.0
803,-6.2665,41.4507,13.0
804,-3.9237,40.9841,11.0
805,-4.7766,39.6147,15.0
806,-5.45,41.5167,4.0
807,2.5359,41.9461,38.0
808,2.5703,41.9372,27.0
809,2.5706,41.9372,27.0
810,2.5338,41.902,26.0
811,2.5031,41.8716,25.0
812,2.5187,41.8218,19.0
813,2.5195,41.8718,40.0
814,2.4569,41.871,40.0
815,2.4887,41.8117,27.0
816,2.541,41.9002,26.0
817,2.4779,42.1398,21.0
818,2.5251,42.1475,27.0
819,2.7436,42.4097,27.0
820,2.5896,41.6599,8.0
821,2.5618,41.6733,7.0
822,2.4386,41.8962,5.0
823,2.4469,41.9052,9.0
824,2.7168,41.9951,21.0
825,2.7145,42.0065,15.0
826,2.9215,41.9878,9.0
827,2.5976,41.9715,8.0
828,2.5884,41.9706,7.0
829,2.5564,42.0171,9.0
830,2.6002,41.8786,8.0
831,2.693,41.8012,9.0
832,2.625,41.786,6.0
833,2.6013,41.8213,6.0
834,2.5953,41.8328,10.0
835,0.7219,42.8466,11.0
836,0.8088,42.8133,9.0
837,0.814,42.7782,9.0
838,0.8404,42.776,7.0
839,0.7139,42.674,14.0
840,0.7701,42.6213,8.0
841,1.7645,42.28,38.0
842,1.8322,42.2915,11.0
843,1.9496,42.2341,28.0
844,1.756,42.0961,23.0
845,2.1003,42.2705,7.0
846,2.1822,42.2566,25.0
847,2.1917,42.2558,23.0
848,2.3509,42.1981,19.0
849,2.4106,42.2012,27.0
850,2.2959,42.108,23.0
851,2.3769,42.1051,31.0
852,2.3807,42.1077,27.0
853,2.4334,42.0757,19.0
854,2.4824,42.1395,20.0
855,2.5121,42.1512,23.0
856,2.9421,42.4689,18.0
857,2.4479,41.7935,23.0
858,2.4828,41.7982,19.0
859,-7.362,43.4262,20.0
860,-7.683,42.9848,13.0
861,-7.5327,42.9995,6.0
862,-6.9807,42.9688,3.0
863,-7.2153,42.8518,9.0
864,-6.9018,42.8397,4.0
865,-7.0949,42.8186,6.0
866,-7.0424,42.8145,12.0
867,-7.6085,42.7856,8.0
868,-7.2748,42.7413,8.0
869,-7.1977,42.5883,4.0
870,-7.2009,42.4244,6.0
871,-8.2177,42.8164,7.0
872,-8.1637,42.7788,5.0
873,-8.11,42.636,8.0
874,-7.79,42.7141,4.0
875,-7.7196,42.5633,4.0
876,-7.4735,42.4112,14.0
877,-7.0779,42.4574,4.0
878,-7.2789,42.3637,13.0
879,-7.1597,42.3055,3.0
880,-7.1052,42.1673,7.0
881,-6.6861,37.8888,6.0
882,-6.6814,37.8932,9.0
883,-6.6791,37.8967,5.0
884,-6.6666,37.8956,6.0
885,-6.6049,37.9043,6.0
886,-6.5528,37.8969,10.0
887,-6.5686,37.9017,11.0
888,-6.5653,37.8981,6.0
889,-5.728,37.9493,12.0
890,-5.4316,37.8972,11.0
891,-5.5722,37.9177,8.0
892,-5.2609,36.5785,8.0
893,-3.5869,43.1156,13.0
894,-3.4266,43.126,14.0
895,-3.2952,43.1769,6.0
896,-3.3427,43.0651,9.0
897,-3.191,43.0232,6.0
898,-2.9979,42.9449,14.0
899,-3.832,42.9415,6.0
900,-3.6978,42.9633,12.0
901,-4.1167,42.7147,10.0
902,-3.8529,42.6857,23.0
903,-3.3372,42.7094,23.0
904,-3.1895,42.7045,31.0
905,-3.1981,42.35,10.0
906,-3.1429,42.3387,3.0
907,-5.1983,36.5804,7.0
908,-0.9617,38.5381,25.0
909,-0.9417,38.534,25.0
910,-0.9719,38.5387,56.0
911,-1.4722,43.0149,20.0
912,-6.0488,40.5023,13.0
913,-4.9744,40.3899,10.0
914,-2.7032,40.6316,20.0
915,-2.7255,40.6649,26.0
916,-4.5272,41.1258,3.0
917,-3.2449,40.9857,5.0
918,-4.9906,40.1859,5.0
919,-4.9403,40.2391,4.0
920,-2.1085,40.766,16.0
921,-4.141,39.4316,5.0
922,-3.2555,40.9524,17.0
923,-4.3328,40.3698,3.0
924,-4.1386,40.6116,20.0
925,-4.9956,40.3885,6.0
926,-2.2536,40.9709,2.0
927,-1.8857,40.2599,19.0
928,-3.227,40.3658,112.0
929,-3.544,40.9973,7.0
930,-1.8702,41.0147,21.0
931,-4.1574,40.5181,6.0
932,-2.7403,40.5163,9.0
933,-4.0001,40.9007,5.0
934,-3.2878,41.1351,7.0
935,-4.967,40.3888,5.0
936,-3.2536,41.6901,12.0
937,-4.4335,40.3241,10.0
938,-3.4995,40.857,20.0
939,-3.4636,40.8959,6.0
940,-2.6186,41.1749,8.0
941,-4.0382,40.8579,7.0
942,-5.158,40.2357,4.0
943,-0.0922,40.4093,7.0
944,-4.0072,40.7537,3.0
945,-3.6813,40.8334,6.0
946,-3.7627,40.8501,4.0
947,-2.4997,37.9451,19.0
948,-5.3009,39.9861,26.0
949,-4.5027,41.1996,3.0
950,-4.9909,40.3741,6.0
951,-4.1396,40.6128,9.0
952,-4.7204,40.9839,2.0
953,-4.5601,41.3158,3.0
954,-3.8283,40.707,2.0
955,-4.2159,40.7138,7.0
956,-3.6698,41.0399,11.0
957,-4.7353,40.1438,8.0
958,-3.8977,40.4698,6.0
959,-4.7801,41.3127,4.0
960,-4.0271,41.4996,9.0
961,-5.0334,40.4174,13.0
962,-4.0263,40.8903,5.0
963,-3.6274,40.5752,7.0
964,-5.1079,39.9863,25.0
965,-1.7378,40.6067,36.0
966,-3.65,40.8,4.0
967,-3.651,41.1089,4.0
968,-4.2015,40.3063,4.0
969,-4.1838,40.651,7.0
970,-4.09,38.9425,8.0
971,-4.5791,40.3051,4.0
972,-2.5501,37.7366,88.0
973,-1.5833,37.5673,76.0
974,-1.2828,37.6004,43.0
975,-1.2999,37.6005,65.0
976,-1.3001,37.6008,33.0
977,-1.3499,37.5673,56.0
978,-1.2832,37.5969,31.0
979,-1.2666,37.6339,81.0
980,-1.2914,37.5974,65.0
981,-1.2825,37.5982,22.0
982,-1.5499,37.6006,100.0
983,-1.3499,37.5999,43.0
984,-1.2833,37.5999,81.0
985,-2.0166,38.1506,67.0
986,-1.9999,38.1673,30.0
987,-1.9333,38.184,45.0
988,-1.9499,38.184,51.0
989,-1.8999,38.1006,60.0
990,-1.8999,38.1506,102.0
991,-2.0833,38.0173,25.0
992,-1.8521,38.1005,54.0
993,-1.8833,38.1173,32.0
994,-1.7333,37.6674,118.0
995,-1.6833,37.5839,35.0
996,-1.6529,37.7173,110.0
997,-1.5666,37.4839,112.0
998,-1.6333,37.734,54.0
999,-1.6501,37.7075,92.0
1000,-1.7331,37.6673,60.0
1001,-1.5499,37.6339,181.0
1002,-1.7999,37.5506,32.0
1003,-1.6499,37.6506,100.0
1004,-1.5999,37.5506,71.0
1005,-1.6666,37.6339,60.0
1006,-1.7333,37.6506,128.0
1007,-0.7499,38.484,31.0
1008,-0.7499,38.6173,22.0
1009,-0.6603,38.6002,34.0
1010,-0.7332,38.484,25.0
1011,-0.6844,38.5646,25.0
1012,-0.5665,38.534,46.0
1013,-0.6499,38.584,62.0
1014,-0.7165,38.534,67.0
1015,-0.7165,38.6673,68.0
1016,-0.6499,38.7173,38.0
1017,-0.5499,38.5506,74.0
1018,-0.6646,38.5521,61.0
1019,-0.6665,38.7006,94.0
1020,-0.7165,38.4673,67.0
1021,-0.6832,38.634,55.0
1022,2.0017,41.3353,190.0
1023,1.9928,41.326,22.0
1024,2.0015,41.3188,14.0
1025,1.9926,41.3235,13.0
1026,1.9982,41.3198,11.0
1027,1.9974,41.3185,26.0
1028,1.9919,41.3238,16.0
1029,2.0027,41.3246,13.0
1030,1.9982,41.3175,8.0
1031,2.0003,41.3174,45.0
1032,2.0,41.32,15.0
1033,1.9927,41.3187,12.0
1034,2.0003,41.3174,10.0
1035,2.0009,41.3176,11.0
1036,2.0013,41.3194,19.0
1037,2.0006,41.3219,16.0
1038,2.0005,41.3199,8.0
1039,0.0166,41.3507,24.0
1040,0.0168,41.3341,16.0
1041,0.0153,41.3341,32.0
1042,0.0167,41.334,53.0
1043,0.0166,41.3337,21.0
1044,0.0162,41.3341,31.0
1045,1.9926,41.3336,24.0
1046,0.0167,41.3507,22.0
1047,0.0169,41.351,16.0
1048,2.0019,41.338,14.0
1049,2.0004,41.3341,13.0
1050,2.0004,41.333,13.0
1051,1.9992,41.3348,35.0
1052,2.0004,41.3347,28.0
1053,2.0006,41.3333,24.0
1054,1.9827,41.3352,19.0
1055,2.0003,41.3349,12.0
1056,0.0169,41.334,7.0
1057,1.9985,41.3371,22.0
1058,1.9992,41.3341,28.0
1059,-0.1328,42.6201,7.0
1060,-2.3333,42.0674,154.0
1061,-1.8177,41.8007,64.0
1062,-0.8165,41.7341,129.0
1063,-0.7832,41.6674,71.0
1064,-0.8999,42.0507,94.0
1065,-0.6999,41.6174,59.0
1066,-1.6666,41.8341,33.0
1067,-2.5512,37.7506,88.0
1068,-2.7333,37.5506,128.0
1069,-2.5645,37.5833,28.0
1070,-2.5704,37.584,115.0
1071,-2.5666,37.5839,61.0
1072,-2.5666,37.584,165.0
1073,-2.5662,37.5841,95.0
1074,-2.7,37.6006,95.0
1075,-3.7167,37.1005,95.0
1076,-3.718,37.0997,200.0
1077,-3.9167,37.0839,75.0
1078,-3.6,39.8673,70.0
1079,-3.4667,39.7673,22.0
1080,-2.3833,37.6173,34.0
1081,-2.2333,37.6506,30.0
1082,-2.3833,37.5506,24.0
1083,-2.4498,37.6006,35.0
1084,-2.4506,37.6006,36.0
1085,-2.45,37.5999,41.0
1086,-1.83,37.3808,25.0
1087,-1.8166,37.3006,75.0
1088,-1.8999,37.1673,92.0
1089,-1.7666,37.3173,73.0
1090,-1.8333,37.1839,76.0
1091,-1.8333,37.2006,126.0
1092,-1.8999,37.0506,21.0
1093,-2.2166,36.7673,66.0
1094,-2.2,36.8173,95.0
1095,-2.05,36.8173,35.0
1096,-2.1,36.8173,53.0
1097,-2.1166,36.7839,117.0
1098,-2.233,36.7854,35.0
1099,-2.2189,36.7643,127.0
1100,-2.2166,36.7673,112.0
1101,-2.1189,37.3665,53.0
1102,-1.8999,37.4839,41.0
1103,-2.0666,37.4673,34.0
1104,-1.8666,37.4673,64.0
1105,-2.1166,37.3673,35.0
1106,-2.1,37.684,44.0
1107,-2.1361,37.5039,55.0
1108,-1.8502,38.1017,32.0
1109,-2.5666,37.4839,83.0
1110,-1.7002,37.6643,199.0
1111,-1.7002,37.6675,22.0
1112,-2.45,37.7003,42.0
1113,-2.45,37.7006,35.0
1114,-2.4553,37.7007,38.0
1115,-2.9833,37.3173,40.0
1116,-2.95,37.3339,40.0
1117,-3.0833,37.3173,39.0
1118,-3.15,37.3006,40.0
1119,-2.8667,37.2173,55.0
1120,-2.8333,37.3839,124.0
1121,-2.7167,37.4673,203.0
1122,-2.8333,37.4173,75.0
1123,-2.5833,37.3339,28.0
1124,-2.7649,37.483,34.0
1125,-2.7667,37.4673,33.0
1126,-2.5833,37.3673,34.0
1127,-2.5833,37.4499,65.0
1128,-2.75,37.4576,41.0
1129,-2.749,37.4704,64.0
1130,-2.7644,37.4666,41.0
1131,-2.7667,37.4673,38.0
1132,-2.8167,37.1006,151.0
1133,-2.7499,37.4673,51.0
1134,-6.5002,40.1674,164.0
1135,-4.6001,41.2674,71.0
1136,-4.6334,41.5174,40.0
1137,-6.3524,37.0519,84.0
1138,-6.3402,37.0352,179.0
1139,-2.6166,42.5174,8.0
1140,-6.3505,37.0496,43.0
1141,-6.4085,37.0864,97.0
1142,-3.4334,40.1673,40.0
1143,-3.4,40.1174,31.0
1144,-3.4294,40.1674,25.0
1145,-3.4167,40.1507,200.0
1146,-1.6164,41.9507,27.0
1147,-1.6833,41.8174,77.0
1148,-1.5999,41.8841,87.0
1149,-1.6006,41.8841,75.0
1150,0.5993,41.7674,134.0
1151,-6.3669,37.2839,57.0
1152,-6.2327,37.3003,35.0
1153,-6.2329,37.3043,55.0
1154,-6.235,37.3108,104.0
1155,-6.2322,37.3007,201.0
1156,-6.2335,37.3006,26.0
1157,-6.3668,37.2839,33.0
1158,-6.5019,37.2506,35.0
1159,-6.2337,37.3052,21.0
1160,-6.5002,37.2506,39.0
1161,-6.5502,37.2506,69.0
1162,-6.2322,37.3006,22.0
1163,-6.2321,37.3137,68.0
1164,-6.3668,37.284,140.0
1165,-6.3668,37.2837,26.0
1166,-6.4168,37.0672,141.0
1167,-6.4928,37.079,119.0
1168,2.0003,41.3174,37.0
1169,0.0502,41.284,19.0
1170,0.0668,41.2674,27.0
1171,1.6336,41.6841,17.0
1172,0.9836,41.3674,80.0
1173,-1.0666,39.1173,74.0
1174,-1.1166,39.084,60.0
1175,-1.1499,39.134,49.0
1176,-1.0832,39.0673,37.0
1177,-1.1999,39.0173,25.0
1178,-0.9832,39.0507,37.0
1179,-0.9832,39.084,29.0
1180,-0.9832,39.1673,45.0
1181,-1.2166,39.0673,24.0
1182,-0.9666,39.1007,49.0
1183,-0.9332,39.0173,45.0
1184,-1.1666,39.134,71.0
1185,-1.1832,39.134,73.0
1186,-0.8999,39.1673,81.0
1187,-0.8999,39.1007,71.0
1188,-1.2166,39.084,51.0
1189,-1.0999,39.0673,20.0
1190,1.9003,41.4341,77.0
1191,1.9006,41.4345,47.0
1192,1.9003,41.434,20.0
1193,1.9008,41.4357,20.0
1194,1.8996,41.4355,27.0
1195,-7.9453,41.8767,21.0
1196,1.7669,41.8841,18.0
1197,1.7169,41.8674,19.0
1198,1.717,41.8674,20.0
1199,1.7836,41.9507,20.0
1200,1.7837,41.9504,14.0
1201,1.9169,41.3174,33.0
1202,1.9169,41.3165,82.0
1203,1.9166,41.3176,9.0
1204,1.9175,41.3153,13.0
1205,1.917,41.3186,8.0
1206,1.9169,41.3174,1.0
1207,3.8837,40.0505,71.0
1208,3.9004,40.0506,37.0
1209,3.9007,40.0504,19.0
1210,3.8837,40.0507,208.0
1211,3.884,40.0523,25.0
1212,-0.5499,42.2007,52.0
1213,-0.4323,41.9506,112.0
1214,-0.4327,41.9507,197.0
1215,-0.4326,41.9503,53.0
1216,-0.15,41.4337,74.0
1217,-0.4333,41.9507,53.0
1218,-0.1499,41.4336,57.0
1219,-0.1498,41.4341,33.0
1220,-0.2332,41.5841,35.0
1221,-0.2332,41.5841,35.0
1222,-0.2998,41.5507,34.0
1223,-0.3999,41.5677,63.0
1224,-0.3999,41.5674,22.0
1225,-0.3665,41.5842,137.0
1226,-0.3665,41.5841,112.0
1227,-0.5665,41.5341,21.0
1228,-0.5156,41.534,29.0
1229,0.9669,41.3674,16.0
1230,-0.6665,41.1174,9.0
1231,-0.6999,41.1174,9.0
1232,-0.6165,40.7507,11.0
1233,0.1669,42.4174,6.0
1234,0.4169,42.4508,12.0
1235,0.3502,42.4174,11.0
1236,0.2002,42.3174,10.0
1237,0.1335,42.4174,3.0
1238,0.1335,42.3674,14.0
1239,-1.851,38.1008,35.0
1240,-1.851,38.1006,141.0
1241,-1.8495,38.1007,90.0
1242,-1.8499,38.1018,47.0
1243,-1.8511,38.1011,30.0
1244,-2.7666,37.4838,156.0
1245,-2.7647,37.4839,55.0
1246,-2.7665,37.4832,41.0
1247,-2.7667,37.4839,74.0
1248,-2.7667,37.4839,34.0
1249,-2.7671,37.4843,84.0
1250,-2.767,37.4837,44.0
1251,-2.7659,37.4872,36.0
1252,-2.7673,37.4861,101.0
1253,-1.7001,37.6669,57.0
1254,-1.7001,37.6648,192.0
1255,-1.8166,37.5673,25.0
1256,-1.7,37.6673,27.0
1257,-2.7671,37.4839,28.0
1258,-2.7678,37.4795,25.0
1259,-2.7649,37.4873,38.0
1260,-1.6998,37.6672,185.0
1261,-1.4298,37.6011,100.0
1262,-4.6501,37.5173,46.0
1263,-1.6999,37.6678,81.0
1264,-1.2344,37.7341,59.0
1265,-1.4331,37.6022,45.0
1266,-2.1833,37.3506,98.0
1267,-2.15,37.3839,18.0
1268,-2.4666,37.3339,143.0
1269,-2.5,37.3506,62.0
1270,-2.4055,37.8026,42.0
1271,-2.2666,37.5839,38.0
1272,-2.0166,36.8506,107.0
1273,-1.8333,37.2339,129.0
1274,-2.0833,37.684,54.0
1275,-0.9999,38.134,64.0
1276,-1.6998,37.6673,31.0
1277,-1.8666,37.8506,54.0
1278,-2.1666,37.7173,37.0
1279,-2.0333,37.8006,42.0
1280,-2.15,38.234,25.0
1281,-2.1006,38.2173,29.0
1282,-1.8999,38.3006,40.0
1283,-2.0935,38.2172,52.0
1284,-2.1,38.2174,36.0
1285,-2.1031,38.2173,26.0
1286,-1.8999,38.3173,80.0
1287,-3.15,37.1839,50.0
1288,-2.05,36.9506,194.0
1289,-2.4333,36.8339,120.0
1290,-2.2166,36.8839,116.0
1291,-2.0666,37.1839,40.0
1292,-1.8666,37.2506,34.0
1293,-2.1833,37.2839,160.0
1294,-2.1833,37.284,130.0
1295,-1.9794,37.2516,70.0
1296,-2.1833,37.3173,130.0
1297,-1.8102,37.2497,130.0
1298,-2.4406,37.5344,77.0
1299,-2.7167,37.7173,67.0
1300,-2.4515,37.5941,44.0
1301,-2.4333,37.5839,36.0
1302,-2.2,37.8006,42.0
1303,-2.1833,37.7173,38.0
1304,-2.4518,37.534,35.0
1305,-2.45,37.5339,41.0
1306,-2.4527,37.5898,35.0
1307,-2.4166,37.6173,28.0
1308,-2.443,37.5348,22.0
1309,-2.4833,37.5839,44.0
1310,-2.4497,37.534,33.0
1311,-2.4388,37.5339,34.0
1312,-2.4459,37.5956,44.0
1313,-2.3665,37.8174,48.0
1314,-2.3666,37.8173,39.0
1315,-2.2833,37.8173,39.0
1316,-2.45,37.53,32.0
1317,-2.4833,37.5339,27.0
1318,-2.2838,37.5688,15.0
1319,-2.4,37.6006,20.0
1320,-2.25,37.5506,11.0
1321,-2.3833,37.6006,29.0
1322,-1.8999,37.9506,46.0
1323,-1.8499,38.1002,137.0
1324,-1.8499,38.1006,94.0
1325,-1.6992,37.6672,39.0
1326,-1.8505,38.1004,110.0
1327,-1.8505,38.1007,97.0
1328,-1.8504,38.1009,51.0
1329,-3.1991,36.7839,52.0
1330,-3.2,36.7835,59.0
1331,-3.2,36.7839,65.0
1332,-1.8333,41.4341,28.0
1333,-1.4666,41.7674,88.0
1334,-3.4167,36.7839,35.0
1335,-3.5167,36.7506,81.0
1336,-3.3167,36.7506,23.0
1337,-3.1999,36.7837,52.0
1338,-3.2,36.7847,39.0
1339,-1.4996,37.7673,104.0
1340,-1.4157,37.8506,31.0
1341,-1.4149,37.8503,37.0
1342,-1.4999,37.7683,60.0
1343,-1.4166,37.8506,88.0
1344,-1.1861,37.7335,152.0
1345,-1.2666,37.6839,30.0
1346,-0.9499,37.734,87.0
1347,-0.951,37.734,195.0
1348,-1.0332,37.5839,84.0
1349,-0.8166,37.6505,39.0
1350,-0.9832,37.7173,107.0
1351,-0.9666,37.7173,44.0
1352,-0.8163,37.6506,45.0
1353,-1.2332,37.7673,76.0
1354,-0.8173,37.6504,35.0
1355,-1.2332,37.7343,89.0
1356,-0.1665,42.0341,28.0
1357,-0.1665,42.0351,90.0
1358,-0.1658,42.034,80.0
1359,-0.1655,42.0343,140.0
1360,-0.166,42.0341,200.0
1361,-2.1833,42.6508,29.0
1362,-2.1833,42.6508,21.0
1363,-2.1837,42.6508,20.0
1364,-2.1333,42.6508,25.0
1365,-2.1833,42.6635,22.0
1366,-2.1833,42.6499,21.0
1367,-2.184,42.6508,24.0
1368,-2.1915,42.6524,28.0
1369,-4.6668,39.5662,15.0
1370,-4.6664,39.5673,12.0
1371,-4.6668,39.5672,3.0
1372,-4.668,39.5668,4.0
1373,-4.6692,39.5673,3.0
1374,-4.6667,39.5673,6.0
1375,-4.6662,39.5682,5.0
1376,-4.6679,39.5687,9.0
1377,-4.6676,39.5678,15.0
1378,-4.668,39.568,12.0
1379,-4.6668,39.5673,10.0
1380,0.1343,41.434,16.0
1381,0.1335,41.4348,24.0
1382,0.1335,41.4341,18.0
1383,-0.5999,41.5674,63.0
1384,-0.5165,41.5352,78.0
1385,-0.5995,41.5675,187.0
1386,-0.533,41.5341,33.0
1387,-0.7196,41.5716,131.0
1388,-0.5331,41.5373,144.0
1389,-0.4665,41.4841,16.0
1390,-0.8396,41.5721,32.0
1391,-0.4665,41.4341,18.0
1392,2.1938,41.6363,22.0
1393,2.1804,41.6189,25.0
1394,2.1565,41.6201,187.0
1395,2.1448,41.6235,165.0
1396,1.9532,41.6288,156.0
1397,2.0728,41.6236,22.0
1398,1.8336,41.6341,29.0
1399,-0.9077,42.0007,7.0
1400,-0.8582,42.0007,16.0
1401,-2.4666,42.5674,20.0
1402,-1.0332,37.6673,22.0
1403,-1.2334,37.734,38.0
1404,-3.4167,40.184,47.0
1405,-3.4167,40.134,31.0
1406,-1.4996,42.2007,84.0
1407,-1.4999,42.2006,152.0
1408,-5.6834,41.4348,103.0
1409,-5.6794,41.4706,24.0
1410,-5.6903,41.4274,130.0
1411,-5.6278,41.296,25.0
1412,-5.6048,41.3874,78.0
1413,-5.6077,41.3958,190.0
1414,-5.6427,41.3466,90.0
1415,-5.6644,41.4114,24.0
1416,-5.6494,41.4499,52.0
1417,-5.6281,41.385,54.0
