,Longitude,Latitude,K [mg/kg]
0,-5.0113,41.4899,10.02
1,-2.7363,42.4142,135.7
2,-4.267,41.3465,103.19
3,-6.6181,38.5071,320.0
4,-1.7449,41.7826,93.97
5,-3.1805,41.3507,73.0
6,-5.0324,41.5823,276.32
7,-2.0805,40.1132,312.26
8,-4.1922,43.1491,121.36
9,-5.9305,42.8624,104.98
10,-5.0741,40.2521,115.81
11,-2.2579,41.0124,151.02
12,-4.5457,41.3026,13.04
13,-1.2815,42.9428,93.0
14,-5.0051,40.3028,80.02
15,-3.9262,41.1259,258.0
16,-1.8278,43.3536,140.0
17,-1.8778,43.3292,117.0
18,-1.8097,43.3272,141.0
19,-1.8053,43.2903,235.0
20,-1.8458,43.2856,80.0
21,-1.9423,43.1386,519.0
22,-2.0039,43.1434,396.0
23,-1.9619,43.222,169.0
24,-2.0256,43.2764,186.0
25,-2.1122,43.2458,73.0
26,-2.1597,43.2397,151.0
27,-2.3111,43.2703,434.0
28,-2.2597,43.1883,304.0
29,-2.4067,43.2347,138.0
30,-2.2039,43.1758,384.0
31,-2.3242,43.1697,321.0
32,-2.5042,43.1625,256.0
33,-2.1068,43.1096,743.0
34,-2.1082,43.1153,193.0
35,-2.3794,43.1286,141.0
36,-2.3939,43.1022,680.0
37,-2.0811,43.0619,206.0
38,-2.2722,43.0625,425.0
39,-2.4047,43.0406,235.0
40,-2.4792,43.0708,205.0
41,-2.1817,42.9764,239.0
42,-2.2883,42.9828,378.0
43,-2.5264,43.0064,171.0
44,-2.5644,42.9995,524.0
45,-2.47,42.8764,772.0
46,-2.5128,42.8961,208.0
47,-2.6256,43.0492,172.0
48,-2.6044,43.0245,564.0
49,-2.5411,43.0389,724.0
50,-2.5894,43.0106,238.0
51,-2.5439,43.0536,472.0
52,-2.6017,43.0092,179.0
53,-2.9528,43.0397,299.0
54,-2.9469,43.017,256.0
55,-3.0381,43.1083,578.0
56,-3.0772,43.0925,594.0
57,-3.0628,43.1217,296.0
58,-3.0314,43.1408,433.0
59,-2.8353,43.1508,744.0
60,-2.7644,43.3989,999.0
61,-2.7586,43.38,476.0
62,-2.6347,43.3717,534.0
63,-2.6931,43.312,740.0
64,-2.4728,43.2531,119.0
65,-2.5847,43.2981,631.0
66,-2.5828,43.2839,567.0
67,-2.6144,43.2933,637.0
68,-2.5833,43.1956,149.0
69,-2.6272,43.2064,128.0
70,-2.6222,43.2047,263.0
71,-2.6506,43.1683,241.0
72,-2.6611,43.1597,50.0
73,-2.6494,43.1439,342.0
74,-2.65,43.1917,275.0
75,-2.6503,43.1358,412.0
76,-2.6569,43.0772,332.0
77,-2.7069,43.0753,159.0
78,-2.7714,43.1267,433.0
79,-2.7961,43.1053,483.0
80,-2.7872,43.1122,638.0
81,-2.8333,43.2597,232.0
82,-2.8347,43.2586,434.0
83,-2.8528,43.2228,159.0
84,-2.87,43.2397,278.0
85,-2.8397,43.1467,206.0
86,-2.8394,43.1439,151.0
87,-2.9711,43.0953,267.0
88,-2.9367,43.132,96.0
89,-3.0986,43.2975,120.0
90,-3.0917,43.1995,361.0
91,-3.0828,43.1772,630.0
92,-3.0597,43.1764,882.0
93,-3.2214,43.2014,186.0
94,-3.1314,43.19,199.0
95,-3.1714,43.2617,572.0
96,-3.1772,43.2603,226.0
97,-3.2097,43.2142,134.0
98,-3.2481,43.2758,679.0
99,-3.2439,43.2731,688.0
100,-3.2592,43.2753,823.0
101,-3.3228,43.2106,370.0
102,-3.3678,43.2417,408.0
103,-3.1994,43.3103,143.0
104,-3.1717,43.3108,174.0
105,-3.2361,43.3422,234.0
106,-3.2772,43.3881,253.0
107,-4.9962,41.1533,80.42
108,-4.24,41.3081,130.0
109,-4.5422,39.6631,63.54
110,-2.7006,43.2814,56.0
111,-4.4882,41.2676,13.03
112,-3.2814,43.3736,144.0
113,-3.2861,43.2981,267.0
114,-3.3278,43.3078,233.0
115,-3.8971,43.1429,65.0
116,-3.889,43.2828,423.0
117,-3.9195,43.2854,271.0
118,-3.9191,43.2566,151.0
119,-4.113,43.3033,109.0
120,-4.0138,43.2471,243.0
121,-4.0744,43.2264,421.0
122,-4.101,43.3043,272.0
123,-4.2708,43.3475,226.0
124,-4.2928,43.3439,198.0
125,-4.2844,43.3425,122.0
126,-5.2561,43.4453,92.0
127,-5.2147,43.4314,53.0
128,-5.2117,43.4356,29.0
129,-5.3128,43.3342,24.0
130,-5.4683,43.3433,99.0
131,-5.5061,43.4861,98.0
132,-5.4819,43.4856,31.0
133,-5.4911,43.4272,372.0
134,-5.535,43.4631,106.0
135,-6.1028,43.5144,147.0
136,-6.2792,43.417,93.0
137,-6.2869,43.3675,33.0
138,-6.2875,43.4433,37.0
139,-6.3458,43.4458,98.0
140,-6.398,43.4447,80.0
141,-7.0744,43.5192,180.0
142,-7.1403,43.46,319.0
143,-7.564,43.4731,134.0
144,-7.5662,43.6281,226.0
145,-7.6636,43.7008,197.0
146,-7.4244,43.1342,97.0
147,-7.8958,43.1197,164.0
148,-7.9032,43.1349,205.0
149,-8.0139,43.1403,96.0
150,-7.995,43.2258,124.0
151,-8.068,43.2053,85.0
152,-8.0783,43.2045,57.0
153,-8.1086,43.1797,104.0
154,-8.08,43.2281,120.0
155,-8.1575,43.4689,108.0
156,-7.9478,43.63,98.0
157,-8.1842,43.5681,357.0
158,-8.3983,43.227,220.0
159,-8.9372,43.155,153.0
160,-8.9478,43.162,58.0
161,-9.0894,42.875,55.0
162,-9.0686,42.8439,75.0
163,-8.4556,42.7609,137.0
164,-8.7061,42.8245,199.0
165,-8.7047,42.8131,143.0
166,-8.7389,42.7175,98.0
167,-8.8878,42.7017,72.0
168,-8.7294,42.6156,55.0
169,-8.7575,42.5656,170.0
170,-8.6203,42.5759,129.0
171,-8.7041,42.4842,222.0
172,-8.3491,42.5536,258.0
173,-8.5842,42.212,189.0
174,-8.58,42.2086,250.0
175,-8.573,42.2522,187.0
176,-7.9611,42.0425,209.0
177,-8.0005,42.2945,145.0
178,-7.3394,41.957,96.0
179,-7.1347,42.1175,415.0
180,-3.2225,43.3058,139.0
181,-3.3589,43.3125,147.0
182,-3.4475,43.1522,198.0
183,-3.4497,43.1483,29.0
184,-3.5839,43.1578,61.0
185,-3.5925,43.1608,110.0
186,-3.6053,43.2031,41.0
187,-3.63,43.2045,207.0
188,-3.6756,43.2239,30.0
189,-3.6906,43.2286,108.0
190,-3.6683,43.2467,78.0
191,-3.6478,43.2981,211.0
192,-3.7706,43.2669,111.0
193,-3.7433,43.2147,63.0
194,-3.7517,43.1178,123.0
195,-3.7528,43.1142,124.0
196,-3.8167,43.1731,81.0
197,-3.8175,43.0803,108.0
198,-3.8544,43.0464,176.0
199,-3.8597,43.042,112.0
200,-3.8894,43.0492,54.0
201,-3.9114,43.035,93.0
202,-3.9786,43.0361,83.0
203,-3.9572,43.0753,254.0
204,-3.9619,43.0895,180.0
205,-3.9731,43.2042,105.0
206,-4.1406,43.2014,53.0
207,-4.0458,43.0961,215.0
208,-4.0447,43.0925,164.0
209,-4.0842,43.0767,226.0
210,-4.0617,43.0731,226.0
211,-4.0369,43.045,244.0
212,-4.0661,43.0345,135.0
213,-4.1042,43.0225,500.0
214,-3.8489,42.9236,70.0
215,-3.8867,42.9189,190.0
216,-3.9511,42.8936,171.0
217,-3.9011,42.8045,84.0
218,-3.913,42.7978,79.0
219,-3.9592,42.8114,246.0
220,-3.9961,42.8492,298.0
221,-4.0542,42.8114,118.0
222,-4.0464,42.8792,381.0
223,-4.0372,42.9195,154.0
224,-4.0592,42.9514,75.0
225,-4.1014,42.9347,167.0
226,-4.1255,42.967,123.0
227,-4.1436,42.9489,186.0
228,-4.2136,42.9681,258.0
229,-4.2472,42.9675,192.0
230,-4.2444,42.9728,260.0
231,-4.2292,43.0681,166.0
232,-4.275,43.1047,134.0
233,-4.3719,43.0433,297.0
234,-4.3897,43.07,217.0
235,-4.3286,43.2303,98.0
236,-4.3369,43.1867,59.0
237,-4.4678,43.2422,74.0
238,-4.4658,43.1236,109.0
239,-4.4953,43.1033,478.0
240,-4.5164,43.1336,132.0
241,-4.5422,43.1856,216.0
242,-4.6633,43.0561,117.0
243,-4.7561,43.0828,86.0
244,-4.7533,43.085,269.0
245,-4.7539,43.1022,350.0
246,-4.7864,43.167,212.0
247,-4.7594,43.182,223.0
248,-4.715,43.1508,500.0
249,-4.6589,43.2369,74.0
250,-4.6842,43.2258,80.0
251,-4.678,43.3536,323.0
252,-4.6889,43.3486,68.0
253,-4.7217,43.2961,132.0
254,-4.7258,43.2583,243.0
255,-4.755,43.2367,500.0
256,-4.7594,43.1947,231.0
257,-4.9975,43.4031,87.0
258,-4.9994,43.2889,51.0
259,-4.9872,43.2792,119.0
260,-4.993,43.2608,263.0
261,-4.9986,43.262,457.0
262,-5.013,43.2606,67.0
263,-5.0205,43.2642,116.0
264,-5.0172,43.2861,170.0
265,-5.195,43.4369,93.0
266,-5.2253,43.277,218.0
267,-5.2114,43.2025,329.0
268,-5.1564,43.1942,100.0
269,-5.1283,43.1458,235.0
270,-5.2164,43.1033,142.0
271,-5.2217,43.1106,213.0
272,-5.2914,43.1445,141.0
273,-5.3061,43.1008,96.0
274,-5.3217,43.1111,103.0
275,-5.3861,43.2756,155.0
276,-5.3967,43.2725,129.0
277,-5.368,43.2333,300.0
278,-5.4778,43.2156,190.0
279,-5.4517,43.1889,190.0
280,-5.4372,43.192,66.0
281,-5.4255,43.1967,237.0
282,-5.4781,43.1533,237.0
283,-5.4025,43.0597,115.0
284,-5.4606,43.0736,178.0
285,-5.5189,43.1028,195.0
286,-5.5889,43.0681,121.0
287,-5.525,43.2917,367.0
288,-5.6586,43.2222,165.0
289,-5.643,43.2228,120.0
290,-5.6244,43.1961,142.0
291,-5.6694,43.1325,52.0
292,-5.6903,43.1247,238.0
293,-5.675,43.1272,329.0
294,-5.6883,43.1147,185.0
295,-5.7611,43.01,154.0
296,-5.7658,43.0008,271.0
297,-5.7928,42.9864,158.0
298,-5.8011,42.9861,376.0
299,-5.7783,43.1836,165.0
300,-5.8336,43.2256,139.0
301,-5.9264,43.2392,154.0
302,-5.925,43.185,158.0
303,-5.9053,43.1442,490.0
304,-5.8961,43.1397,227.0
305,-5.9086,43.0611,237.0
306,-5.8925,42.9925,112.0
307,-6.0086,43.0625,199.0
308,-5.9856,43.0911,124.0
309,-5.9772,43.185,313.0
310,-6.0033,43.1639,488.0
311,-6.0728,43.137,327.0
312,-6.0472,43.0967,174.0
313,-6.0408,43.085,223.0
314,-6.1325,43.2378,263.0
315,-6.1078,43.1975,484.0
316,-6.1605,43.1633,262.0
317,-6.0942,43.0589,218.0
318,-6.1169,43.0536,242.0
319,-6.1455,43.0508,175.0
320,-6.2394,43.057,251.0
321,-6.2383,43.0336,187.0
322,-6.3233,43.0617,201.0
323,-6.32,43.0917,83.0
324,-6.3364,43.1431,246.0
325,-6.2911,43.2233,260.0
326,-6.253,43.2278,373.0
327,-6.2678,43.28,120.0
328,-6.2825,43.4531,70.0
329,-6.3544,43.3781,83.0
330,-6.3992,43.3717,52.0
331,-6.3742,43.3442,43.0
332,-6.47,43.3303,134.0
333,-6.3722,43.3097,168.0
334,-6.4286,43.2261,215.0
335,-6.4458,43.1781,201.0
336,-6.4658,43.0995,39.0
337,-6.4647,43.0711,98.0
338,-6.4697,43.05,159.0
339,-6.4283,43.07,31.0
340,-6.3772,43.06,102.0
341,-6.4275,42.9939,53.0
342,-6.4864,42.9739,183.0
343,-6.448,42.9461,163.0
344,-6.5264,42.9392,166.0
345,-6.5747,42.982,328.0
346,-6.6189,42.9542,130.0
347,-6.7872,42.9172,82.0
348,-6.743,42.9453,83.0
349,-6.7025,42.9425,97.0
350,-6.7472,43.0222,116.0
351,-6.7225,43.0428,211.0
352,-6.6789,43.0325,143.0
353,-6.6978,43.0125,226.0
354,-6.8869,42.9945,108.0
355,-6.8769,42.9992,140.0
356,-6.8247,43.065,116.0
357,-6.7958,43.1008,64.0
358,-6.6825,43.1614,123.0
359,-6.6742,43.1528,648.0
360,-6.5728,43.1842,212.0
361,-6.5553,43.2142,165.0
362,-6.5844,43.232,223.0
363,-6.6661,43.2631,169.0
364,-6.6758,43.2689,216.0
365,-6.79,43.2017,102.0
366,-6.7694,43.2292,96.0
367,-6.7319,43.2597,50.0
368,-6.6705,43.3086,281.0
369,-6.6458,43.4691,81.0
370,-6.7269,43.332,116.0
371,-6.7569,43.3706,204.0
372,-6.8219,43.4406,190.0
373,-6.8358,43.4364,72.0
374,-6.9519,43.3703,188.0
375,-7.0125,43.347,46.0
376,-7.0267,43.3208,113.0
377,-6.9691,43.275,67.0
378,-6.86,43.2436,193.0
379,-6.9453,43.1347,73.0
380,-6.9547,43.1689,139.0
381,-7.0322,43.2736,157.0
382,-7.6697,43.5136,54.0
383,-7.5197,43.5813,92.0
384,-7.6461,43.5361,61.0
385,-7.4186,43.5947,43.0
386,-7.4953,43.5836,182.0
387,-7.4586,43.593,88.0
388,-7.4342,43.5872,57.0
389,-7.46,43.4466,26.0
390,-7.4053,43.4541,57.0
391,-7.6181,43.4208,61.0
392,-7.6308,43.448,54.0
393,-7.5331,43.5925,57.0
394,-7.5628,43.548,159.0
395,-7.4897,43.4466,133.0
396,-7.5091,43.5183,43.0
397,-7.6908,43.3086,61.0
398,-7.6686,43.4947,68.0
399,-7.5828,43.5538,104.0
400,-7.5836,43.5141,61.0
401,-7.4253,43.4758,84.0
402,-7.635,43.4863,54.0
403,-7.5303,43.4647,54.0
404,-7.5464,43.4338,57.0
405,-7.5386,43.4902,54.0
406,-7.5881,43.4705,36.0
407,-7.5942,43.4619,92.0
408,-7.5539,43.4638,33.0
409,-7.5336,43.5508,22.0
410,-7.4164,43.5911,29.0
411,-7.5389,43.5563,120.0
412,-7.5114,43.5413,200.0
413,-7.4497,43.4627,112.0
414,-7.4461,43.4214,47.0
415,-7.8403,43.4481,80.0
416,-2.3286,42.937,100.0
417,-7.695,43.5247,55.0
418,-7.3252,42.4507,47.0
419,-0.7499,42.4563,159.0
420,-0.7415,42.4535,116.0
421,0.0085,42.573,72.0
422,0.1585,42.5702,80.0
423,0.1891,42.5591,80.0
424,0.1919,42.4369,88.0
425,0.9836,42.323,195.0
426,1.3419,42.3035,173.0
427,1.7503,42.0369,72.0
428,1.2641,41.9868,80.0
429,1.4641,42.023,100.0
430,1.403,42.0535,61.0
431,1.4808,42.0896,84.0
432,1.4975,42.0424,141.0
433,1.3891,42.0063,64.0
434,1.3419,41.9521,57.0
435,1.6753,41.973,104.0
436,1.6503,41.8702,92.0
437,1.6919,41.8591,128.0
438,1.8892,42.0035,159.0
439,1.7058,42.0063,61.0
440,1.581,41.9652,104.0
441,1.6753,41.9535,116.0
442,1.9808,42.0063,91.0
443,1.9753,42.0563,92.0
444,2.1336,41.8896,150.0
445,2.067,41.8063,150.0
446,0.9641,41.3702,132.0
447,0.903,41.3229,155.0
448,0.3002,40.8368,182.0
449,0.3335,40.7735,159.0
450,0.3252,40.6824,61.0
451,0.2224,40.7896,93.0
452,-0.6276,40.6396,85.0
453,-0.6499,40.6229,139.0
454,-0.5249,40.2757,185.0
455,-0.6749,40.3062,218.0
456,-0.7026,40.3229,134.0
457,-1.0193,40.4063,119.0
458,-1.3527,40.3396,337.0
459,-1.3582,40.3201,211.0
460,-0.8943,40.0229,54.0
461,-1.0138,40.0368,253.0
462,-0.986,40.0396,395.0
463,-1.1832,40.1285,226.0
464,-1.2027,40.1785,146.0
465,-1.386,40.2618,137.0
466,-1.3444,40.1896,146.0
467,-1.5039,43.2488,131.0
468,-1.5394,43.156,174.0
469,-1.6667,43.1463,263.0
470,-1.6695,43.1745,399.0
471,-1.6689,43.1806,604.0
472,-1.7787,43.0082,138.0
473,-2.004,43.0623,126.0
474,-1.902,43.2031,478.0
475,-1.902,43.2053,299.0
476,-1.8578,43.167,341.0
477,-1.682,43.2442,317.0
478,-1.7208,43.262,305.0
479,-1.6833,43.2531,397.0
480,-1.6608,43.2933,474.0
481,-1.6522,43.2597,212.0
482,2.9337,41.9507,183.0
483,-0.5332,42.4508,95.0
484,-1.4249,40.0229,34.0
485,-1.511,39.9729,75.0
486,-1.6027,40.0896,555.0
487,-1.6305,40.0285,232.0
488,-1.8083,39.7896,486.0
489,-1.8333,39.7868,483.0
490,-1.9249,39.8757,245.0
491,-2.1,39.8562,158.0
492,-2.2472,39.9731,59.0
493,-2.0416,40.0229,536.0
494,-2.0416,40.0285,677.0
495,-2.3944,40.0729,393.0
496,-2.0444,40.1229,188.0
497,-2.0456,40.0495,318.0
498,-2.1861,40.1868,344.0
499,-1.9249,40.2257,401.0
500,-2.0138,40.259,265.0
501,-1.8333,40.3701,298.0
502,-1.8833,40.3896,201.0
503,-2.1583,40.3868,224.0
504,-2.2611,40.4451,92.0
505,-2.1583,40.459,103.0
506,-2.0916,40.4951,246.0
507,-2.0111,40.5896,217.0
508,-2.1027,40.5896,229.0
509,-2.0805,40.5868,94.0
510,-2.2777,40.5729,114.0
511,-2.1861,40.609,429.0
512,-2.25,40.7257,155.0
513,-2.3639,40.6424,164.0
514,-2.2138,40.6924,80.0
515,-2.1861,40.7229,116.0
516,-2.1527,40.7979,186.0
517,-2.1277,40.659,226.0
518,-2.1166,40.6563,178.0
519,-3.325,41.6452,220.0
520,-3.3139,41.6396,132.0
521,-4.8695,40.4563,137.0
522,-2.3639,38.6562,567.0
523,-2.35,38.6423,135.0
524,-2.3666,38.6118,316.0
525,-2.38,38.5562,157.0
526,-2.4027,38.5395,171.0
527,-2.2889,38.4729,279.0
528,-2.6805,38.4201,144.0
529,-2.2666,38.134,268.0
530,-2.3,38.0951,189.0
531,-3.3334,42.3674,343.0
532,-3.5417,42.0674,91.0
533,-3.125,41.9341,10.0
534,-3.4393,42.0626,158.0
535,-4.7445,40.4618,130.0
536,-4.0042,40.7877,154.0
537,-4.0112,40.7707,451.0
538,-4.049,40.7596,427.0
539,-4.0684,40.7735,326.0
540,-4.1421,40.6231,245.0
541,-4.1672,40.6008,541.0
542,-4.1357,40.63,323.0
543,-4.1538,40.65,175.0
544,-4.0276,40.7338,484.0
545,-4.0812,40.7315,327.0
546,-4.156,40.6045,246.0
547,-4.199,40.5663,211.0
548,-4.1775,40.5818,371.0
549,-4.1768,40.5773,427.0
550,-4.1378,40.7088,343.0
551,-4.002,40.689,165.0
552,-4.0042,40.6901,185.0
553,-4.0565,40.7732,430.0
554,-4.1349,40.6156,292.0
555,-4.114,40.641,603.0
556,-4.0322,40.7328,436.0
557,-4.0801,40.7438,490.0
558,-4.1689,40.5976,396.0
559,-4.0392,40.6926,543.0
560,-4.0161,40.5779,384.0
561,-4.0051,40.6751,226.0
562,-3.9688,40.577,353.0
563,-4.1118,40.614,500.0
564,-4.0389,40.6899,433.0
565,-4.0825,40.589,525.0
566,-4.0101,40.6774,498.0
567,-3.9609,40.6036,416.0
568,-3.9603,40.5581,400.0
569,-4.0239,40.5094,409.0
570,-4.0341,40.517,217.0
571,-3.9767,40.5517,231.0
572,-3.9217,40.9318,381.0
573,-3.8385,40.8323,314.0
574,-3.8041,40.83,500.0
575,-3.7688,40.8537,435.0
576,-3.7762,40.8771,500.0
577,-3.7864,40.9401,364.0
578,-3.6427,40.9436,500.0
579,-3.7987,40.9742,500.0
580,-3.7475,41.0126,169.0
581,-3.8739,40.909,303.0
582,-3.9601,40.816,172.0
583,-3.9139,40.8329,262.0
584,-3.6753,41.0556,500.0
585,-3.8534,40.7867,179.0
586,-3.9992,40.8549,118.0
587,-4.0167,40.8674,219.0
588,-4.0462,40.8451,121.0
589,-3.9072,41.018,500.0
590,-4.1794,40.7079,468.0
591,-3.8443,41.0047,187.0
592,-3.807,41.0237,500.0
593,-3.8394,41.0622,263.0
594,-4.1256,40.7401,380.0
595,-4.1278,40.7732,447.0
596,-4.1759,40.7066,500.0
597,-4.0964,40.7785,359.0
598,-4.0937,40.7976,306.0
599,-4.187,40.7082,500.0
600,-3.8394,41.0145,316.0
601,-3.7992,40.9978,199.0
602,-3.8114,41.0126,159.0
603,-3.6125,41.1507,166.0
604,-3.5939,41.1638,157.0
605,-3.6935,41.0861,336.0
606,-3.7124,41.0887,402.0
607,-3.6565,41.1548,213.0
608,-3.6789,41.1083,243.0
609,-3.6843,41.1114,250.0
610,-3.6654,41.1318,310.0
611,-3.8608,41.0598,231.0
612,-3.8557,41.063,210.0
613,-4.0037,40.8821,327.0
614,-4.0439,40.88,349.0
615,-4.4167,39.0007,68.0
616,-3.7,39.234,69.0
617,-2.8591,40.1553,214.0
618,-1.9505,40.4479,200.0
619,-1.6556,40.0037,75.0
620,-2.95,40.9757,200.0
621,-2.975,42.0007,181.0
622,-5.0668,40.3007,117.0
623,-4.5834,40.2174,165.0
624,-5.1207,40.1426,45.0
625,-3.3361,40.834,89.0
626,-6.2335,42.5577,50.0
627,-3.8334,40.6174,65.0
628,-3.9334,40.5507,70.0
629,-3.5834,40.3007,219.0
630,-3.5667,41.034,119.0
631,-4.0334,40.7257,182.0
632,-3.9667,40.3007,63.0
633,-3.5292,41.0146,315.0
634,-3.575,41.1243,208.0
635,-3.9834,40.3674,115.0
636,-0.1415,40.6896,237.0
637,-0.2193,40.5535,183.0
638,-0.2415,40.5701,227.0
639,-0.2276,40.5396,281.0
640,-0.3443,40.3229,109.0
641,-0.3582,40.259,248.0
642,-2.5166,38.3423,106.0
643,-2.5833,38.3784,139.0
644,-2.5166,38.309,136.0
645,-2.5305,38.2729,119.0
646,-2.6139,38.2562,341.0
647,-2.5861,38.2534,306.0
648,-2.5972,38.2423,372.0
649,-2.6,38.2284,307.0
650,-2.6305,38.2284,354.0
651,-2.7528,38.0895,162.0
652,-2.9528,37.9701,300.0
653,-2.9167,37.9395,58.0
654,-2.8028,37.9201,69.0
655,-2.8361,37.8228,194.0
656,-2.975,37.8562,90.0
657,-2.9778,37.8395,303.0
658,-3.0056,37.7562,294.0
659,-2.9861,37.7117,291.0
660,-2.55,37.9228,418.0
661,-2.4944,37.9756,284.0
662,-2.4389,38.0562,155.0
663,-4.8334,39.2173,50.0
664,-4.8584,39.234,20.0
665,-2.9756,36.8034,28.0
666,-2.5806,37.2759,78.0
667,-2.5814,37.2726,96.0
668,-2.5797,37.2657,103.0
669,-2.5811,37.2521,81.0
670,-2.5811,37.2634,83.0
671,-2.5825,37.2543,101.0
672,-2.5819,37.2682,63.0
673,-2.5819,37.2701,101.0
674,-2.5678,37.2496,103.0
675,-2.575,37.2548,87.0
676,-2.57,37.2526,83.0
677,-2.58,37.2801,101.0
678,-2.63,37.2843,63.0
679,-2.6356,37.2848,48.0
680,-5.6113,40.084,255.0
681,-5.9029,40.0901,664.0
682,-5.8021,40.334,113.0
683,0.1127,40.1135,35.0
684,-6.3526,40.193,90.0
685,-7.2986,39.3637,142.0
686,-7.2699,39.3433,107.0
687,-7.2459,39.3262,44.0
688,-5.3603,39.4826,170.0
689,-5.3445,39.4051,90.0
690,-5.4103,39.5904,193.0
691,-5.4536,39.5129,112.0
692,-5.585,39.3876,395.0
693,-5.3444,39.4717,172.0
694,-5.3523,39.4523,63.0
695,-5.3374,39.4138,133.0
696,-6.7818,40.2219,115.0
697,-6.7876,40.1947,114.0
698,-6.2985,40.2963,155.0
699,-5.8679,40.2676,247.0
700,-5.8767,40.2586,130.0
701,-5.7869,40.0565,82.0
702,-6.3382,40.3398,34.0
703,-6.7846,40.2259,163.0
704,-6.2772,40.2967,56.0
705,-5.8621,40.3267,415.0
706,-5.8295,40.3221,371.0
707,-5.3355,39.4713,215.0
708,-6.2772,40.4092,39.0
709,-6.3869,40.3813,25.0
710,-6.2635,40.3586,72.0
711,-6.7783,40.2392,148.0
712,-5.67,40.2689,223.0
713,-5.7373,40.2164,204.0
714,-6.4155,39.007,91.0
715,-5.9002,40.2174,170.0
716,-3.0167,37.884,355.0
717,-2.7833,38.1173,445.0
718,-5.0168,36.6989,123.0
719,-4.9692,36.752,65.0
720,-2.8333,42.3027,130.0
721,-6.1946,40.5493,97.0
722,-3.9195,43.3966,107.0
723,-4.0251,43.2508,97.0
724,-4.4029,41.0257,57.0
725,-4.2834,41.3674,116.0
726,-4.3917,41.3216,30.0
727,-4.1723,41.3313,10.0
728,-4.2626,41.3216,28.0
729,-4.1445,40.8007,106.0
730,-3.8081,41.1368,60.0
731,-3.9417,41.1757,57.0
732,-3.5417,41.3257,162.0
733,-3.4095,41.2174,105.0
734,-4.3956,41.4118,230.0
735,-4.5284,41.159,33.0
736,-2.4833,42.0096,90.0
737,-2.4061,41.0924,212.0
738,-2.4029,42.0841,172.0
739,-2.7,41.9619,52.0
740,-2.6436,41.4202,167.0
741,-4.0126,39.8215,263.0
742,-3.9917,39.8423,42.0
743,-6.4196,42.1799,110.0
744,-2.7333,42.6841,155.0
745,-1.6333,39.8007,58.0
746,-4.4167,40.8507,45.0
747,-4.4667,40.734,109.0
748,-3.2334,41.0174,340.0
749,-4.2501,40.784,101.0
750,-4.5334,39.7173,185.0
751,-2.6,40.7675,98.0
752,-3.5978,39.3426,162.0
753,-4.1994,40.6714,60.0
754,-5.3835,39.634,43.0
755,-3.9834,40.9674,299.0
756,-2.8666,41.0913,86.0
757,-3.3334,41.9174,86.0
758,-4.7334,39.4173,46.0
759,-1.2999,42.0674,373.0
760,-3.6167,42.8841,140.0
761,-3.7233,38.5773,59.0
762,-2.6019,40.5718,329.0
763,-4.8644,40.5681,59.0
764,-4.9668,40.4007,252.0
765,-4.5063,40.8852,99.0
766,-3.9334,41.3507,26.0
767,-2.6025,41.0682,30.0
768,-3.1781,40.5814,170.0
769,-2.016,39.8629,300.0
770,-5.8075,39.9601,189.0
771,-3.9277,41.0166,56.0
772,-4.5261,40.4038,146.0
773,-1.509,41.0895,171.0
774,-2.808,41.1912,126.0
775,-5.7485,40.2182,712.0
776,-4.7769,41.5239,11.0
777,-3.2087,41.1993,255.0
778,-4.3953,40.3412,59.0
779,-1.5697,40.4836,106.0
780,-4.5616,40.9765,22.0
781,-3.1333,41.2007,123.0
782,-2.598,40.6398,77.0
783,-5.1547,41.6963,88.0
784,-2.4788,40.0641,594.0
785,-3.679,40.5363,86.0
786,-3.9285,40.7598,98.0
787,-2.6734,41.8728,40.0
788,-4.4673,39.3351,72.0
789,-4.6635,41.3343,90.0
790,-4.6031,41.4054,145.0
791,-3.2017,40.1012,68.0
792,-5.1672,41.4412,33.0
793,-4.9745,40.4089,123.0
794,-6.5027,42.1,41.0
795,-1.8571,40.1839,80.0
796,-3.5506,40.3263,160.0
797,-1.7117,40.541,75.0
798,-3.8891,40.8898,54.0
799,-4.3834,39.5173,263.0
800,-3.6,38.534,73.0
801,-4.4501,40.7507,208.0
802,-3.4826,41.148,75.0
803,-5.3668,39.584,235.0
804,-1.0999,42.7841,133.0
805,-4.1501,40.734,92.0
806,-1.7666,41.3507,387.0
807,-4.1501,40.8007,53.0
808,-1.9659,40.0961,234.0
809,-5.2001,40.634,25.0
810,-4.5001,41.1174,55.0
811,-2.4838,40.1001,429.0
812,-4.4834,40.3507,271.0
813,-5.0668,40.2174,252.0
814,-3.0333,40.5674,208.0
815,-5.7668,40.034,23.0
816,-3.1833,41.0674,168.0
817,-4.0667,40.9174,65.0
818,-0.8207,38.4762,117.0
819,-6.8836,43.5008,45.0
820,-0.7499,38.5173,79.0
821,-2.3138,40.6668,146.0
822,-4.5667,41.5481,121.0
823,-3.9334,41.2507,33.0
824,-5.0001,40.284,110.0
825,-2.7417,41.9174,89.0
826,-0.6715,38.5193,84.0
827,-3.9334,41.0007,149.0
828,-5.5001,41.517,70.0
829,-3.3634,41.1482,54.0
830,-1.9666,40.2007,244.0
831,-5.5014,41.5174,48.0
832,-0.5006,38.7518,335.0
833,-4.5668,40.3174,143.0
834,-2.8833,40.684,328.0
835,-4.5167,41.4148,143.0
836,-4.5334,40.0674,93.0
837,-6.9002,39.4507,55.0
838,-0.8332,38.5506,94.0
839,-3.7334,38.434,76.0
840,-4.95,41.4981,40.0
841,-4.3042,42.9975,94.0
842,-1.7166,40.8674,56.0
843,-2.6,41.0674,91.0
844,-1.8907,43.1138,171.0
845,-1.8509,43.144,202.0
846,-1.7341,43.2285,66.0
847,-1.717,42.985,107.0
848,-1.6724,43.0075,53.0
849,-1.7218,43.0211,41.0
850,-1.7592,43.0238,68.0
851,-1.6054,43.0814,79.0
852,-1.2802,43.1135,181.0
853,-1.3117,43.073,113.0
854,-1.2411,43.0084,58.0
855,-1.2873,42.9337,72.0
856,-1.4343,43.1301,97.0
857,-1.4637,43.1824,63.0
858,-1.6212,43.1825,101.0
859,-1.9198,42.9389,105.0
860,-2.1223,42.8844,129.0
861,-1.7264,43.2382,65.0
862,-3.1981,41.7981,137.0
863,-0.0498,40.7007,346.0
864,-5.7516,39.5367,260.0
865,-5.0473,41.344,150.0
866,-3.9667,41.2841,15.0
867,-1.934,39.9973,440.0
868,-2.7,42.2007,117.0
869,-2.0999,40.9174,55.0
870,-2.9339,37.889,215.0
871,-3.0667,41.2031,60.0
872,-6.0204,39.8601,71.0
873,-4.3296,41.0256,25.0
874,-4.6178,41.3648,27.0
875,-4.0217,40.8607,82.0
876,-3.7953,41.2941,78.0
877,-5.4146,43.4705,417.0
878,-0.9149,41.5896,40.0
879,-3.4081,43.1188,105.0
880,-4.7351,40.1487,197.0
881,-2.4411,41.0188,97.0
882,-4.3309,41.191,45.0
883,-4.7119,41.4039,22.0
884,-5.3243,40.2094,203.0
885,-5.2485,40.4768,185.0
886,-4.6868,40.7179,85.0
887,-2.9397,40.5896,214.0
888,0.0022,38.8616,42.0
889,-0.6832,42.5174,93.0
890,-8.5712,42.1902,85.0
891,-3.8597,38.3671,56.0
892,-1.6205,40.4976,160.0
893,-3.8698,38.3499,183.0
894,-4.2994,41.1669,32.0
895,-1.7222,40.2279,382.0
896,-6.2335,42.2507,30.0
897,-4.2347,38.4088,60.0
898,-5.9819,38.7603,132.0
899,-0.6238,42.7411,225.0
900,-4.3207,41.6342,101.0
901,-4.7491,39.6349,45.0
902,-5.3278,43.1095,147.0
903,-5.0478,41.5846,167.0
904,-5.0474,41.5848,167.0
905,-1.8869,37.0329,190.0
906,-6.5669,40.434,347.0
907,-2.9481,41.9309,40.0
908,-6.2665,41.4507,90.0
909,-3.9237,40.9841,217.0
910,-4.7766,39.6147,142.0
911,-5.45,41.5167,30.0
912,-1.54,42.6916,226.0
913,-1.1831,42.6541,205.0
914,-1.5756,43.0009,100.0
915,-1.5698,42.9873,141.0
916,-1.5795,42.9929,168.0
917,-1.6166,43.0311,80.0
918,-1.6431,43.0436,50.0
919,-0.8324,42.9247,68.0
920,-0.8335,42.9181,108.0
921,-0.903,42.9365,47.0
922,-0.8986,42.9214,47.0
923,-2.0177,42.9731,54.0
924,-2.0057,42.9604,68.0
925,-1.9798,42.9665,164.0
926,-1.9454,42.9698,61.0
927,-1.8906,42.9513,186.0
928,-1.8723,42.9421,92.0
929,-1.8878,43.0386,61.0
930,-1.8815,43.0457,84.0
931,-1.5075,43.0775,64.0
932,-1.5338,43.0553,186.0
933,-1.6382,43.0548,64.0
934,-1.5875,43.0723,76.0
935,-1.4158,43.2023,112.0
936,-1.4448,43.2243,22.0
937,-1.4581,43.2335,80.0
938,-1.4132,43.1618,80.0
939,-1.4806,43.0231,96.0
940,-1.5318,43.0373,242.0
941,-1.4305,43.0143,120.0
942,-1.1526,42.9931,92.0
943,-1.1837,42.9773,84.0
944,-1.2557,42.9028,108.0
945,-1.6612,43.0695,80.0
946,-1.6992,43.0753,108.0
947,-1.7271,43.1486,68.0
948,-1.7705,43.0716,47.0
949,-1.8053,43.1143,100.0
950,-1.8825,43.125,96.0
951,-1.0982,42.4456,116.0
952,-0.8393,42.866,61.0
953,-0.8374,42.8688,50.0
954,-2.1809,42.7826,76.0
955,-2.2148,42.8063,57.0
956,-2.238,42.8145,64.0
957,-1.2515,42.8767,150.0
958,-1.3111,42.9361,68.0
959,-1.3454,43.0302,132.0
960,-1.4029,42.9914,124.0
961,-1.3793,43.0001,124.0
962,-2.0636,42.7988,292.0
963,-2.0511,42.7972,205.0
964,-1.4493,42.6544,168.0
965,-1.0755,42.9855,159.0
966,-1.0119,42.9638,159.0
967,-1.2038,42.9597,92.0
968,-1.2633,42.9804,168.0
969,-2.4623,42.6114,141.0
970,-2.14,42.7364,159.0
971,-2.2547,42.7462,84.0
972,-2.0354,42.7842,132.0
973,-2.0625,42.9339,32.0
974,-1.9383,42.9579,112.0
975,-1.9998,42.8676,215.0
976,-2.1039,42.864,92.0
977,-1.7565,43.0366,84.0
978,-1.7537,42.9913,137.0
979,-1.8519,43.0508,237.0
980,-1.8143,42.8388,173.0
981,-1.8039,42.9333,177.0
982,-2.0932,42.8417,195.0
983,-1.2919,43.0105,248.0
984,-2.0966,42.9432,40.0
985,-1.7037,42.9772,26.0
986,-0.9617,38.5381,150.0
987,-1.4722,43.0149,59.64
988,-6.0488,40.5023,146.8
989,-4.9744,40.3899,342.2
990,-2.7032,40.6316,272.08
991,-2.7255,40.6649,422.6
992,-4.5272,41.1258,45.0
993,-3.2449,40.9857,72.2
994,-4.9906,40.1859,96.2
995,-4.9403,40.2391,108.6
996,-2.1085,40.766,90.0
997,-4.141,39.4316,84.6
998,-3.2555,40.9524,362.0
999,-4.3328,40.3698,45.0
1000,-4.1386,40.6116,2.6
1001,-4.9956,40.3885,59.0
1002,-2.2536,40.9709,15.06
1003,-1.8857,40.2599,58.0
1004,-3.227,40.3658,69.74
1005,-3.544,40.9973,2.2
1006,-1.8702,41.0147,95.9
1007,-4.1574,40.5181,36.6
1008,-2.7403,40.5163,22.0
1009,-4.0001,40.9007,16.36
1010,-3.2878,41.1351,10.16
1011,-4.967,40.3888,22.5
1012,-3.2536,41.6901,54.4
1013,-4.4335,40.3241,23.35
1014,-3.4995,40.857,60.3
1015,-3.4636,40.8959,28.47
1016,-2.6186,41.1749,19.0
1017,-4.0382,40.8579,68.0
1018,-5.158,40.2357,30.72
1019,-0.0922,40.4093,9.0
1020,-4.0072,40.7537,36.35
1021,-3.7627,40.8501,10.0
1022,-2.4997,37.9451,160.76
1023,-5.3009,39.9861,102.02
1024,-4.5027,41.1996,7.02
1025,-4.9909,40.3741,25.0
1026,-4.1396,40.6128,14.14
1027,-4.7204,40.9839,68.0
1028,-4.5601,41.3158,2.0
1029,-3.8283,40.707,69.3
1030,-4.2159,40.7138,49.0
1031,-3.6698,41.0399,100.0
1032,-4.7353,40.1438,55.5
1033,-3.8977,40.4698,25.5
1034,-4.7801,41.3127,9.0
1035,-4.0271,41.4996,56.0
1036,-5.0334,40.4174,81.64
1037,-4.0263,40.8903,36.63
1038,-3.6274,40.5752,41.0
1039,-5.1079,39.9863,50.65
1040,-1.7378,40.6067,54.04
1041,-3.65,40.8,40.27
1042,-3.651,41.1089,17.02
1043,-4.1838,40.651,25.74
1044,-4.09,38.9425,88.34
1045,-4.5791,40.3051,19.85
1046,-2.5,42.5021,469.2
1047,-2.8333,43.0508,547.4
1048,-2.595,43.0236,39.1
1049,-2.4166,42.5341,156.4
1050,-2.6333,42.9924,78.2
1051,-2.5833,42.9508,78.2
1052,-2.5833,42.8549,156.4
1053,-2.6333,42.8424,312.8
1054,-2.6333,42.5008,312.8
1055,-2.7167,42.9341,312.8
1056,-2.55,42.823,234.6
1057,-2.4747,42.7347,312.8
1058,-2.4508,42.6852,117.3
1059,-2.303,42.7924,273.7
1060,-2.2722,42.8102,117.3
1061,-2.7833,42.5827,117.3
1062,-2.6667,42.5846,39.1
1063,-2.6166,42.4994,117.3
1064,-2.5666,42.5452,195.5
1065,-2.5,42.6016,117.3
1066,-2.4878,42.6222,117.3
1067,-2.45,39.2507,508.3
1068,-2.4277,39.2498,195.5
1069,-2.3486,39.2396,391.0
1070,-2.45,39.0618,156.4
1071,-2.0166,39.0173,430.1
1072,-1.8333,38.9173,234.6
1073,-1.8944,38.7256,430.1
1074,-1.8999,38.734,195.5
1075,-1.7333,38.8006,508.3
1076,-2.6427,38.5734,312.8
1077,-2.6655,38.6005,273.7
1078,-2.6988,38.6908,39.1
1079,-2.55,38.6506,625.6
1080,-2.55,38.5673,391.0
1081,-2.5,38.6173,391.0
1082,-2.4166,38.434,547.4
1083,-0.1498,38.8506,195.5
1084,-0.8166,38.7173,273.7
1085,-0.7832,38.734,234.6
1086,-0.5332,38.684,117.3
1087,-0.4832,38.7673,117.3
1088,0.0502,38.7006,39.1
1089,-0.8166,38.184,39.1
1090,-0.7999,38.2006,234.6
1091,-0.7666,38.2006,273.7
1092,-0.5987,38.1923,664.7
1093,-0.6332,38.184,156.4
1094,-0.9499,38.1173,156.4
1095,-0.9666,38.0173,39.1
1096,-0.8832,38.0173,117.3
1097,-0.6665,38.1006,156.4
1098,-2.2333,37.8173,156.4
1099,-2.2833,37.7006,273.7
1100,-2.0666,37.734,195.5
1101,-2.3,37.6006,312.8
1102,-2.1333,37.5506,117.3
1103,-2.5166,37.3506,156.4
1104,-2.4166,37.4173,351.9
1105,-2.35,37.4673,39.1
1106,-2.1387,37.3839,78.2
1107,-2.0833,37.4839,39.1
1108,-1.8999,37.5006,78.2
1109,-2.0625,36.8006,312.8
1110,-2.8167,37.1673,430.1
1111,-2.5666,37.3339,39.1
1112,-2.5833,37.2339,117.3
1113,-2.45,37.3006,156.4
1114,-2.2,37.1839,273.7
1115,-1.8833,37.2506,430.1
1116,-1.8333,37.2339,117.3
1117,-2.9167,37.0839,78.2
1118,-2.9,37.0173,78.2
1119,-2.7333,37.0006,195.5
1120,-2.5666,37.0339,156.4
1121,-2.35,37.0839,195.5
1122,-2.25,37.1506,78.2
1123,-2.2333,37.0839,508.3
1124,-2.1333,37.1506,39.1
1125,-1.8833,37.0506,195.5
1126,-1.8499,37.1673,508.3
1127,-2.9833,36.9006,156.4
1128,-2.9167,36.9673,39.1
1129,-2.8833,37.0006,234.6
1130,-2.8833,36.8673,664.7
1131,-2.7667,36.9839,234.6
1132,-2.7667,36.8839,78.2
1133,-2.7167,36.8339,117.3
1134,-2.5166,36.8839,195.5
1135,-2.4833,36.9506,195.5
1136,-2.3333,37.0006,78.2
1137,-2.2166,36.9173,195.5
1138,-2.15,36.8673,39.1
1139,-2.0833,36.8506,391.0
1140,-1.9666,37.0006,156.4
1141,-2.0333,36.8839,351.9
1142,-3.1167,36.7673,39.1
1143,-2.95,36.7506,39.1
1144,-2.9333,36.8173,312.8
1145,-2.7333,36.7673,195.5
1146,-2.6833,36.7173,351.9
1147,-2.6333,36.7506,391.0
1148,-2.25,36.8339,117.3
1149,-2.2,36.7673,351.9
1150,-2.2333,36.7839,586.5
1151,-2.0666,36.8173,860.2
1152,-6.9836,43.5175,156.4
1153,-6.6835,43.5341,39.1
1154,-5.7668,43.5675,117.3
1155,-6.9169,43.3841,195.5
1156,-6.8502,43.4508,273.7
1157,-6.2669,43.4508,78.2
1158,-5.4335,43.4341,195.5
1159,-5.2668,43.4508,273.7
1160,-5.0334,43.4175,78.2
1161,-4.7001,43.3675,312.8
1162,-6.9336,43.1841,156.4
1163,-5.7335,43.2174,78.2
1164,-6.6335,43.3174,273.7
1165,-6.6335,43.2508,156.4
1166,-6.3669,43.3008,156.4
1167,-6.2835,43.2174,234.6
1168,-6.1002,43.2341,273.7
1169,-5.9168,43.2341,156.4
1170,-5.7835,43.2008,78.2
1171,-5.6502,43.2341,156.4
1172,-5.5335,43.2841,351.9
1173,-5.4835,43.3174,195.5
1174,-5.3668,43.2341,273.7
1175,-5.0835,43.3008,39.1
1176,-5.0001,43.2841,117.3
1177,-4.8001,43.2508,508.3
1178,-6.7502,43.1008,78.2
1179,-6.6335,43.0341,156.4
1180,-6.4502,43.0674,78.2
1181,-6.0502,43.1341,312.8
1182,-5.9668,43.0841,117.3
1183,-5.6835,43.1174,312.8
1184,-5.4335,43.0674,117.3
1185,-5.1335,43.1508,234.6
1186,-6.7002,42.9341,78.2
1187,-6.5835,42.9508,117.3
1188,-4.8334,41.0674,547.4
1189,-4.9501,41.1007,391.0
1190,-5.0501,40.884,156.4
1191,-4.9668,40.9507,821.1
1192,-4.9668,40.9674,547.4
1193,-5.1835,40.4174,78.2
1194,-5.0168,40.5174,39.1
1195,-4.8334,40.6007,273.7
1196,-4.7334,40.5174,39.1
1197,-4.5168,40.5507,78.2
1198,-4.4334,40.584,78.2
1199,-4.2167,40.634,117.3
1200,-5.0812,40.3576,625.6
1201,-4.9879,40.394,664.7
1202,-4.7668,40.5007,78.2
1203,-4.4654,40.3882,117.3
1204,-5.6668,40.3007,39.1
1205,-5.2301,40.279,469.2
1206,-5.1501,40.1799,156.4
1207,-5.1665,40.2262,351.9
1208,-5.1209,40.2187,234.6
1209,-5.0932,40.259,312.8
1210,-5.0334,40.284,117.3
1211,-5.0168,40.3174,39.1
1212,-4.8501,40.3007,39.1
1213,-4.8001,40.3007,78.2
1214,-5.3321,40.1479,78.2
1215,-5.2501,40.134,117.3
1216,-5.2501,40.1174,117.3
1217,-5.0501,40.184,78.2
1218,-5.1001,40.2507,117.3
1219,-5.1001,40.2007,117.3
1220,-5.1334,40.184,156.4
1221,-5.0112,40.3285,664.7
1222,-4.7668,40.6507,273.7
1223,-4.7668,40.6507,117.3
1224,-4.7584,40.984,78.2
1225,-4.7668,41.1174,78.2
1226,-5.0834,39.3673,195.5
1227,-5.0668,39.2673,351.9
1228,-6.853,39.0812,78.2
1229,-6.853,38.7912,117.3
1230,-6.8483,38.794,117.3
1231,-6.8463,38.7893,39.1
1232,-6.8424,38.794,156.4
1233,-6.6169,38.8673,156.4
1234,-6.5835,38.834,117.3
1235,-6.0835,38.884,117.3
1236,-5.2668,38.984,39.1
1237,-6.9669,38.7173,156.4
1238,-6.6835,38.8006,117.3
1239,-6.4335,38.8006,195.5
1240,-6.6835,38.684,195.5
1241,-6.5169,38.7673,273.7
1242,-6.4057,38.7212,586.5
1243,-6.3657,38.7029,469.2
1244,-6.9002,38.5506,351.9
1245,-6.8335,38.5465,39.1
1246,-6.8002,38.634,156.4
1247,-6.3168,38.584,351.9
1248,-6.2835,38.5506,351.9
1249,-6.8169,38.4173,1329.4
1250,-6.6002,38.434,117.3
1251,-6.5169,38.4006,39.1
1252,-6.3335,38.4673,78.2
1253,-5.8502,38.484,156.4
1254,-7.0835,38.234,351.9
1255,-7.0002,38.284,273.7
1256,-6.7835,38.3173,1290.3
1257,-6.6896,38.2251,78.2
1258,-6.6558,38.194,78.2
1259,-6.4835,38.2173,1133.9
1260,-5.7168,38.284,195.5
1261,-6.5669,38.134,469.2
1262,-6.5335,38.034,821.1
1263,1.8003,42.1841,351.9
1264,2.3253,41.8118,156.4
1265,2.3892,41.7785,39.1
1266,2.3336,41.7674,78.2
1267,2.3947,41.7285,117.3
1268,2.4392,41.7618,39.1
1269,1.5169,41.5174,78.2
1270,1.4336,41.5007,39.1
1271,2.367,41.534,39.1
1272,2.317,41.5007,78.2
1273,2.3586,41.5368,39.1
1274,2.3586,41.5229,39.1
1275,1.553,41.4515,78.2
1276,1.6749,41.428,39.1
1277,1.6269,41.3515,39.1
1278,1.8669,41.4007,39.1
1279,1.9305,41.3889,430.1
1280,1.9503,41.334,391.0
1281,1.9169,41.3007,195.5
1282,2.0108,41.3302,78.2
1283,1.9528,41.2882,78.2
1284,1.9455,41.2696,156.4
1285,2.367,41.6841,391.0
1286,-3.8167,42.9174,156.4
1287,-3.4,42.9674,39.1
1288,-3.0667,42.1341,312.8
1289,-3.0167,42.0424,703.8
1290,-3.2833,41.9507,78.2
1291,-3.0333,41.9841,39.1
1292,-3.0167,41.9841,39.1
1293,-3.9334,41.7507,117.3
1294,-3.8834,41.7007,78.2
1295,-3.8,41.7674,117.3
1296,-3.7667,41.7341,156.4
1297,-3.6334,41.7841,39.1
1298,-3.7334,41.7007,195.5
1299,-3.6834,41.7174,156.4
1300,-3.6167,41.7841,117.3
1301,-3.5,41.7507,156.4
1302,-3.5167,41.7007,234.6
1303,-3.45,41.7007,351.9
1304,-3.8167,41.6507,195.5
1305,-3.5667,41.6341,78.2
1306,-3.5167,41.6841,78.2
1307,-3.45,43.1174,195.5
1308,-3.9667,41.8174,117.3
1309,-3.9501,41.7507,156.4
1310,-3.55,41.7674,39.1
1311,-6.2502,40.3507,234.6
1312,-6.6919,40.2424,39.1
1313,-6.5002,40.2507,78.2
1314,-6.1502,40.2174,78.2
1315,-5.7001,40.2674,117.3
1316,-6.4669,40.034,117.3
1317,-5.8668,40.134,156.4
1318,-5.8335,40.134,39.1
1319,-5.5668,40.1507,78.2
1320,-5.6001,40.0174,78.2
1321,-5.5835,39.6673,39.1
1322,-6.5946,39.2701,117.3
1323,-6.5002,39.284,78.2
1324,-6.0168,39.1507,39.1
1325,-5.8835,40.2507,156.4
1326,-5.8668,40.234,117.3
1327,-6.8669,40.2174,156.4
1328,-6.7669,40.234,78.2
1329,-6.7835,40.2174,156.4
1330,-5.5668,40.1007,78.2
1331,-6.7835,40.184,39.1
1332,-6.6335,40.2174,156.4
1333,-6.0668,40.234,39.1
1334,-6.5835,40.0174,39.1
1335,-6.5669,40.0174,78.2
1336,-6.5502,40.034,78.2
1337,-6.5502,40.0174,78.2
1338,-6.5502,40.0007,312.8
1339,-5.6835,40.0174,78.2
1340,-5.5668,40.034,117.3
1341,-5.5335,40.0674,117.3
1342,-5.4335,40.1007,78.2
1343,-5.4335,40.0507,117.3
1344,-5.4001,40.1174,195.5
1345,-6.5669,39.984,195.5
1346,-6.3169,39.984,78.2
1347,-6.3169,39.9173,78.2
1348,-6.4002,39.9507,78.2
1349,-6.3835,39.9007,39.1
1350,-5.7001,36.9006,39.1
1351,-5.1168,36.9673,234.6
1352,-5.1001,36.9173,117.3
1353,-5.1168,36.9506,117.3
1354,-6.1835,36.7506,234.6
1355,-6.0502,36.7006,39.1
1356,-6.0779,36.6841,508.3
1357,-5.7335,36.7339,391.0
1358,-5.6168,36.8006,39.1
1359,-5.5835,36.8173,78.2
1360,-6.0502,36.5173,391.0
1361,-5.7001,36.5006,899.3
1362,-6.0835,36.4839,351.9
1363,-5.4335,36.3006,117.3
1364,-5.4001,36.2506,234.6
1365,-5.4335,36.2006,234.6
1366,-5.3946,36.1837,664.7
1367,-4.1167,43.4008,39.1
1368,-3.7773,43.3966,78.2
1369,-3.775,43.3958,117.3
1370,-3.6167,43.3841,312.8
1371,-3.45,43.3841,117.3
1372,-3.2667,43.3841,117.3
1373,-4.0923,43.3575,195.5
1374,-4.5334,43.3175,78.2
1375,-4.6168,43.2341,39.1
1376,-4.2667,43.2341,312.8
1377,-4.2334,43.2841,39.1
1378,-3.9501,43.2008,39.1
1379,-3.8,43.1841,117.3
1380,-3.75,43.2675,117.3
1381,-3.6334,43.3008,117.3
1382,-3.6,43.2174,195.5
1383,-3.7909,43.1986,39.1
1384,-3.4667,43.3008,39.1
1385,-3.35,43.3175,39.1
1386,-4.7001,43.1508,78.2
1387,-4.7168,43.0841,195.5
1388,-4.6668,43.0674,39.1
1389,-4.5168,43.1341,39.1
1390,-4.3501,43.1008,117.3
1391,-4.2501,43.1341,78.2
1392,-4.2445,43.0897,78.2
1393,-4.0834,43.1174,117.3
1394,-3.75,43.1341,117.3
1395,-3.9328,43.1533,78.2
1396,-3.45,43.1508,39.1
1397,-4.0167,42.8841,195.5
1398,-3.9667,42.8508,39.1
1399,-0.1665,40.7507,273.7
1400,-0.1332,40.6174,234.6
1401,-0.0832,40.6507,117.3
1402,-0.0498,40.6007,78.2
1403,0.0002,40.584,234.6
1404,0.2168,40.584,78.2
1405,-0.2999,40.3007,156.4
1406,0.0668,40.284,117.3
1407,-0.1498,39.784,117.3
1408,-0.3999,40.1507,195.5
1409,-0.4665,40.0507,117.3
1410,0.0668,40.134,78.2
1411,-0.0498,39.884,156.4
1412,-0.5665,39.8007,117.3
1413,-0.1998,39.7507,195.5
1414,-0.1637,39.7673,39.1
1415,-4.887,39.4451,273.7
1416,-4.6668,39.3673,39.1
1417,-3.2167,39.4007,39.1
1418,-2.9333,39.3507,430.1
1419,-3.7334,39.2673,117.3
1420,-3.4334,39.2673,117.3
1421,-3.1833,39.3173,117.3
1422,-2.8667,39.284,391.0
1423,-4.1765,39.0523,312.8
1424,-4.157,39.0348,156.4
1425,-3.2417,39.1118,430.1
1426,-3.1167,39.1173,78.2
1427,-3.8334,38.834,312.8
1428,-3.3947,38.837,273.7
1429,-4.0801,38.734,469.2
1430,-3.8956,38.722,273.7
1431,-3.4334,38.8006,156.4
1432,-3.0167,38.7006,508.3
1433,-2.9833,38.8173,351.9
1434,-2.8667,38.7673,508.3
1435,-2.7167,38.684,977.5
1436,-3.6,38.634,430.1
1437,-3.8903,38.5826,312.8
1438,-3.4667,38.6006,39.1
1439,-3.4834,38.6006,78.2
1440,-3.2833,38.584,234.6
1441,-3.4639,39.259,117.3
1442,-3.3333,38.8173,430.1
1443,-3.4084,38.8006,117.3
1444,-3.0167,39.1895,234.6
1445,-3.1542,39.3173,39.1
1446,-5.1668,38.384,117.3
1447,-4.9001,38.584,78.2
1448,-4.8834,38.4006,195.5
1449,-4.9334,38.3506,195.5
1450,-4.807,38.4409,156.4
1451,-4.8168,38.3979,39.1
1452,-4.8043,38.3562,78.2
1453,-4.7584,38.3812,39.1
1454,-4.7376,38.3451,78.2
1455,-4.6501,38.3506,117.3
1456,-4.5834,38.4006,39.1
1457,-4.5459,38.4534,39.1
1458,-4.5904,38.409,156.4
1459,-4.6001,38.3673,78.2
1460,-5.3335,38.2673,78.2
1461,-4.8834,38.2006,351.9
1462,-4.7834,38.2506,195.5
1463,-4.8168,38.2006,117.3
1464,-5.3668,38.084,117.3
1465,-4.9001,38.0173,39.1
1466,-4.8334,38.0506,156.4
1467,-4.4001,38.0506,78.2
1468,-4.8501,37.9673,117.3
1469,-4.8001,37.984,156.4
1470,-4.8001,37.8673,273.7
1471,-5.2501,37.7339,234.6
1472,-5.0987,37.7784,117.3
1473,-5.0765,37.8034,117.3
1474,-5.0168,37.784,78.2
1475,-4.9987,37.7312,273.7
1476,-4.7834,37.8173,273.7
1477,-4.7834,37.7673,547.4
1478,-4.9334,37.5173,391.0
1479,-4.6668,37.5173,469.2
1480,-4.2667,37.4673,117.3
1481,-4.4667,37.3673,391.0
1482,-4.3667,37.3173,78.2
1483,-7.9975,43.6994,234.6
1484,-8.117,43.6008,39.1
1485,-7.9836,43.5841,156.4
1486,-7.8336,43.5675,78.2
1487,-8.0503,43.4841,39.1
1488,-8.8337,43.2174,117.3
1489,-8.767,43.2174,39.1
1490,-8.3836,43.2841,39.1
1491,-8.2003,43.3008,78.2
1492,-8.2072,43.3105,586.5
1493,-8.1336,43.3174,195.5
1494,-8.0836,43.1841,273.7
1495,-7.967,43.1841,39.1
1496,-8.8337,43.1341,117.3
1497,-8.7337,43.1174,156.4
1498,-8.5003,43.1174,39.1
1499,-8.3503,43.0674,39.1
1500,-8.0836,43.1341,39.1
1501,-8.017,43.0674,78.2
1502,-9.0837,42.8508,78.2
1503,-9.0504,42.8841,39.1
1504,-9.017,42.9508,78.2
1505,-8.717,42.8841,117.3
1506,-8.6837,42.8841,195.5
1507,-8.4503,42.9008,273.7
1508,-8.017,42.898,78.2
1509,-8.867,42.7508,117.3
1510,-8.7503,42.8008,39.1
1511,-8.7003,42.8174,39.1
1512,-8.7837,42.7841,117.3
1513,-8.7003,42.7341,78.2
1514,-2.55,40.3507,547.4
1515,-2.2333,40.4674,39.1
1516,-1.8666,40.4007,78.2
1517,-1.8499,40.384,469.2
1518,-1.9166,40.384,273.7
1519,-2.8333,40.2007,703.8
1520,-2.55,40.2174,78.2
1521,-2.0333,40.2507,117.3
1522,-1.9166,40.2507,312.8
1523,-1.9166,40.2174,430.1
1524,-1.8333,40.2507,351.9
1525,-3.0667,40.0507,39.1
1526,-2.55,40.134,547.4
1527,-2.5166,40.1174,78.2
1528,-2.3666,40.084,156.4
1529,-2.1,40.1674,234.6
1530,-2.0333,40.1674,430.1
1531,-2.0333,40.1673,195.5
1532,-1.9499,40.034,273.7
1533,-1.8999,40.034,234.6
1534,-1.6666,40.1007,195.5
1535,-1.6666,40.0507,312.8
1536,-2.0333,39.884,78.2
1537,-1.9833,39.9674,391.0
1538,-1.9833,39.9507,351.9
1539,-1.9333,39.984,234.6
1540,-1.9333,39.9674,351.9
1541,-1.6833,39.984,391.0
1542,-2.9,39.8173,469.2
1543,-2.7167,39.4673,39.1
1544,-2.7833,40.284,78.2
1545,-2.4333,40.2007,234.6
1546,-1.7963,40.4118,156.4
1547,-1.7708,40.2124,469.2
1548,-1.7944,40.3813,39.1
1549,2.1336,42.2341,273.7
1550,2.4906,42.2144,586.5
1551,2.7003,42.2841,195.5
1552,2.6837,42.2674,391.0
1553,2.2003,42.3174,156.4
1554,2.5198,42.1521,78.2
1555,2.5503,42.1507,78.2
1556,2.4281,41.8424,312.8
1557,2.4225,41.8396,156.4
1558,2.7837,41.9841,312.8
1559,2.7837,41.9507,78.2
1560,2.7642,41.8368,156.4
1561,3.017,41.9507,78.2
1562,3.0337,41.9341,78.2
1563,3.1672,41.9201,78.2
1564,2.7156,41.7696,156.4
1565,2.7503,42.1507,273.7
1566,-2.55,37.6506,351.9
1567,-2.45,37.7506,195.5
1568,-2.4333,37.8173,234.6
1569,-3.6,37.4228,195.5
1570,-3.5667,37.4006,156.4
1571,-2.7667,37.4839,78.2
1572,-2.5833,37.4506,78.2
1573,-3.7334,37.1673,39.1
1574,-3.5167,37.2673,39.1
1575,-4.1001,37.3173,39.1
1576,-3.0667,37.3173,39.1
1577,-3.1833,37.2673,78.2
1578,-2.8833,37.2506,39.1
1579,-3.1167,37.2339,39.1
1580,-3.0167,37.1839,156.4
1581,-4.0834,37.1673,78.2
1582,-2.8167,37.3339,195.5
1583,-4.0834,37.0506,195.5
1584,-4.0334,37.0839,117.3
1585,-4.0334,37.0173,273.7
1586,-3.9167,37.084,156.4
1587,-3.4834,37.0506,234.6
1588,-3.4667,37.1006,39.1
1589,-3.3834,37.1006,78.2
1590,-3.25,37.1506,39.1
1591,-3.0833,37.0173,156.4
1592,-3.0667,37.1506,39.1
1593,-3.8,36.9839,312.8
1594,-3.3,36.9006,39.1
1595,-3.2833,36.9839,156.4
1596,-3.0833,36.9506,39.1
1597,-3.15,36.8673,117.3
1598,-3.05,36.8839,39.1
1599,-3.5167,36.7839,78.2
1600,-3.6,36.7839,39.1
1601,-3.55,36.7673,39.1
1602,-3.3653,36.7806,78.2
1603,-3.3686,36.7609,39.1
1604,-3.3661,36.7417,78.2
1605,-2.575,37.634,156.4
1606,-2.55,37.6339,156.4
1607,-2.55,37.6339,195.5
1608,-2.5499,37.6339,117.3
1609,-2.5847,37.6423,117.3
1610,-3.7166,37.1006,78.2
1611,-3.2833,41.084,78.2
1612,-3.2333,41.0507,117.3
1613,-2.3666,41.034,156.4
1614,-3.2722,40.8618,273.7
1615,-3.1333,40.9007,156.4
1616,-3.1,40.9507,117.3
1617,-2.8667,40.8507,39.1
1618,-2.7167,40.884,312.8
1619,-3.4278,40.709,195.5
1620,-3.1167,40.7674,156.4
1621,-3.0833,40.7674,351.9
1622,-2.9833,40.784,78.2
1623,-2.9667,40.7674,469.2
1624,-2.6667,40.8007,547.4
1625,-1.6999,40.7507,195.5
1626,-1.6499,40.8007,312.8
1627,-1.5499,40.784,39.1
1628,-3.3167,40.6007,39.1
1629,-3.1708,40.5326,156.4
1630,-3.2458,40.9146,117.3
1631,-3.15,40.734,195.5
1632,-3.3167,40.6007,39.1
1633,-3.2917,41.059,156.4
1634,-3.1,40.934,39.1
1635,-1.5833,40.7757,39.1
1636,-2.95,40.9507,195.5
1637,-3.4167,40.7049,39.1
1638,-2.8667,40.7674,156.4
1639,-3.1667,40.5674,351.9
1640,-3.0667,40.9924,117.3
1641,-1.8333,43.3675,117.3
1642,-1.7833,43.0341,273.7
1643,-2.4166,43.2174,117.3
1644,-2.35,43.2841,78.2
1645,-2.2677,43.2107,430.1
1646,-2.2002,43.3008,117.3
1647,-2.0833,43.2841,156.4
1648,-1.8994,43.2445,39.1
1649,-1.7833,43.2841,78.2
1650,-2.5333,43.0008,117.3
1651,-2.5,43.0341,78.2
1652,-2.8333,43.2675,430.1
1653,-2.7,43.3175,312.8
1654,-2.35,43.0841,156.4
1655,-2.2166,43.1508,78.2
1656,-2.25,43.0841,117.3
1657,-2.2666,43.0341,195.5
1658,-2.1166,43.0508,156.4
1659,-2.0499,43.1341,78.2
1660,-1.9333,43.1508,39.1
1661,-2.4166,43.0008,508.3
1662,-6.6727,38.0728,234.6
1663,-7.1169,37.9673,39.1
1664,-7.0569,37.8392,117.3
1665,-6.4059,36.9166,195.5
1666,-6.8685,37.9328,39.1
1667,-6.7335,37.8673,273.7
1668,-6.6269,37.949,156.4
1669,-6.5835,37.8673,39.1
1670,-6.4724,37.8837,195.5
1671,-6.2002,37.9173,156.4
1672,-7.1419,37.7687,78.2
1673,-6.8935,37.7164,39.1
1674,-6.7155,37.7728,117.3
1675,-6.5669,37.5751,39.1
1676,-7.121,37.5751,39.1
1677,-7.0002,37.3503,117.3
1678,-6.4669,37.4006,39.1
1679,-6.3724,37.3728,39.1
1680,-6.9335,37.2007,508.3
1681,-6.8502,37.2006,351.9
1682,-6.7335,37.2006,39.1
1683,-6.5835,37.1839,78.2
1684,-6.4962,37.2505,39.1
1685,-6.4335,37.2839,39.1
1686,-6.5169,37.2173,39.1
1687,-6.5002,37.2006,39.1
1688,-6.8169,37.1506,39.1
1689,-6.5044,37.017,78.2
1690,-0.7165,42.8508,821.1
1691,-0.3998,42.7841,117.3
1692,-0.2332,42.7841,391.0
1693,-0.8499,42.6063,430.1
1694,-0.8499,42.6008,234.6
1695,-0.7499,42.5508,195.5
1696,-0.5499,42.5508,78.2
1697,-0.4665,42.5341,39.1
1698,0.0168,42.6341,977.5
1699,-0.0498,42.6008,782.0
1700,0.6169,42.5841,78.2
1701,-0.5832,42.4674,156.4
1702,0.1502,42.4674,156.4
1703,0.0335,42.4341,39.1
1704,-0.4665,42.4508,351.9
1705,0.5502,42.4841,234.6
1706,-0.6999,42.4008,117.3
1707,-0.6499,42.3007,273.7
1708,-0.7499,42.0007,117.3
1709,-0.2832,41.941,195.5
1710,-0.3498,41.9257,39.1
1711,0.3335,41.6007,78.2
1712,-0.1832,42.6174,39.1
1713,0.0668,42.6008,156.4
1714,0.0168,42.5841,117.3
1715,-0.1332,42.5341,117.3
1716,0.3002,42.6008,195.5
1717,0.2335,42.6174,117.3
1718,0.3835,42.5674,117.3
1719,0.3502,42.5841,78.2
1720,-2.7592,38.509,782.0
1721,-3.9303,38.1656,117.3
1722,-2.7,38.5006,39.1
1723,-2.6166,38.5006,508.3
1724,-2.6,38.4006,469.2
1725,-3.9042,38.3145,430.1
1726,-4.2334,38.0673,547.4
1727,-4.1042,38.037,273.7
1728,-4.0973,38.0437,430.1
1729,-4.0576,38.0356,156.4
1730,-4.0142,38.0437,156.4
1731,-3.9981,38.1117,195.5
1732,-3.92,38.0659,78.2
1733,-3.8839,38.1012,39.1
1734,-3.8834,38.134,39.1
1735,-3.6534,38.3251,39.1
1736,-3.7667,38.0006,117.3
1737,-2.9,38.0506,117.3
1738,-4.0345,37.964,117.3
1739,-3.8667,37.9395,156.4
1740,-3.7456,37.9834,312.8
1741,-3.0667,37.834,430.1
1742,-2.9,37.9673,117.3
1743,-3.8175,37.7645,117.3
1744,-3.8167,37.7506,430.1
1745,-3.85,37.734,156.4
1746,-3.8167,37.7173,430.1
1747,-3.0,37.8006,1133.9
1748,-2.9,42.3508,39.1
1749,-2.1138,42.4091,117.3
1750,-1.8527,42.2202,39.1
1751,-2.0166,42.1174,78.2
1752,-6.0502,43.0508,39.1
1753,-5.0501,43.1341,1016.6
1754,-5.0334,43.1008,821.1
1755,-4.8668,43.1174,117.3
1756,-5.1501,42.7174,39.1
1757,-5.6168,42.4008,39.1
1758,-5.5668,42.3507,78.2
1759,-5.5001,42.4008,117.3
1760,-5.4668,42.4174,117.3
1761,-4.9834,42.4674,156.4
1762,-6.2169,42.3174,39.1
1763,-6.1168,42.3007,39.1
1764,-5.5668,42.2341,78.2
1765,-5.4001,42.3007,156.4
1766,-5.4001,42.2841,156.4
1767,-5.3835,42.2674,78.2
1768,-5.8168,42.1507,117.3
1769,-5.6168,42.8008,1329.4
1770,-5.3668,42.2841,39.1
1771,-5.4335,42.3841,117.3
1772,-5.0334,42.6341,39.1
1773,-5.7168,42.7008,78.2
1774,1.0002,42.5674,78.2
1775,1.0169,42.5674,39.1
1776,1.4003,42.5508,78.2
1777,1.4341,41.8796,508.3
1778,1.4003,41.8007,78.2
1779,1.3752,41.7196,117.3
1780,0.5335,41.5341,39.1
1781,1.2975,41.6052,156.4
1782,1.3919,41.7757,78.2
1783,1.4003,41.7757,39.1
1784,1.4003,41.7841,117.3
1785,1.3919,41.7924,78.2
1786,0.6002,41.5591,273.7
1787,1.6808,42.4199,78.2
1788,1.4286,42.5908,351.9
1789,0.5835,41.5257,39.1
1790,-7.6336,43.0008,117.3
1791,-7.3336,43.5841,117.3
1792,-7.0669,43.5341,156.4
1793,-7.7503,43.3508,195.5
1794,-7.4169,43.3841,156.4
1795,-7.2669,43.4841,39.1
1796,-7.0836,43.4341,312.8
1797,-7.7336,43.2174,195.5
1798,-7.6003,43.2674,39.1
1799,-7.5336,43.2674,39.1
1800,-7.5336,43.2841,39.1
1801,-7.4669,43.2841,39.1
1802,-7.4836,43.2674,78.2
1803,-7.4336,43.2008,234.6
1804,-7.8003,43.0841,39.1
1805,-7.6169,43.1508,117.3
1806,-7.6003,43.1008,39.1
1807,-7.4669,43.1508,39.1
1808,-7.4669,43.1174,39.1
1809,-7.5003,43.0841,39.1
1810,-7.7336,42.9008,39.1
1811,-7.7003,42.8174,78.2
1812,-7.4336,42.8008,78.2
1813,-7.5003,42.7008,39.1
1814,-7.7669,42.5841,156.4
1815,-7.4669,42.5841,117.3
1816,-7.2336,42.5674,39.1
1817,-7.5169,42.4841,78.2
1818,-7.123,42.6658,39.1
1819,-7.4725,43.4302,391.0
1820,-3.6153,41.1174,39.1
1821,-3.4834,41.084,117.3
1822,-3.8667,40.884,469.2
1823,-3.7,40.9674,782.0
1824,-3.75,40.834,821.1
1825,-3.7,40.8674,78.2
1826,-3.5,40.8507,117.3
1827,-4.1334,40.7146,156.4
1828,-4.0834,40.7507,78.2
1829,-3.9834,40.734,312.8
1830,-3.9505,40.8629,469.2
1831,-3.8,40.834,156.4
1832,-3.7667,40.734,39.1
1833,-3.65,40.784,78.2
1834,-4.1497,40.5679,78.2
1835,-4.0667,40.6507,273.7
1836,-3.9667,40.584,78.2
1837,-3.85,40.634,273.7
1838,-3.9001,40.6174,156.4
1839,-3.7334,40.5507,117.3
1840,-3.6667,40.5507,117.3
1841,-3.6167,40.5507,78.2
1842,-3.45,40.6174,78.2
1843,-3.3,40.5674,1446.7
1844,-3.2667,40.5174,39.1
1845,-4.3334,40.3674,156.4
1846,-4.0334,40.4007,1016.6
1847,-3.6667,40.3507,117.3
1848,-3.5334,40.4174,78.2
1849,-4.4668,40.284,273.7
1850,-4.0667,40.3174,117.3
1851,-3.6,40.3174,156.4
1852,-3.3667,40.284,39.1
1853,-3.4,40.2507,195.5
1854,-3.35,40.184,78.2
1855,-3.5834,40.1174,625.6
1856,-3.3,40.1007,2463.3
1857,-3.25,40.1507,117.3
1858,-3.7667,39.934,78.2
1859,-3.7834,39.934,273.7
1860,-3.6,40.7507,39.1
1861,-3.6167,40.834,39.1
1862,-3.6334,40.8507,39.1
1863,-3.7167,40.9674,78.2
1864,-3.6167,41.1174,78.2
1865,-3.8334,40.834,39.1
1866,-4.2167,40.5007,78.2
1867,-3.75,40.7174,39.1
1868,-4.6501,37.1006,39.1
1869,-4.6501,37.0006,312.8
1870,-4.7668,36.8506,625.6
1871,-4.7501,36.8339,117.3
1872,-4.5134,36.9653,39.1
1873,-4.4506,36.9839,78.2
1874,-4.4504,36.9839,78.2
1875,-4.6234,36.72,117.3
1876,-4.5906,36.7634,117.3
1877,-4.6987,36.6945,156.4
1878,-4.5923,36.6867,39.1
1879,-4.3667,36.7673,78.2
1880,-4.2667,36.8173,234.6
1881,-3.9834,36.8173,78.2
1882,-4.8501,36.5173,117.3
1883,-4.7668,36.5673,78.2
1884,-4.6606,36.6934,39.1
1885,-4.6254,36.7495,117.3
1886,-4.5695,36.6887,273.7
1887,-4.5426,36.9559,39.1
1888,-4.5498,36.9517,78.2
1889,-4.5568,36.9539,664.7
1890,-1.2999,38.584,273.7
1891,-1.7874,38.3109,39.1
1892,-1.4999,38.234,195.5
1893,-1.051,38.3254,508.3
1894,-2.2833,38.0173,273.7
1895,-1.4663,38.1359,508.3
1896,-1.1332,38.1006,39.1
1897,-1.4666,37.984,195.5
1898,-1.4166,37.9673,117.3
1899,-1.3666,37.934,117.3
1900,-1.0666,37.8673,39.1
1901,-1.1499,37.9506,117.3
1902,-1.6999,37.7173,117.3
1903,-1.6499,37.7673,117.3
1904,-1.5333,37.7006,78.2
1905,-1.6249,37.4839,78.2
1906,-1.2827,37.6659,78.2
1907,-1.0735,37.7692,117.3
1908,-1.0166,37.6839,234.6
1909,-0.9332,37.834,117.3
1910,-0.8166,37.6506,117.3
1911,-1.7999,37.6673,508.3
1912,-1.7666,37.6006,117.3
1913,-1.7699,37.6403,156.4
1914,-1.6999,37.6339,156.4
1915,-1.6916,37.5839,195.5
1916,-1.4332,37.6006,195.5
1917,-1.1832,37.6506,195.5
1918,-0.7332,37.6339,312.8
1919,-2.0666,38.0006,39.1
1920,-1.7035,43.2155,234.6
1921,-1.8666,43.1841,195.5
1922,-1.5746,43.1719,39.1
1923,-1.481,43.2452,78.2
1924,-1.8638,43.0961,78.2
1925,-1.6194,43.073,156.4
1926,-1.461,43.1208,117.3
1927,-2.0608,42.8688,78.2
1928,-1.9666,42.9841,156.4
1929,-1.878,42.9749,78.2
1930,-1.8249,42.8685,195.5
1931,-1.6019,42.9911,117.3
1932,-1.281,42.9397,195.5
1933,-1.3466,42.9783,39.1
1934,-1.126,42.9572,234.6
1935,-1.081,42.9083,117.3
1936,-1.0946,42.8658,117.3
1937,-0.8252,42.8741,39.1
1938,-2.17,42.8341,156.4
1939,-1.8619,42.7841,39.1
1940,-1.6671,42.8135,156.4
1941,-1.7141,42.7327,156.4
1942,-1.5555,42.7508,234.6
1943,-1.4916,42.8327,430.1
1944,-1.3824,42.7655,508.3
1945,-1.186,42.7041,273.7
1946,-0.8604,42.8124,430.1
1947,-1.0866,42.6785,469.2
1948,-0.9938,42.7035,78.2
1949,-2.0041,42.6563,156.4
1950,-1.6305,42.6063,117.3
1951,-1.4068,42.6299,273.7
1952,-1.3638,42.628,78.2
1953,-1.2105,42.6166,273.7
1954,-2.35,42.4841,78.2
1955,-1.4944,42.3299,195.5
1956,-2.35,42.0674,117.3
1957,-2.0333,42.4077,39.1
1958,-1.4999,42.2507,78.2
1959,-1.7958,42.3874,234.6
1960,-1.7666,43.0091,39.1
1961,-2.2,42.8674,39.1
1962,-2.175,42.8591,39.1
1963,-1.6333,42.7841,117.3
1964,-1.6333,42.6508,391.0
1965,-1.3332,42.6841,78.2
1966,-8.067,42.4507,195.5
1967,-7.2933,42.3563,39.1
1968,-6.9669,42.4008,78.2
1969,-6.9836,42.3507,39.1
1970,-7.7336,42.3341,156.4
1971,-7.6003,42.3174,39.1
1972,-7.6503,42.2341,39.1
1973,-7.4836,42.3341,78.2
1974,-7.5003,42.3007,39.1
1975,-7.2669,42.2341,547.4
1976,-7.0336,42.2341,39.1
1977,-8.067,42.1341,39.1
1978,-7.7503,42.0674,39.1
1979,-7.4503,42.0507,78.2
1980,-7.3044,42.1174,156.4
1981,-6.9836,42.0507,351.9
1982,-8.1003,41.9507,78.2
1983,-6.8927,42.4633,39.1
1984,-4.4334,43.0008,117.3
1985,-4.7668,42.6341,78.2
1986,-4.7501,42.5674,39.1
1987,-4.7183,42.0674,117.3
1988,-4.7001,42.1007,156.4
1989,-4.6334,42.0341,78.2
1990,-4.6334,42.0674,117.3
1991,-8.717,42.6771,117.3
1992,-8.567,42.6841,586.5
1993,-8.1003,42.7174,39.1
1994,-8.6871,42.6548,156.4
1995,-8.6359,42.6257,156.4
1996,-8.6503,42.5674,39.1
1997,-8.3503,42.5674,39.1
1998,-8.3503,42.6174,156.4
1999,-8.117,42.6508,39.1
2000,-8.167,42.6008,39.1
2001,-8.767,42.5007,117.3
2002,-8.6503,42.4674,234.6
2003,-8.5003,42.3841,39.1
2004,-8.5503,42.2344,39.1
2005,-8.5519,42.234,117.3
2006,-8.417,42.3174,195.5
2007,-8.2836,42.3096,117.3
2008,-8.317,42.2785,78.2
2009,-8.3003,42.2341,78.2
2010,-6.4169,41.0007,78.2
2011,-5.5835,41.0674,78.2
2012,-5.5001,41.1007,39.1
2013,-5.2335,41.0507,39.1
2014,-5.2168,41.1007,156.4
2015,-6.7502,40.9674,39.1
2016,-5.9668,40.884,78.2
2017,-5.8835,40.934,117.3
2018,-5.8168,40.9507,39.1
2019,-5.7668,40.884,78.2
2020,-5.3835,40.9674,117.3
2021,-5.3501,40.934,39.1
2022,-5.2668,40.9007,78.2
2023,-6.1835,40.684,195.5
2024,-6.1168,40.7007,78.2
2025,-5.6668,40.7007,39.1
2026,-5.6001,40.7007,156.4
2027,-5.6001,40.6674,117.3
2028,-5.3668,40.7674,78.2
2029,-6.2669,40.6174,39.1
2030,-6.3835,40.534,39.1
2031,-6.2669,40.5674,39.1
2032,-6.1335,40.584,39.1
2033,-6.6002,40.4174,117.3
2034,-5.8002,40.3674,39.1
2035,-5.7668,40.3507,156.4
2036,-5.7502,40.3674,78.2
2037,-6.1335,40.5507,39.1
2038,-6.1335,40.6174,156.4
2039,-5.7168,40.3507,195.5
2040,-6.7168,40.2844,39.1
2041,-6.7335,40.284,39.1
2042,-6.053,40.5535,78.2
2043,-6.3335,40.4507,39.1
2044,-6.1339,40.5842,39.1
2045,-5.2835,40.834,39.1
2046,-5.5668,41.084,39.1
2047,-5.2335,41.084,39.1
2048,-5.3335,41.0674,156.4
2049,-5.5168,41.1507,39.1
2050,-3.7834,41.5174,39.1
2051,-4.3001,41.3841,117.3
2052,-3.5834,41.4841,78.2
2053,-3.4667,41.3507,39.1
2054,-3.3333,41.3674,156.4
2055,-3.5834,41.3174,664.7
2056,-3.5667,41.284,78.2
2057,-3.5,41.284,78.2
2058,-3.45,41.2674,39.1
2059,-3.4834,41.234,39.1
2060,-4.4001,41.1007,78.2
2061,-4.1167,41.1174,39.1
2062,-3.8334,41.0674,195.5
2063,-3.8167,41.1174,391.0
2064,-4.0167,40.8676,39.1
2065,-3.9667,40.884,117.3
2066,-4.0167,40.809,117.3
2067,-3.6834,41.1257,78.2
2068,-6.0502,37.884,117.3
2069,-5.9835,37.9673,78.2
2070,-5.6835,37.984,78.2
2071,-5.7001,37.934,39.1
2072,-5.6501,37.884,39.1
2073,-5.5835,37.8506,351.9
2074,-6.4544,37.7034,234.6
2075,-6.1502,37.7338,117.3
2076,-6.1501,37.7339,39.1
2077,-6.1502,37.734,78.2
2078,-5.821,37.7006,39.1
2079,-5.3668,37.7673,312.8
2080,-5.8043,37.6673,195.5
2081,-5.1001,37.5173,391.0
2082,-6.1835,37.3839,195.5
2083,-5.9668,37.4839,273.7
2084,-5.9168,37.4173,234.6
2085,-5.8335,37.3506,78.2
2086,-5.4835,37.4839,39.1
2087,-5.3668,37.4839,273.7
2088,-5.3168,37.4339,234.6
2089,-5.3668,37.3506,430.1
2090,-5.2168,37.4673,234.6
2091,-6.3168,37.2339,156.4
2092,-6.2002,37.2506,156.4
2093,-6.1002,37.2839,39.1
2094,-5.5168,37.2673,39.1
2095,-5.3668,37.1006,117.3
2096,-2.9833,41.8674,312.8
2097,-2.7333,41.7841,664.7
2098,-2.7,41.7841,1564.0
2099,-2.75,41.7507,1564.0
2100,-2.75,41.7007,2267.8
2101,-2.5333,41.7007,312.8
2102,-2.5,41.7174,117.3
2103,-2.45,41.8174,821.1
2104,-2.9333,41.6507,78.2
2105,-2.9833,41.5507,39.1
2106,-2.5444,41.5674,156.4
2107,-2.55,41.5174,39.1
2108,-2.525,41.5841,469.2
2109,-3.5,41.5674,234.6
2110,-3.4,41.6174,547.4
2111,-3.0,41.6007,430.1
2112,-2.7833,41.7257,117.3
2113,-2.6667,41.8174,1016.6
2114,-2.7167,41.8174,977.5
2115,1.0336,41.3841,391.0
2116,1.2502,41.384,39.1
2117,0.9961,41.3327,78.2
2118,0.9836,41.309,78.2
2119,0.5669,41.1174,117.3
2120,0.6335,41.0507,117.3
2121,0.6002,40.7451,39.1
2122,0.6335,40.7507,39.1
2123,0.6669,40.784,156.4
2124,0.6002,40.7674,156.4
2125,0.5335,40.7674,117.3
2126,0.6835,40.7007,156.4
2127,0.4502,40.6007,195.5
2128,1.1847,41.3904,39.1
2129,-0.5665,40.984,78.2
2130,-0.7704,40.8149,78.2
2131,-0.7796,40.7971,117.3
2132,-0.7035,40.7674,39.1
2133,-0.0998,40.8007,195.5
2134,-0.2998,40.5174,430.1
2135,-1.5666,40.484,351.9
2136,-1.5499,40.634,78.2
2137,-1.4332,40.284,782.0
2138,-1.3666,40.3345,156.4
2139,-1.4166,40.2007,39.1
2140,-0.7499,40.284,78.2
2141,-0.7165,40.2674,39.1
2142,-0.4665,40.3007,312.8
2143,-0.2998,40.7174,78.2
2144,-0.7688,40.8026,547.4
2145,-0.7765,40.8015,625.6
2146,-0.7785,40.8076,78.2
2147,-0.7821,40.8046,117.3
2148,-0.7838,40.8026,117.3
2149,-0.7868,40.8013,78.2
2150,-0.7777,40.7888,78.2
2151,-0.7079,40.7693,117.3
2152,-4.7668,40.2632,391.0
2153,-3.85,40.0674,156.4
2154,-3.8334,40.034,117.3
2155,-3.8,40.0507,78.2
2156,-3.8,40.0174,430.1
2157,-4.3334,39.834,625.6
2158,-4.0167,39.884,117.3
2159,-3.5667,39.984,195.5
2160,-3.4667,39.9507,117.3
2161,-3.3167,39.934,78.2
2162,-3.4834,39.884,234.6
2163,-3.2833,39.884,312.8
2164,-3.55,39.8173,156.4
2165,-3.7167,39.7673,39.1
2166,-3.7334,39.7007,78.2
2167,-3.3667,39.784,234.6
2168,-3.25,39.734,39.1
2169,-3.4167,39.6673,351.9
2170,-3.1167,39.784,117.3
2171,-3.4167,39.6507,117.3
2172,-4.6356,39.484,273.7
2173,-3.7667,39.3201,39.1
2174,-3.7167,39.684,156.4
2175,-3.2167,39.7507,234.6
2176,-3.3667,39.8507,234.6
2177,-3.4334,39.634,156.4
2178,-4.9501,39.7507,117.3
2179,-1.4499,40.134,195.5
2180,-0.9332,39.8507,391.0
2181,-1.2499,39.734,547.4
2182,-1.1332,39.684,39.1
2183,-1.0999,39.7507,78.2
2184,-1.0832,39.734,156.4
2185,-1.1832,39.8173,156.4
2186,-0.9332,39.7507,234.6
2187,-0.9666,39.684,39.1
2188,-0.8499,39.8173,234.6
2189,-0.6665,39.8173,391.0
2190,-0.7165,39.7007,156.4
2191,-0.6999,39.784,78.2
2192,-0.4832,39.7007,117.3
2193,-0.2498,39.7173,312.8
2194,-0.1998,39.7007,273.7
2195,-1.4332,39.5673,508.3
2196,-1.2166,39.534,117.3
2197,-1.1332,39.484,78.2
2198,-1.1666,39.6673,156.4
2199,-0.9499,39.5507,664.7
2200,-0.7999,39.6507,78.2
2201,-0.8666,39.5173,39.1
2202,-0.6999,39.534,117.3
2203,-0.5999,39.7007,39.1
2204,-0.5832,39.5673,78.2
2205,-0.4332,39.584,195.5
2206,-0.4332,39.5673,39.1
2207,-0.3165,39.6334,156.4
2208,-0.3165,39.6007,234.6
2209,-0.2832,39.584,195.5
2210,-1.0999,39.4007,273.7
2211,-1.0416,39.3882,977.5
2212,-0.5499,38.8173,156.4
2213,-0.5999,39.384,234.6
2214,-0.5332,39.484,156.4
2215,-0.4332,39.4507,156.4
2216,-0.3165,39.184,351.9
2217,-1.2166,39.0673,195.5
2218,-1.1999,39.0673,117.3
2219,-1.0666,39.1007,547.4
2220,-0.2524,39.1015,351.9
2221,-0.6832,38.984,117.3
2222,-0.5665,38.8506,78.2
2223,-0.1998,38.884,78.2
2224,-0.0332,38.8673,39.1
2225,-0.0665,38.884,78.2
2226,-0.8499,38.834,156.4
2227,-0.6665,38.8006,117.3
2228,-5.1501,42.1841,117.3
2229,-5.2501,42.1674,78.2
2230,-4.9834,42.0174,156.4
2231,-5.2335,41.9841,39.1
2232,-5.3001,41.9007,117.3
2233,-4.9668,41.9174,156.4
2234,-4.8501,41.8841,78.2
2235,-5.3335,41.7841,156.4
2236,-5.2168,41.7507,156.4
2237,-5.1335,41.8174,78.2
2238,-4.6834,41.8007,78.2
2239,-4.6334,41.8174,195.5
2240,-4.6168,41.8007,78.2
2241,-4.6334,41.7507,78.2
2242,-4.6001,41.7507,156.4
2243,-4.3167,41.7507,234.6
2244,-4.1501,41.7841,156.4
2245,-4.1334,41.7341,273.7
2246,-4.1001,41.7174,195.5
2247,-5.1168,41.5341,586.5
2248,-4.9834,41.5507,117.3
2249,-4.9668,41.5174,78.2
2250,-4.7001,41.5341,391.0
2251,-4.5001,41.6341,195.5
2252,-4.5001,41.5841,78.2
2253,-4.4501,41.6007,156.4
2254,-4.4668,41.5674,586.5
2255,-4.3667,41.6174,39.1
2256,-4.2834,41.6341,351.9
2257,-4.2501,41.6507,39.1
2258,-4.2001,41.5674,39.1
2259,-4.1667,41.5341,234.6
2260,-5.2168,41.3507,78.2
2261,-5.1835,41.4007,78.2
2262,-5.0334,41.3674,78.2
2263,-4.8501,41.4507,156.4
2264,-4.5334,41.3674,39.1
2265,-4.3501,41.4841,312.8
2266,-5.2835,41.234,117.3
2267,-5.1168,41.2174,78.2
2268,-5.0501,41.234,78.2
2269,-4.9334,41.2507,39.1
2270,-4.9334,41.3007,78.2
2271,-4.8668,41.3174,117.3
2272,-4.7168,41.2674,39.1
2273,-4.5334,41.5507,78.2
2274,-4.8668,41.4674,39.1
2275,-5.2166,41.3173,39.1
2276,-4.9168,41.4174,156.4
2277,-4.9501,41.2007,39.1
2278,-4.7001,41.5507,39.1
2279,-5.0501,41.2674,156.4
2280,-5.1166,41.2174,78.2
2281,-4.6857,41.284,39.1
2282,-2.82,43.4227,156.4
2283,-2.8,43.3841,78.2
2284,-2.7167,43.3841,39.1
2285,-3.3167,43.2341,351.9
2286,-3.1167,43.2008,195.5
2287,-2.8667,43.2841,78.2
2288,-2.8944,43.2891,273.7
2289,-2.8667,43.2508,195.5
2290,-2.8167,43.2675,39.1
2291,-2.7833,43.2174,156.4
2292,-2.7,43.3175,39.1
2293,-2.7,43.3008,586.5
2294,-2.65,43.1841,39.1
2295,-2.5166,43.2174,39.1
2296,-2.8833,43.0841,312.8
2297,-2.75,43.1508,117.3
2298,-2.5,43.1174,39.1
2299,-3.0,42.9841,39.1
2300,-2.9,43.3841,117.3
2301,-2.6166,43.1174,39.1
2302,-6.7502,42.1507,78.2
2303,-6.6835,42.1507,78.2
2304,-5.6168,42.0202,39.1
2305,-5.7002,41.8841,39.1
2306,-5.6335,41.9674,78.2
2307,-6.5335,41.7841,78.2
2308,-6.5002,41.7174,39.1
2309,-6.4335,41.7841,39.1
2310,-6.0835,41.8174,39.1
2311,-5.8168,41.7507,39.1
2312,-5.9668,41.7841,39.1
2313,-5.6668,41.8007,39.1
2314,-5.3335,41.5674,39.1
2315,-6.1502,41.4007,78.2
2316,-5.6668,41.4674,312.8
2317,-5.5168,41.4174,117.3
2318,-5.4335,41.3674,78.2
2319,-5.4668,41.3174,39.1
2320,-6.5002,41.7507,78.2
2321,-6.5169,41.7341,117.3
2322,-5.3835,41.234,39.1
2323,-1.0166,42.6174,39.1
2324,-1.2499,42.1174,195.5
2325,-1.1166,42.1174,78.2
2326,-1.7499,41.9174,39.1
2327,-1.3499,41.3674,39.1
2328,-2.5501,37.7366,0.4
2329,-3.8667,40.7507,0.26
2330,-3.8667,40.784,0.38
2331,-3.9001,40.784,0.38
2332,-3.85,40.734,0.38
2333,-3.8653,40.734,0.26
2334,-3.8667,40.7342,0.76
2335,-5.3506,36.7505,0.46
2336,-5.3503,36.7505,0.6
2337,-5.3501,36.7507,1.2
2338,-5.4169,36.767,0.44
2339,-5.4168,36.7673,0.6
2340,-5.4168,36.7673,0.4
2341,-5.3495,36.7499,0.4
2342,-5.3502,36.7516,0.7
2343,-5.3668,36.7506,0.38
2344,-5.3501,36.7506,0.2
2345,-5.3497,36.7508,1.6
2346,-5.3501,36.7506,0.8
2347,-0.6999,38.1006,0.06
2348,-0.6999,38.1006,0.38
2349,-0.8332,39.8507,1.03
2350,1.999,41.3332,0.68
2351,0.1668,41.3174,0.66
2352,0.0502,41.3674,0.97
2353,0.0502,41.3007,1.61
2354,0.0835,41.3841,1.08
2355,0.0172,41.3508,0.53
2356,0.0168,41.3509,0.66
2357,1.7336,41.484,0.02
2358,0.6669,41.6507,1.38
2359,0.6335,41.7174,0.61
2360,0.5501,41.9341,0.48
2361,0.5669,41.8674,0.79
2362,0.4853,41.6943,0.56
2363,0.5502,41.934,0.36
2364,0.7002,41.6341,0.48
2365,-0.7332,38.484,31.4
2366,1.501,42.0,0.43
2367,1.5003,42.0007,0.18
2368,1.4997,41.9998,0.83
2369,1.5002,42.0006,0.37
2370,1.5001,42.0002,1.11
2371,1.5002,42.0173,0.75
2372,1.5001,42.0176,0.55
2373,1.5003,42.0341,1.76
2374,1.5001,42.0172,0.17
2375,1.5003,42.0341,0.22
2376,2.0017,41.3353,0.24
2377,1.9928,41.326,0.32
2378,2.0015,41.3188,0.52
2379,1.9894,41.2749,0.75
2380,1.9926,41.3235,0.3
2381,2.0003,41.3174,0.51
2382,1.9982,41.3198,0.75
2383,1.9974,41.3185,0.3
2384,1.9919,41.3238,0.55
2385,2.0027,41.3246,0.66
2386,1.9982,41.3175,2.28
2387,2.0003,41.3174,1.91
2388,2.0,41.32,2.46
2389,1.9927,41.3187,2.52
2390,2.0003,41.3174,2.59
2391,2.0009,41.3176,2.69
2392,2.0013,41.3194,2.96
2393,2.0006,41.3219,2.51
2394,2.0005,41.3199,2.65
2395,0.0166,41.3507,0.82
2396,0.0168,41.3341,0.15
2397,0.0153,41.3341,0.54
2398,0.0167,41.334,0.72
2399,0.0166,41.3337,1.19
2400,0.0162,41.3341,1.22
2401,1.9926,41.3336,0.6
2402,0.0167,41.3507,0.32
2403,0.0169,41.351,0.03
2404,2.0019,41.338,0.05
2405,2.0004,41.3341,0.04
2406,2.0004,41.333,0.2
2407,1.9992,41.3348,0.75
2408,2.0004,41.3347,0.44
2409,2.0006,41.3333,1.19
2410,1.9827,41.3352,0.02
2411,2.0003,41.3349,0.26
2412,0.0169,41.334,0.18
2413,1.9985,41.3371,0.78
2414,1.9992,41.3341,1.31
2415,1.9939,41.333,0.68
2416,1.9986,41.3342,0.97
2417,1.9994,41.333,0.53
2418,2.0,41.3341,0.66
2419,-0.1312,42.6184,0.44
2420,-0.13,42.6194,0.34
2421,-0.1335,42.6183,0.41
2422,-0.1281,42.6218,0.26
2423,-0.1349,42.6181,0.53
2424,-0.1333,42.6174,0.55
2425,-0.1291,42.6177,0.53
2426,-0.133,42.6171,0.35
2427,-0.133,42.6171,0.2
2428,-0.1346,42.6194,0.33
2429,-0.1354,42.6175,0.26
2430,-0.1271,42.619,1.48
2431,-0.1302,42.6197,1.21
2432,-0.1325,42.6202,0.3
2433,-0.1245,42.6181,0.33
2434,-0.1324,42.6181,0.28
2435,-0.1301,42.6191,0.33
2436,-0.1309,42.6306,0.52
2437,-0.1328,42.6201,0.18
2438,-0.1204,42.621,0.37
2439,-0.1256,42.6172,0.62
2440,-0.1266,42.6144,0.43
2441,-0.1206,42.618,0.3
2442,-0.1195,42.6172,0.7
2443,-0.1329,42.6221,0.26
2444,-0.1137,42.617,0.63
2445,-0.1213,42.6176,0.32
2446,-0.1318,42.6192,0.43
2447,-2.3333,42.0674,0.7
2448,-4.1501,40.5665,0.85
2449,-4.1513,40.5674,1.43
2450,-4.1501,40.584,1.87
2451,-4.1167,40.7007,2.6
2452,-5.7501,37.834,0.4
2453,-3.8667,40.9007,0.26
2454,-3.75,40.6507,0.13
2455,-4.0167,39.8507,0.76
2456,-3.6667,38.834,0.76
2457,-5.3835,39.3673,0.52
2458,-5.3834,39.3673,0.26
2459,-5.7168,40.1175,0.26
2460,-5.7168,40.1174,0.26
2461,-2.5512,37.7506,0.4
2462,-2.7333,37.5506,0.6
2463,-2.5645,37.5833,0.6
2464,-2.5704,37.584,0.2
2465,-2.5666,37.5839,0.8
2466,-2.5666,37.584,0.1
2467,-2.5662,37.5841,0.2
2468,-2.7,37.6006,0.2
2469,-3.7167,37.1005,0.2
2470,-3.718,37.0997,0.2
2471,-3.9167,37.0839,0.4
2472,-1.9499,43.0008,0.65
2473,-2.0666,42.8175,0.4
2474,-2.3833,37.6173,0.88
2475,-2.2333,37.6506,0.61
2476,-2.3833,37.5506,0.49
2477,-2.4498,37.6006,1.03
2478,-2.4506,37.6006,1.02
2479,-2.45,37.5999,1.54
2480,-1.8666,37.0506,0.5
2481,-1.83,37.3808,0.26
2482,-1.8999,37.1673,0.02
2483,-1.8999,37.0506,0.07
2484,-2.05,36.8173,0.24
2485,-2.1,36.8173,0.88
2486,-2.1166,36.7839,0.76
2487,-2.1189,37.3665,0.1
2488,-1.8999,37.4839,0.2
2489,-2.0666,37.4673,0.2
2490,-2.3666,37.0506,0.1
2491,-1.8666,37.4673,0.2
2492,-2.1166,37.3673,0.2
2493,-2.45,37.7003,0.31
2494,-2.45,37.7006,0.59
2495,-2.4553,37.7007,0.65
2496,-2.8833,37.3173,0.13
2497,-2.8667,37.2839,0.32
2498,-3.1333,37.3009,0.29
2499,-2.8333,37.2839,0.31
2500,-2.8333,37.2838,0.22
2501,-3.1167,37.2839,0.34
2502,-2.9833,37.3173,0.03
2503,-2.95,37.3339,0.2
2504,-2.9667,37.2673,0.16
2505,-3.0833,37.3173,0.04
2506,-2.8834,37.2504,0.09
2507,-2.9992,37.1673,0.08
2508,-3.15,37.3006,0.16
2509,-3.1831,37.3173,0.1
2510,-2.8667,37.2173,0.05
2511,-3.1333,37.3006,0.12
2512,-2.8333,37.3839,0.6
2513,-2.7167,37.4673,0.1
2514,-2.8333,37.4173,1.4
2515,-2.7649,37.483,0.1
2516,-2.5833,37.3673,0.1
2517,-2.5833,37.4499,1.5
2518,-2.75,37.4576,0.1
2519,-2.749,37.4704,0.5
2520,-2.7644,37.4666,0.6
2521,-2.8167,37.1006,1.2
2522,-2.7667,37.3506,0.4
2523,-2.7499,37.4673,0.3
2524,-5.4001,38.0506,0.24
2525,-6.5835,37.7506,0.32
2526,-4.6501,40.5174,0.1
2527,-4.6668,40.4674,0.2
2528,-4.5168,40.534,0.2
2529,-4.4001,40.5674,0.2
2530,-4.4237,40.5671,0.1
2531,-6.7002,40.2674,0.2
2532,-6.7002,40.2007,0.2
2533,-6.6002,40.2174,0.2
2534,-6.6669,40.1507,0.1
2535,-6.5002,40.1674,0.2
2536,-5.7502,40.1007,0.2
2537,-5.8335,40.034,0.3
2538,-5.7502,40.0507,0.3
2539,-5.6501,40.1174,0.1
2540,-5.4667,40.1007,0.2
2541,-5.4501,40.1174,0.4
2542,-6.3169,40.3007,0.2
2543,-6.4169,40.234,0.1
2544,-6.4669,40.4507,0.1
2545,-2.7,38.0006,0.5
2546,-2.7,38.0006,0.5
2547,-2.6998,37.9766,0.5
2548,-2.9266,37.9006,0.8
2549,-2.9,37.9006,0.7
2550,-3.0833,41.1507,0.39
2551,-3.1167,41.0674,0.19
2552,-3.1165,41.134,0.27
2553,-3.1001,41.5674,0.24
2554,-3.1,41.5674,0.63
2555,-3.1167,41.1345,0.2
2556,-3.0832,41.184,0.51
2557,-3.3333,41.084,0.62
2558,-2.25,40.7007,0.42
2559,-3.4,41.2507,0.5
2560,-6.3519,37.0503,0.2
2561,-6.3402,37.0352,0.1
2562,-2.9667,37.9006,1.38
2563,-2.9501,38.0673,1.53
2564,-2.9477,38.0662,1.9
2565,-2.9594,38.0673,1.26
2566,-2.9467,38.0667,0.97
2567,-2.6166,42.5174,0.75
2568,-6.3505,37.0496,0.5
2569,-6.4085,37.0864,0.4
2570,-2.8833,37.9006,1.94
2571,-2.95,38.0674,1.27
2572,-2.9027,37.8923,1.34
2573,-2.9003,37.9003,0.53
2574,-3.1499,37.0673,0.19
2575,-3.15,37.0673,0.19
2576,-3.15,37.0673,0.2
2577,-4.2667,43.0674,1.49
2578,-8.5337,42.8674,0.25
2579,-8.5336,42.8668,0.37
2580,-8.5338,42.8676,0.09
2581,-8.5336,42.8674,0.12
2582,-8.5336,42.8668,0.22
2583,-3.4334,40.1673,0.2
2584,-3.4,40.1174,0.31
2585,-3.4294,40.1674,0.12
2586,-3.4167,40.1507,0.6
2587,-2.9,37.5506,0.29
2588,-3.1,37.1006,0.53
2589,-2.1499,42.8174,0.19
2590,-2.15,42.8174,0.1
2591,-2.2333,42.8174,0.73
2592,-2.06,42.8174,0.1
2593,-1.7166,43.0008,0.58
2594,-4.5501,40.1674,0.89
2595,-4.3001,40.2674,0.38
2596,-4.5398,40.165,0.64
2597,-4.7501,40.1507,0.26
2598,-4.7168,40.134,0.26
2599,-4.8834,39.884,0.38
2600,-4.9334,39.634,0.13
2601,-4.8001,39.5673,0.13
2602,-3.9,39.9007,0.51
2603,-3.3167,39.8673,0.51
2604,-3.3333,39.834,1.02
2605,-1.8499,41.7674,0.18
2606,-1.8154,41.7999,0.99
2607,-1.8166,41.8006,0.13
2608,-1.8166,41.7507,0.19
2609,-1.8166,41.7507,0.35
2610,-1.7833,41.8341,0.28
2611,-0.1164,42.7015,0.32
2612,-0.1165,42.7008,0.3
2613,-0.1165,42.7008,0.5
2614,-0.4499,42.6507,0.59
2615,-0.4498,42.6508,0.56
2616,-0.8499,42.7841,0.3
2617,-0.8665,42.8008,0.49
2618,-0.9165,42.7841,0.25
2619,-0.9332,42.435,0.28
2620,-0.9329,42.4341,0.25
2621,-0.7832,42.6341,0.57
2622,-0.7666,42.6341,0.39
2623,-0.7665,42.6342,0.29
2624,-0.7332,42.8838,0.22
2625,-0.7332,42.8841,0.26
2626,-0.7305,42.884,0.34
2627,-0.1831,42.7016,0.34
2628,-0.1831,42.7008,0.22
2629,-0.1833,42.7008,0.19
2630,0.5836,42.5843,3.86
2631,0.5835,42.5841,1.23
2632,0.6335,42.6008,0.51
2633,0.6835,42.7174,0.19
2634,0.6834,42.7008,0.13
2635,0.6835,42.7008,0.26
2636,1.9832,42.3174,0.5
2637,1.9837,42.3175,0.47
2638,1.9836,42.3174,0.63
2639,1.9836,42.3174,0.82
2640,1.9834,42.3183,0.55
2641,-0.2659,39.0673,0.44
2642,-0.2666,39.0674,0.34
2643,-0.2664,39.0674,0.33
2644,-0.2665,39.0674,0.17
2645,-0.2667,39.0675,0.7
2646,0.0335,42.2841,0.47
2647,0.0335,42.2841,0.63
2648,0.0337,42.2842,0.55
2649,0.0335,42.2841,0.82
2650,0.0334,42.2841,0.5
2651,-5.2668,40.4174,0.1
2652,-5.3501,40.434,0.1
2653,-5.9002,39.8673,0.1
2654,-5.1668,40.3007,0.1
2655,-5.2501,40.334,0.1
2656,2.6502,39.6831,1.02
2657,2.6501,39.6832,1.49
2658,2.6503,39.6842,1.01
2659,2.65,39.6826,1.49
2660,2.8003,39.5673,0.94
2661,3.0003,39.3507,0.56
2662,2.0003,41.3174,0.4
2663,0.0502,41.284,0.86
2664,0.0668,41.2674,1.01
2665,1.6336,41.6841,1.22
2666,1.2002,41.8341,0.1
2667,1.2502,42.1174,2.21
2668,0.9836,41.3674,0.54
2669,-1.0666,39.1173,1.34
2670,-1.1166,39.084,0.7
2671,-1.1499,39.134,0.35
2672,-1.0832,39.0673,0.28
2673,-1.1999,39.0173,1.4
2674,-0.9832,39.0507,0.77
2675,-0.9832,39.084,0.6
2676,-0.9832,39.1673,0.57
2677,-1.2166,39.0673,0.6
2678,-0.9666,39.1007,0.61
2679,-0.9332,39.0173,0.79
2680,-1.1666,39.134,1.08
2681,-1.1832,39.134,1.57
2682,-0.8999,39.1673,0.52
2683,-0.8999,39.1007,0.38
2684,-1.2166,39.084,0.8
2685,-1.0999,39.0673,1.1
2686,1.9003,41.4341,0.16
2687,1.9006,41.4345,0.22
2688,1.9003,41.434,0.26
2689,1.9008,41.4357,0.16
2690,1.8996,41.4355,0.27
2691,-8.017,42.9008,0.3
2692,-7.6503,42.8174,0.14
2693,-7.5003,42.5008,0.21
2694,-7.2992,42.2674,0.05
2695,-7.301,42.2674,0.17
2696,-7.3003,42.2682,0.31
2697,-7.2336,42.3007,0.25
2698,-7.5836,42.3008,0.35
2699,-7.5836,42.3007,0.48
2700,-7.6669,42.3007,0.2
2701,-7.7669,42.5841,0.79
2702,-7.8503,42.8508,0.1
2703,-7.8503,42.8508,0.11
2704,-7.8336,43.4342,0.24
2705,-7.8336,43.4341,0.27
2706,-8.0003,43.6841,0.07
2707,-8.0003,43.6841,0.07
2708,1.8836,41.434,0.16
2709,1.8837,41.4341,0.22
2710,1.8808,41.418,0.26
2711,1.8837,41.4175,0.16
2712,1.8836,41.4174,0.27
2713,1.9836,41.6342,0.74
2714,1.9836,41.6353,1.46
2715,1.9837,41.6341,1.75
2716,0.9002,41.3507,0.34
2717,-4.7334,40.234,0.35
2718,-4.7668,40.3007,0.2
2719,-4.8168,40.3007,0.11
2720,-4.8001,40.334,0.04
2721,-3.9167,40.6007,0.28
2722,-3.75,40.734,0.66
2723,-3.7167,40.984,0.48
2724,-3.75,40.734,0.46
2725,-3.8,40.984,0.08
2726,-4.0667,40.7507,0.23
2727,-3.9501,40.834,0.56
2728,-3.8334,40.0674,0.4
2729,-4.0168,39.884,0.46
2730,-4.0667,39.9007,0.32
2731,-4.0834,39.9007,0.66
2732,-7.3004,42.2521,0.17
2733,-7.3004,42.2508,0.12
2734,-7.2997,42.2506,0.14
2735,-7.2986,42.2504,0.31
2736,-7.3003,42.239,0.05
2737,-7.3002,42.2507,0.25
2738,-7.3,42.2494,0.05
2739,-7.6003,42.3341,0.35
2740,-7.6003,42.3341,0.48
2741,-7.867,42.8508,0.2
2742,-3.8667,43.1841,1.87
2743,-4.8168,43.1508,0.83
2744,-7.8177,43.1273,0.11
2745,-7.8172,43.1174,0.12
2746,-8.3394,43.0535,0.25
2747,-7.6505,43.2174,0.11
2748,-7.6503,43.2173,0.12
2749,-8.0336,43.0674,0.21
2750,-1.7833,43.3008,0.3
2751,-2.2,43.0841,0.3
2752,-2.35,43.0841,0.2
2753,-2.5166,43.0008,0.1
2754,-2.2666,43.0174,0.4
2755,-2.4166,43.1008,0.9
2756,-2.25,43.0841,0.2
2757,-2.4001,43.0197,0.2
2758,-2.2666,43.0175,0.3
2759,-2.2333,43.1841,0.2
2760,-2.0333,43.1341,0.3
2761,-2.4014,43.0341,0.3
2762,-2.0166,43.1174,0.1
2763,-2.25,43.0674,0.2
2764,-2.2333,43.1841,0.3
2765,-2.1826,43.1802,0.3
2766,-5.3501,39.4673,0.26
2767,-5.4001,39.4673,0.26
2768,-5.4001,39.4674,0.26
2769,-4.9501,40.934,2.1
2770,-4.9334,41.284,0.1
2771,-3.1667,40.7674,0.44
2772,-2.55,41.1174,0.63
2773,-1.8666,40.984,0.5
2774,-3.0833,40.7507,0.33
2775,-3.15,40.734,0.88
2776,-2.6667,40.784,0.54
2777,-1.6333,40.784,0.14
2778,-1.6333,40.784,0.14
2779,-0.5665,41.5507,0.05
2780,0.9669,41.3674,0.9
2781,-0.6665,41.1174,0.48
2782,0.0168,42.3007,0.7
2783,0.0502,42.3174,0.49
2784,0.0835,42.3507,0.6
2785,0.1168,42.3674,0.77
2786,0.1335,42.4508,0.35
2787,0.1669,42.6341,0.38
2788,0.2169,42.4674,0.47
2789,0.2169,42.4508,0.46
2790,0.3835,42.4341,0.43
2791,0.4169,42.468,0.51
2792,0.4169,42.4508,0.57
2793,0.4169,42.4508,0.18
2794,0.4002,42.4174,3.65
2795,0.3502,42.4174,0.18
2796,0.3169,42.3841,0.32
2797,0.2002,42.3174,0.77
2798,0.1002,42.4174,0.49
2799,0.1502,42.3841,0.44
2800,-1.851,38.1008,48.2
2801,-1.851,38.1006,32.5
2802,-1.8495,38.1007,24.1
2803,-1.8499,38.1018,10.8
2804,-1.8511,38.1011,15.9
2805,-2.7666,37.4838,0.8
2806,-2.7647,37.4839,0.4
2807,-2.7665,37.4832,0.2
2808,-2.7667,37.4839,0.2
2809,-2.7667,37.4839,0.3
2810,-2.7671,37.4843,0.1
2811,-2.767,37.4837,0.2
2812,-2.7659,37.4872,0.3
2813,-2.7673,37.4861,0.1
2814,-1.7001,37.6669,38.0
2815,-1.8166,37.5673,1.8
2816,-1.7,37.6673,1.3
2817,-2.7671,37.4839,0.2
2818,-2.7678,37.4795,0.2
2819,-2.7649,37.4873,0.3
2820,-1.4298,37.6011,4.6
2821,-2.1833,37.3506,0.44
2822,-2.15,37.3839,0.34
2823,-2.4666,37.3339,0.54
2824,-2.3666,37.3506,0.48
2825,-2.5,37.3506,0.92
2826,-2.4055,37.8026,0.91
2827,-2.2666,37.5839,0.29
2828,-1.9833,37.0006,0.4
2829,-2.6333,37.2839,0.57
2830,-1.9499,36.9506,4.8
2831,-2.05,36.8673,0.86
2832,-2.1166,36.8673,0.23
2833,-2.1333,36.9673,0.22
2834,-2.1333,36.8506,1.04
2835,-2.1255,36.9407,1.4
2836,-2.0666,36.9339,0.67
2837,-2.1166,36.9339,0.74
2838,-2.0166,36.8506,0.72
2839,-2.1186,36.7612,0.76
2840,-1.9604,37.0005,0.12
2841,-1.8333,37.2339,0.3
2842,-2.0833,37.684,0.32
2843,-0.9999,38.134,0.5
2844,-1.6998,37.6673,0.12
2845,-1.8666,37.8506,0.3
2846,-2.1666,37.7173,0.48
2847,-2.0333,37.8006,0.34
2848,-3.2167,36.8339,0.1
2849,-3.2833,36.9006,0.6
2850,-3.3833,36.8839,0.1
2851,-3.3834,36.8839,0.3
2852,-3.2167,36.8339,0.2
2853,-3.0167,37.3339,0.17
2854,-3.0667,37.1839,0.25
2855,-3.0661,37.1839,0.2
2856,-3.0667,37.184,0.17
2857,-3.0667,37.1822,0.17
2858,-1.8999,39.9674,0.29
2859,-3.15,37.1839,0.2
2860,-3.1333,37.1673,0.1
2861,-2.05,36.9506,0.47
2862,-2.4333,36.8339,0.07
2863,-2.2166,36.8839,1.26
2864,-2.0666,37.1839,0.2
2865,-1.8666,37.2506,0.2
2866,-2.1833,37.2839,0.5
2867,-2.1833,37.284,0.3
2868,-1.9794,37.2516,0.2
2869,-2.1833,37.3173,0.2
2870,-1.8102,37.2497,0.3
2871,-2.4406,37.5344,0.87
2872,-2.7167,37.7173,1.05
2873,-2.4515,37.5941,0.88
2874,-2.4333,37.5839,0.33
2875,-2.2,37.8006,0.42
2876,-2.1833,37.7173,0.31
2877,-2.4518,37.534,0.27
2878,-2.45,37.5339,0.31
2879,-2.4527,37.5898,0.62
2880,-2.4166,37.6173,0.41
2881,-2.443,37.5348,0.55
2882,-2.4833,37.5839,1.06
2883,-2.4497,37.534,0.44
2884,-2.4388,37.5339,1.19
2885,-2.4459,37.5956,0.88
2886,-2.3665,37.8174,0.45
2887,-2.3666,37.8173,0.43
2888,-2.2833,37.8173,0.29
2889,-2.45,37.53,0.44
2890,-2.4833,37.5339,0.98
2891,-2.2838,37.5688,0.56
2892,-2.4,37.6006,0.86
2893,-2.25,37.5506,0.32
2894,-2.3833,37.6006,0.82
2895,-3.1991,36.7839,0.06
2896,-3.2,36.7835,0.17
2897,-3.2,36.7839,0.19
2898,-3.4167,36.7839,0.09
2899,-3.5167,36.7506,0.33
2900,-3.3167,36.7506,0.09
2901,-3.1999,36.7837,0.08
2902,-3.2,36.7847,0.2
2903,-1.4996,37.7673,0.1
2904,-1.4157,37.8506,2.1
2905,-1.4149,37.8503,0.1
2906,-1.4999,37.7683,0.2
2907,-6.0502,37.5339,0.14
2908,-3.5,38.2006,0.41
2909,-3.3667,38.0173,1.0
2910,-3.9501,37.7173,0.8
2911,-0.951,37.734,4.1
2912,-3.6334,37.1006,0.25
2913,-1.3888,37.8034,0.31
2914,-1.3888,37.7978,0.74
2915,-1.4082,37.7784,0.76
2916,-1.4096,37.7784,1.28
2917,-0.6329,39.0174,0.97
2918,-0.6426,39.017,0.6
2919,-0.9165,38.434,1.33
2920,-0.9166,38.434,1.74
2921,-0.6324,39.0174,0.21
2922,-0.5165,38.784,1.18
2923,-0.6332,39.0173,0.68
2924,-0.633,39.0173,0.53
2925,-0.633,39.0239,1.56
2926,-0.6332,39.0163,0.58
2927,-3.2,38.2506,0.5
2928,0.1343,41.434,0.1
2929,0.1335,41.4348,0.42
2930,0.1335,41.4341,0.33
2931,-0.5999,41.5674,0.19
2932,-0.5165,41.5352,0.25
2933,-0.5995,41.5675,1.28
2934,-0.533,41.5341,0.59
2935,-0.7196,41.5716,0.4
2936,-0.5331,41.5373,0.24
2937,-0.4665,41.4841,0.35
2938,-0.8396,41.5721,0.7
2939,-0.4665,41.4341,0.23
2940,2.1938,41.6363,0.36
2941,2.1804,41.6189,0.56
2942,-0.9077,42.0007,0.51
2943,-0.8582,42.0007,0.91
2944,-2.4666,42.5674,2.49
2945,-1.0332,37.6673,0.55
2946,-1.2334,37.734,0.95
2947,-8.5332,42.8675,0.4
2948,-3.4167,40.184,0.32
2949,-3.4167,40.134,0.16
2950,-1.1305,38.3979,0.19
2951,-1.1193,38.4409,0.19
2952,-1.1166,38.3812,0.35
2953,-4.5756,37.6506,0.31
2954,-4.7268,37.5556,0.22
2955,-4.6168,37.4673,0.29
2956,-4.5543,37.4631,0.33
2957,-4.5901,37.432,0.3
2958,-4.5801,37.5478,0.24
2959,-4.4901,37.5267,0.16
2960,-4.6168,37.4676,0.29
2961,-4.7143,37.4595,0.29
2962,-4.7107,37.6367,0.22
2963,-1.4996,42.2007,0.4
2964,-1.4999,42.2006,0.74
