,Longitude,Latitude,Na [mg/kg]
0,-7.6697,43.5136,61.0
1,-7.5197,43.5813,57.0
2,-7.6461,43.5361,64.0
3,-7.4186,43.5947,97.0
4,-7.4953,43.5836,86.0
5,-7.4586,43.593,71.0
6,-7.4342,43.5872,57.0
7,-7.46,43.4466,28.0
8,-7.4053,43.4541,47.0
9,-7.6181,43.4208,54.0
10,-7.6308,43.448,37.0
11,-7.5331,43.5925,61.0
12,-7.5628,43.548,82.0
13,-7.4897,43.4466,47.0
14,-7.5091,43.5183,50.0
15,-7.6908,43.3086,34.0
16,-7.6686,43.4947,86.0
17,-7.5828,43.5538,54.0
18,-7.5836,43.5141,50.0
19,-7.4253,43.4758,54.0
20,-7.635,43.4863,37.0
21,-7.5303,43.4647,58.0
22,-7.5464,43.4338,47.0
23,-7.5386,43.4902,57.0
24,-7.5881,43.4705,50.0
25,-7.5942,43.4619,75.0
26,-7.5539,43.4638,50.0
27,-7.5336,43.5508,57.0
28,-7.4164,43.5911,50.0
29,-7.5389,43.5563,54.0
30,-7.5114,43.5413,136.0
31,-7.4497,43.4627,58.0
32,-7.4461,43.4214,28.0
33,-3.9609,40.6036,378.0
34,-2.5,42.5021,23.0
35,-2.595,43.0236,46.0
36,-2.4166,42.5341,46.0
37,-2.6333,42.9924,46.0
38,-2.5833,42.9508,46.0
39,-2.5833,42.8549,69.0
40,-2.6333,42.8424,69.0
41,-2.7167,42.9341,69.0
42,-2.55,42.823,69.0
43,-2.4747,42.7347,46.0
44,-2.303,42.7924,46.0
45,-2.2722,42.8102,92.0
46,-2.6667,42.5846,46.0
47,-2.6166,42.4994,23.0
48,-2.5666,42.5452,37605.0
49,-2.5,42.6016,46.0
50,-2.4878,42.6222,23.0
51,-2.45,39.2507,46.0
52,-2.4277,39.2498,23.0
53,-2.3486,39.2396,69.0
54,-2.45,39.0618,46.0
55,-2.0166,39.0173,46.0
56,-1.8333,38.9173,23.0
57,-1.8944,38.7256,23.0
58,-1.8999,38.734,23.0
59,-1.7333,38.8006,46.0
60,-2.6427,38.5734,138.0
61,-2.6655,38.6005,92.0
62,-2.6988,38.6908,46.0
63,-2.55,38.6506,23.0
64,-2.55,38.5673,184.0
65,-2.5,38.6173,345.0
66,-2.4166,38.434,46.0
67,-0.1498,38.8506,46.0
68,-0.8166,38.7173,23.0
69,-0.7832,38.734,138.0
70,-0.5332,38.684,69.0
71,-0.4832,38.7673,46.0
72,0.0502,38.7006,92.0
73,-0.8166,38.184,230.0
74,-0.7999,38.2006,6808.0
75,-0.7666,38.2006,8050.0
76,-0.5987,38.1923,9821.0
77,-0.6332,38.184,2691.0
78,-0.9499,38.1173,276.0
79,-0.9666,38.0173,161.0
80,-0.8832,38.0173,322.0
81,-0.6665,38.1006,460.0
82,-2.2333,37.8173,23.0
83,-2.2833,37.7006,23.0
84,-2.0666,37.734,23.0
85,-2.3,37.6006,46.0
86,-2.1333,37.5506,23.0
87,-2.5166,37.3506,69.0
88,-2.4166,37.4173,46.0
89,-2.35,37.4673,598.0
90,-2.2333,37.4339,69.0
91,-2.1387,37.3839,23.0
92,-2.0833,37.4839,69.0
93,-1.8999,37.5006,276.0
94,-2.0625,36.8006,828.0
95,-2.2,37.1839,23.0
96,-1.8833,37.2506,138.0
97,-1.8333,37.2339,46.0
98,-2.9167,37.0839,23.0
99,-2.9,37.0173,23.0
100,-2.7333,37.0006,115.0
101,-2.5666,37.0339,23.0
102,-2.35,37.0839,46.0
103,-2.25,37.1506,23.0
104,-2.2333,37.0839,345.0
105,-2.1333,37.1506,23.0
106,-1.8833,37.0506,46.0
107,-1.8499,37.1673,161.0
108,-2.9833,36.9006,46.0
109,-2.9167,36.9673,46.0
110,-2.8833,37.0006,23.0
111,-2.8833,36.8673,92.0
112,-2.7667,36.9839,69.0
113,-2.7667,36.8839,23.0
114,-2.7167,36.8339,46.0
115,-2.5166,36.8839,23.0
116,-2.4833,36.9506,69.0
117,-2.3333,37.0006,46.0
118,-2.2166,36.9173,23.0
119,-2.15,36.8673,253.0
120,-2.0833,36.8506,115.0
121,-1.9666,37.0006,805.0
122,-2.0333,36.8839,46.0
123,-2.95,36.7506,69.0
124,-2.9333,36.8173,23.0
125,-2.7333,36.7673,92.0
126,-2.6833,36.7173,368.0
127,-2.6333,36.7506,253.0
128,-2.25,36.8339,23.0
129,-2.2,36.7673,276.0
130,-2.2333,36.7839,460.0
131,-2.0666,36.8173,69.0
132,-6.9836,43.5175,69.0
133,-6.6835,43.5341,460.0
134,-5.7668,43.5675,69.0
135,-6.8502,43.4508,46.0
136,-6.5002,43.4175,230.0
137,-5.4335,43.4341,230.0
138,-5.2668,43.4508,69.0
139,-6.9336,43.1841,138.0
140,-5.7835,43.2008,92.0
141,-5.0835,43.3008,184.0
142,-4.8334,41.0674,920.0
143,-4.9501,41.1007,115.0
144,-5.0501,40.884,46.0
145,-4.9668,40.9507,253.0
146,-4.9668,40.9674,115.0
147,-5.1835,40.4174,46.0
148,-5.0168,40.5174,46.0
149,-4.8334,40.6007,92.0
150,-4.7334,40.5174,69.0
151,-4.5168,40.5507,161.0
152,-4.4334,40.584,138.0
153,-5.0812,40.3576,207.0
154,-4.9879,40.394,69.0
155,-4.7668,40.5007,368.0
156,-4.4654,40.3882,46.0
157,-5.6668,40.3007,46.0
158,-5.2301,40.279,46.0
159,-5.1665,40.2262,69.0
160,-5.1626,40.2382,23.0
161,-5.0334,40.284,138.0
162,-5.0168,40.3174,23.0
163,-5.3321,40.1479,23.0
164,-5.2501,40.134,92.0
165,-5.2501,40.1174,46.0
166,-5.0501,40.184,23.0
167,-5.1001,40.2507,69.0
168,-5.1001,40.2007,69.0
169,-5.1334,40.184,23.0
170,-4.7668,40.6507,115.0
171,-5.0834,39.3673,46.0
172,-5.0668,39.2673,46.0
173,-6.853,39.0812,69.0
174,-6.853,38.7912,207.0
175,-6.8483,38.794,69.0
176,-6.8463,38.7893,115.0
177,-6.8424,38.794,69.0
178,-6.6169,38.8673,92.0
179,-6.5835,38.834,184.0
180,-6.0835,38.884,115.0
181,-5.6501,39.0173,46.0
182,-5.2668,38.984,46.0
183,-6.9669,38.7173,161.0
184,-6.6835,38.8006,115.0
185,-6.4335,38.8006,92.0
186,-6.6835,38.684,345.0
187,-6.5169,38.7673,69.0
188,-6.4057,38.7212,414.0
189,-6.3657,38.7029,345.0
190,-5.7501,38.784,69.0
191,-6.9002,38.5506,46.0
192,-6.8335,38.5465,23.0
193,-6.8002,38.634,46.0
194,-6.4835,38.6173,276.0
195,-6.3168,38.584,46.0
196,-6.2835,38.5506,69.0
197,-5.8668,38.584,46.0
198,-5.6501,38.634,46.0
199,-5.5168,38.6173,46.0
200,-6.8169,38.4173,46.0
201,-6.6002,38.434,115.0
202,-6.5169,38.4006,46.0
203,-6.3335,38.4673,46.0
204,-5.8502,38.484,46.0
205,-7.0835,38.234,46.0
206,-7.0002,38.284,92.0
207,-6.7835,38.3173,92.0
208,-6.6896,38.2251,69.0
209,-6.6558,38.194,46.0
210,-6.4835,38.2173,92.0
211,-5.7168,38.284,46.0
212,-6.5669,38.134,46.0
213,-6.5335,38.034,115.0
214,1.8003,42.1841,46.0
215,2.3253,41.8118,207.0
216,2.3892,41.7785,46.0
217,2.3336,41.7674,92.0
218,2.4392,41.7618,46.0
219,1.5169,41.5174,115.0
220,1.4336,41.5007,23.0
221,2.317,41.5007,46.0
222,2.3586,41.5368,46.0
223,2.3586,41.5229,92.0
224,1.553,41.4515,115.0
225,1.6269,41.3515,46.0
226,1.8669,41.4007,115.0
227,1.9305,41.3889,92.0
228,1.9503,41.334,46.0
229,1.9169,41.3007,46.0
230,2.0108,41.3302,23.0
231,1.9528,41.2882,46.0
232,1.9455,41.2696,23.0
233,2.367,41.6841,23.0
234,-3.8167,42.9174,23.0
235,-3.0668,42.1341,23.0
236,-3.0667,42.1341,207.0
237,-3.0167,42.0424,69.0
238,-3.2833,41.9507,46.0
239,-3.0333,41.9841,69.0
240,-3.0167,41.9841,115.0
241,-3.9334,41.7507,69.0
242,-3.8667,41.7507,69.0
243,-3.8,41.7674,115.0
244,-3.7667,41.7341,69.0
245,-3.6834,41.7174,46.0
246,-3.5167,41.7007,69.0
247,-3.5667,41.6341,23.0
248,-3.5167,41.6841,23.0
249,-3.45,43.1174,115.0
250,-3.9667,41.8174,276.0
251,-3.9501,41.7507,23.0
252,-6.2502,40.3507,46.0
253,-6.6919,40.2424,69.0
254,-6.5002,40.2507,23.0
255,-6.1502,40.2174,138.0
256,-5.7001,40.2674,69.0
257,-6.4669,40.034,69.0
258,-5.8668,40.134,69.0
259,-5.8335,40.134,92.0
260,-5.5668,40.1507,115.0
261,-5.6001,40.0174,23.0
262,-5.5835,39.6673,575.0
263,-6.5946,39.2701,161.0
264,-6.5002,39.284,46.0
265,-6.0168,39.1507,23.0
266,-5.8835,40.2507,92.0
267,-5.8668,40.234,92.0
268,-6.8669,40.2174,46.0
269,-6.7669,40.234,46.0
270,-6.7835,40.2174,184.0
271,-5.5668,40.1007,46.0
272,-6.7835,40.184,46.0
273,-6.6335,40.2174,138.0
274,-6.0668,40.234,69.0
275,-6.5835,40.0174,161.0
276,-6.5502,40.034,23.0
277,-6.5502,40.0174,46.0
278,-5.6835,40.0174,23.0
279,-5.5668,40.034,92.0
280,-5.5335,40.0674,23.0
281,-5.4335,40.0507,23.0
282,-6.3169,39.984,92.0
283,-6.3169,39.9173,23.0
284,-6.4002,39.9507,92.0
285,-6.3835,39.9007,69.0
286,-5.7001,36.9006,69.0
287,-5.1168,36.9673,414.0
288,-5.1001,36.9173,184.0
289,-5.1168,36.9506,46.0
290,-6.1835,36.7506,46.0
291,-6.0502,36.7006,69.0
292,-6.0779,36.6841,276.0
293,-5.7335,36.7339,690.0
294,-5.5835,36.8173,69.0
295,-6.0502,36.5173,69.0
296,-5.7001,36.5006,1150.0
297,-6.0835,36.4839,230.0
298,-5.4335,36.3006,874.0
299,-5.4001,36.2506,23.0
300,-5.4335,36.2006,23.0
301,-5.3946,36.1837,69.0
302,-4.1167,43.4008,138.0
303,-3.7773,43.3966,69.0
304,-3.775,43.3958,92.0
305,-3.6167,43.3841,23.0
306,-3.45,43.3841,23.0
307,-3.2667,43.3841,69.0
308,-4.5334,43.3175,46.0
309,-4.2667,43.2341,92.0
310,-4.2334,43.2841,46.0
311,-3.4667,43.3008,23.0
312,-3.35,43.3175,23.0
313,-4.6668,43.0674,138.0
314,-4.0834,43.1174,161.0
315,-3.45,43.1508,46.0
316,-0.1332,40.6174,23.0
317,-0.0832,40.6507,69.0
318,-0.0498,40.6007,69.0
319,0.0002,40.584,23.0
320,0.2168,40.584,69.0
321,-0.2999,40.3007,46.0
322,-0.3999,40.1507,138.0
323,-0.3165,40.1174,23.0
324,-0.4665,40.0507,23.0
325,0.0668,40.134,23.0
326,-0.0498,39.884,207.0
327,-0.5665,39.8007,115.0
328,-0.1998,39.7507,23.0
329,-0.1637,39.7673,69.0
330,-4.887,39.4451,46.0
331,-4.6668,39.3673,23.0
332,-3.7334,39.2673,23.0
333,-3.5667,39.234,46.0
334,-3.1833,39.3173,46.0
335,-2.8667,39.284,23.0
336,-4.157,39.0348,184.0
337,-3.2417,39.1118,1564.0
338,-3.1167,39.1173,92.0
339,-3.8334,38.834,23.0
340,-3.6945,38.8687,23.0
341,-3.3947,38.837,92.0
342,-3.2667,38.884,184.0
343,-4.0801,38.734,299.0
344,-3.8956,38.722,46.0
345,-3.4334,38.8006,115.0
346,-2.7167,38.684,138.0
347,-3.8903,38.5826,161.0
348,-3.4667,38.6006,138.0
349,-3.4834,38.6006,23.0
350,-3.2833,38.584,23.0
351,-3.4639,39.259,46.0
352,-3.4084,38.8006,23.0
353,-3.0167,39.1895,23.0
354,-3.1542,39.3173,46.0
355,-5.1668,38.384,23.0
356,-4.9001,38.584,23.0
357,-4.8834,38.4006,23.0
358,-4.9334,38.3506,23.0
359,-4.807,38.4409,23.0
360,-4.8043,38.3562,23.0
361,-4.7584,38.3812,23.0
362,-4.9001,38.0173,23.0
363,-4.8334,38.0506,23.0
364,-4.4001,38.0506,23.0
365,-4.8001,37.8673,23.0
366,-5.2501,37.7339,322.0
367,-5.0987,37.7784,46.0
368,-5.0765,37.8034,391.0
369,-5.0168,37.784,115.0
370,-4.9987,37.7312,46.0
371,-4.7834,37.8173,230.0
372,-4.7834,37.7673,23.0
373,-4.6668,37.5173,92.0
374,-4.2667,37.4673,46.0
375,-4.4667,37.3673,115.0
376,-7.9975,43.6994,69.0
377,-8.117,43.6008,207.0
378,-8.0503,43.4841,115.0
379,-8.2072,43.3105,782.0
380,-8.1336,43.3174,115.0
381,-8.0836,43.1841,46.0
382,-8.7337,43.1174,207.0
383,-8.6837,43.0994,23.0
384,-8.5837,43.1341,161.0
385,-8.5003,43.1174,92.0
386,-8.3503,43.0674,23.0
387,-8.1336,43.1508,460.0
388,-8.0003,43.0841,276.0
389,-8.8003,42.9341,460.0
390,-8.6503,42.9841,92.0
391,-8.717,42.8841,69.0
392,-8.4503,42.9008,276.0
393,-8.1336,42.9341,23.0
394,-8.017,42.898,92.0
395,-8.867,42.7508,161.0
396,-8.7003,42.8174,230.0
397,-8.4003,42.8008,207.0
398,-8.217,43.3091,92.0
399,-2.55,40.3507,3105.0
400,-2.2333,40.4674,23.0
401,-1.8499,40.384,184.0
402,-1.9166,40.384,161.0
403,-2.8333,40.2007,230.0
404,-1.9166,40.2507,253.0
405,-1.9166,40.2174,138.0
406,-1.8333,40.2507,138.0
407,-3.0667,40.0507,23.0
408,-2.0333,40.1674,207.0
409,-2.0333,40.1673,138.0
410,-1.9499,40.034,115.0
411,-1.8999,40.034,207.0
412,-1.6666,40.1007,69.0
413,-1.6666,40.0507,69.0
414,-2.0333,39.884,23.0
415,-1.9833,39.9674,115.0
416,-1.9833,39.9507,184.0
417,-1.9333,39.984,92.0
418,-1.9333,39.9674,92.0
419,-1.6833,39.984,322.0
420,-2.9,39.8173,207.0
421,-2.7167,39.4673,1127.0
422,-1.7708,40.2124,184.0
423,-1.7944,40.3813,23.0
424,2.1336,42.2341,161.0
425,2.4906,42.2144,115.0
426,2.7003,42.2841,69.0
427,2.6837,42.2674,115.0
428,2.2003,42.3174,138.0
429,2.5198,42.1521,115.0
430,2.5503,42.1507,46.0
431,2.4281,41.8424,184.0
432,2.4225,41.8396,92.0
433,2.7837,41.9841,69.0
434,2.7837,41.9507,23.0
435,2.7642,41.8368,69.0
436,3.017,41.9507,69.0
437,3.1672,41.9201,23.0
438,2.7156,41.7696,115.0
439,2.7503,42.1507,69.0
440,-2.55,37.6506,46.0
441,-2.45,37.7506,207.0
442,-2.4333,37.8173,69.0
443,-3.6,37.4228,138.0
444,-3.3,37.4006,46.0
445,-2.7667,37.3673,23.0
446,-3.7334,37.1673,23.0
447,-3.1833,37.3172,46.0
448,-3.0667,37.3173,23.0
449,-3.1833,37.2673,46.0
450,-2.8833,37.2506,23.0
451,-3.0167,37.1839,69.0
452,-4.0834,37.1673,23.0
453,-4.0334,37.0839,23.0
454,-4.0334,37.0173,23.0
455,-3.9167,37.084,46.0
456,-3.4834,37.0506,782.0
457,-3.3834,37.1006,69.0
458,-3.25,37.1506,23.0
459,-3.2833,37.0173,23.0
460,-3.0833,37.0173,46.0
461,-3.0667,37.1506,23.0
462,-3.3,36.9006,23.0
463,-3.2833,36.9839,23.0
464,-3.0833,36.9506,23.0
465,-3.15,36.8673,46.0
466,-3.05,36.8839,46.0
467,-3.5167,36.7839,23.0
468,-3.6,36.7839,23.0
469,-3.3653,36.7806,23.0
470,-3.3686,36.7609,46.0
471,-3.3661,36.7417,115.0
472,-2.575,37.634,23.0
473,-2.55,37.6339,299.0
474,-2.55,37.6339,943.0
475,-2.5499,37.6339,667.0
476,-2.5847,37.6423,230.0
477,-3.7166,37.1006,92.0
478,-3.2833,41.084,46.0
479,-3.2333,41.0507,115.0
480,-2.3666,41.034,69.0
481,-3.2722,40.8618,23.0
482,-3.1333,40.9007,23.0
483,-3.1,40.9507,23.0
484,-2.8667,40.8507,46.0
485,-2.7167,40.884,138.0
486,-3.4278,40.709,23.0
487,-3.1167,40.7674,92.0
488,-3.0833,40.7674,46.0
489,-2.9833,40.784,92.0
490,-3.1708,40.5326,23.0
491,-3.2458,40.9146,23.0
492,-3.15,40.734,46.0
493,-3.3167,40.6007,23.0
494,-3.2917,41.059,23.0
495,-3.1,40.934,23.0
496,-1.5833,40.7757,46.0
497,-2.95,40.9507,46.0
498,-2.8667,40.7674,391.0
499,-3.1667,40.5674,69.0
500,-3.0667,40.9924,46.0
501,-1.8333,43.3675,46.0
502,-1.7833,43.0341,253.0
503,-2.4166,43.2174,138.0
504,-2.5333,43.0008,46.0
505,-2.2166,43.1508,23.0
506,-2.2666,43.0341,46.0
507,-2.1166,43.0508,69.0
508,-1.9333,43.1508,46.0
509,-7.1169,37.9673,23.0
510,-7.0569,37.8392,23.0
511,-6.4059,36.9166,46.0
512,-6.8685,37.9459,276.0
513,-6.8685,37.9328,276.0
514,-6.7335,37.8673,115.0
515,-6.6269,37.949,23.0
516,-6.4724,37.8837,46.0
517,-6.2002,37.9173,69.0
518,-7.1419,37.7687,23.0
519,-6.9155,37.6687,207.0
520,-6.8935,37.7164,92.0
521,-6.7155,37.7728,253.0
522,-6.5669,37.5751,69.0
523,-7.121,37.5895,207.0
524,-6.9169,37.5534,207.0
525,-7.0002,37.3503,69.0
526,-6.3502,37.4673,138.0
527,-6.4669,37.4006,23.0
528,-6.3724,37.3728,138.0
529,-6.9335,37.2007,207.0
530,-6.8502,37.2006,276.0
531,-6.5835,37.1839,46.0
532,-6.4962,37.2505,23.0
533,-6.4335,37.2839,46.0
534,-6.5002,37.2006,46.0
535,-6.8169,37.1506,138.0
536,-6.6835,37.1006,138.0
537,-6.5044,37.017,46.0
538,-6.5132,37.1012,46.0
539,-0.7332,42.8341,460.0
540,-0.7165,42.8508,46.0
541,-0.3998,42.7841,92.0
542,-0.2332,42.7841,414.0
543,-0.8499,42.6063,92.0
544,-0.8499,42.6008,23.0
545,-0.7499,42.5508,46.0
546,-0.5499,42.5508,23.0
547,-0.4665,42.5341,23.0
548,0.0168,42.6341,69.0
549,0.6169,42.5841,46.0
550,-0.5832,42.4674,115.0
551,0.1502,42.4674,115.0
552,0.0335,42.4341,207.0
553,-0.4665,42.4508,184.0
554,0.5502,42.4841,92.0
555,-0.6999,42.4008,23.0
556,-0.6499,42.3007,69.0
557,-0.7499,42.0007,23.0
558,-0.2832,41.9466,1771.0
559,-0.2832,41.941,391.0
560,-0.3498,41.9257,483.0
561,-0.2707,41.8702,276.0
562,-0.1998,41.8868,529.0
563,-0.4499,41.7507,207.0
564,0.3335,41.6007,161.0
565,-0.1832,42.6174,207.0
566,0.0668,42.6008,23.0
567,0.0168,42.5841,161.0
568,-0.1332,42.5341,23.0
569,0.3002,42.6008,23.0
570,0.2335,42.6174,161.0
571,0.3835,42.5674,161.0
572,0.3502,42.5841,184.0
573,-2.7592,38.509,138.0
574,-3.9303,38.1656,69.0
575,-2.7,38.5006,23.0
576,-2.6166,38.5006,161.0
577,-2.6,38.4006,46.0
578,-3.9042,38.3145,23.0
579,-4.2334,38.0673,115.0
580,-4.1042,38.037,92.0
581,-4.0973,38.0437,92.0
582,-4.0576,38.0356,69.0
583,-4.0142,38.0437,69.0
584,-3.9981,38.1117,69.0
585,-3.92,38.0659,23.0
586,-3.8834,38.134,23.0
587,-3.6534,38.3251,161.0
588,-3.7667,38.0006,92.0
589,-2.9,38.0506,69.0
590,-4.0345,37.964,46.0
591,-3.8667,37.9395,46.0
592,-3.7456,37.9834,92.0
593,-3.0667,37.834,161.0
594,-2.9,37.9673,46.0
595,-3.8167,37.7506,23.0
596,-3.85,37.734,46.0
597,-3.8167,37.7173,23.0
598,-3.0,37.8006,253.0
599,-2.9,42.3508,23.0
600,-2.1138,42.4091,207.0
601,-1.8527,42.2202,23.0
602,-2.0166,42.1174,46.0
603,-5.0501,43.1341,161.0
604,-5.0334,43.1008,230.0
605,-4.8668,43.1174,92.0
606,-5.6168,42.4008,23.0
607,-5.5668,42.3507,23.0
608,-5.5001,42.4008,69.0
609,-5.4668,42.4174,23.0
610,-4.9834,42.4674,23.0
611,-6.2169,42.3174,23.0
612,-6.1168,42.3007,46.0
613,-5.5668,42.2341,69.0
614,-5.4001,42.3007,46.0
615,-5.4001,42.2841,69.0
616,-5.3835,42.2674,46.0
617,-5.8168,42.1507,46.0
618,-5.6168,42.8008,115.0
619,-5.4335,42.3841,69.0
620,-5.0334,42.6341,46.0
621,1.0002,42.5674,115.0
622,1.0169,42.5674,115.0
623,1.4003,42.5508,138.0
624,1.4341,41.8796,69.0
625,1.4003,41.8007,69.0
626,1.3752,41.7196,23.0
627,0.5335,41.5341,46.0
628,1.2975,41.6052,138.0
629,1.3919,41.7757,46.0
630,1.4003,41.7757,23.0
631,1.4003,41.7841,23.0
632,1.3919,41.7924,23.0
633,0.6002,41.5591,46.0
634,1.6808,42.4199,805.0
635,1.4286,42.5908,46.0
636,0.5835,41.5257,46.0
637,0.4169,41.3174,92.0
638,-7.7503,43.3508,115.0
639,-7.4169,43.3841,69.0
640,-7.3836,43.4675,207.0
641,-7.2669,43.4841,23.0
642,-7.7336,43.2174,460.0
643,-7.6003,43.2674,69.0
644,-7.5336,43.2674,23.0
645,-7.5336,43.2841,23.0
646,-7.4669,43.2841,23.0
647,-7.4336,43.2008,23.0
648,-7.6003,43.1008,23.0
649,-7.4669,43.1508,23.0
650,-7.0669,43.1341,207.0
651,-7.817,42.8841,115.0
652,-7.7336,42.9008,23.0
653,-7.5003,42.8841,92.0
654,-7.1669,42.8841,184.0
655,-7.7003,42.8174,460.0
656,-7.4336,42.8008,69.0
657,-7.4003,42.7841,69.0
658,-7.5003,42.7008,92.0
659,-7.7669,42.5841,69.0
660,-7.4669,42.5841,69.0
661,-7.5169,42.4841,230.0
662,-7.123,42.6658,46.0
663,-7.4725,43.4302,322.0
664,-3.6153,41.1174,23.0
665,-3.8667,40.884,23.0
666,-3.7,40.9674,46.0
667,-3.75,40.834,46.0
668,-4.0834,40.7507,92.0
669,-3.9505,40.8629,23.0
670,-3.8,40.834,23.0
671,-4.1497,40.5679,460.0
672,-4.0667,40.6507,69.0
673,-3.9001,40.6174,115.0
674,-3.6667,40.5507,46.0
675,-3.6167,40.5507,184.0
676,-3.45,40.6174,3082.0
677,-3.3,40.5674,414.0
678,-3.2667,40.5174,23.0
679,-4.3334,40.3674,92.0
680,-4.0334,40.4007,299.0
681,-3.6667,40.3507,138.0
682,-3.5334,40.4174,92.0
683,-4.4668,40.284,161.0
684,-4.0667,40.3174,92.0
685,-3.6,40.3174,92.0
686,-3.4,40.2507,69.0
687,-3.5834,40.1174,391.0
688,-3.3,40.1007,598.0
689,-3.25,40.1507,23.0
690,-3.7667,39.934,115.0
691,-3.7834,39.934,46.0
692,-3.6,40.7507,23.0
693,-3.6167,40.834,23.0
694,-3.6334,40.8507,23.0
695,-3.7167,40.9674,23.0
696,-4.2167,40.5007,23.0
697,-4.6501,37.0006,23.0
698,-4.7668,36.8506,115.0
699,-4.7501,36.8339,138.0
700,-4.5134,36.9653,23.0
701,-4.4506,36.9839,23.0
702,-4.4504,36.9839,46.0
703,-4.6234,36.72,23.0
704,-4.5906,36.7634,368.0
705,-4.6987,36.6945,368.0
706,-4.6584,36.7089,207.0
707,-4.5923,36.6867,322.0
708,-4.3667,36.7673,230.0
709,-4.2667,36.8173,69.0
710,-3.9834,36.8173,46.0
711,-4.8501,36.5173,23.0
712,-4.7668,36.5673,92.0
713,-4.6606,36.6934,23.0
714,-4.6254,36.7495,414.0
715,-4.5695,36.6887,322.0
716,-4.5426,36.9559,299.0
717,-4.5498,36.9517,23.0
718,-4.5568,36.9539,23.0
719,-1.2999,38.584,23.0
720,-1.7874,38.3109,69.0
721,-1.051,38.3254,644.0
722,-2.2833,38.0173,483.0
723,-1.4663,38.1359,115.0
724,-1.1332,38.1006,23.0
725,-1.4666,37.984,69.0
726,-1.4166,37.9673,161.0
727,-1.3666,37.934,161.0
728,-1.0666,37.8673,92.0
729,-1.1499,37.9506,92.0
730,-1.6999,37.7173,230.0
731,-1.6499,37.7673,322.0
732,-1.5333,37.7006,391.0
733,-1.6249,37.4839,23.0
734,-1.2827,37.6659,299.0
735,-1.0735,37.7692,46.0
736,-1.0166,37.6839,69.0
737,-0.9332,37.834,161.0
738,-0.8166,37.6506,667.0
739,-1.7999,37.6673,92.0
740,-1.7666,37.6006,299.0
741,-1.7699,37.6403,345.0
742,-1.6999,37.6339,368.0
743,-1.6916,37.5839,161.0
744,-1.4332,37.6006,621.0
745,-1.1832,37.6506,575.0
746,-0.7332,37.6339,23.0
747,-2.0666,38.0006,115.0
748,-1.7035,43.2155,161.0
749,-1.8666,43.1841,69.0
750,-1.5746,43.1719,46.0
751,-1.481,43.2452,23.0
752,-1.8638,43.0961,46.0
753,-1.6194,43.073,23.0
754,-1.461,43.1208,69.0
755,-2.0608,42.8688,23.0
756,-1.9666,42.9841,69.0
757,-1.8249,42.8685,69.0
758,-1.6019,42.9911,46.0
759,-1.281,42.9397,23.0
760,-1.3466,42.9783,23.0
761,-1.126,42.9572,69.0
762,-1.081,42.9083,46.0
763,-1.0946,42.8658,23.0
764,-0.8252,42.8741,23.0
765,-2.17,42.8341,69.0
766,-1.8619,42.7841,23.0
767,-1.6671,42.8135,69.0
768,-1.7141,42.7327,92.0
769,-1.5555,42.7508,69.0
770,-1.4916,42.8327,46.0
771,-1.3824,42.7655,69.0
772,-1.186,42.7041,69.0
773,-0.8604,42.8124,23.0
774,-1.0866,42.6785,23.0
775,-0.9938,42.7035,69.0
776,-2.0041,42.6563,23.0
777,-1.6305,42.6063,46.0
778,-1.4068,42.6299,46.0
779,-1.3638,42.628,23.0
780,-1.2105,42.6166,46.0
781,-2.35,42.4841,23.0
782,-1.4944,42.3299,575.0
783,-2.35,42.0674,23.0
784,-2.0333,42.4077,69.0
785,-1.4999,42.2507,1633.0
786,-1.7958,42.3874,621.0
787,-1.7666,43.0091,23.0
788,-2.2,42.8674,23.0
789,-2.175,42.8591,23.0
790,-1.6333,42.7841,46.0
791,-1.6333,42.6508,46.0
792,-1.3332,42.6841,46.0
793,-8.067,42.4507,46.0
794,-6.9669,42.4008,184.0
795,-6.9836,42.3507,115.0
796,-7.7336,42.3341,115.0
797,-7.6003,42.3174,23.0
798,-7.6503,42.2341,23.0
799,-7.4836,42.3341,23.0
800,-7.5003,42.3007,23.0
801,-7.3628,42.1924,184.0
802,-7.2669,42.2341,138.0
803,-7.0336,42.2341,23.0
804,-8.067,42.1341,23.0
805,-7.8169,42.0841,345.0
806,-7.7503,42.0674,23.0
807,-7.4503,42.0507,46.0
808,-7.3044,42.1174,207.0
809,-6.9836,42.0507,23.0
810,-8.1003,41.9507,207.0
811,-6.8927,42.4633,23.0
812,-4.4334,43.0008,23.0
813,-4.7668,42.6341,23.0
814,-4.7183,42.0674,138.0
815,-4.7001,42.1007,23.0
816,-4.6334,42.0341,138.0
817,-4.6334,42.0674,1564.0
818,-8.717,42.6771,828.0
819,-8.567,42.6841,529.0
820,-8.317,42.7508,368.0
821,-8.1003,42.7174,138.0
822,-8.7003,42.6508,299.0
823,-8.6871,42.6548,460.0
824,-8.6861,42.6548,46.0
825,-8.6503,42.5674,322.0
826,-8.5503,42.5341,460.0
827,-8.3503,42.5674,253.0
828,-8.117,42.6508,161.0
829,-8.167,42.6008,460.0
830,-7.9336,42.6341,138.0
831,-8.767,42.5007,460.0
832,-8.5003,42.3841,161.0
833,-8.5503,42.2344,92.0
834,-8.317,42.2785,69.0
835,-8.6337,42.1341,23.0
836,-6.4169,41.0007,230.0
837,-5.5001,41.1007,138.0
838,-5.2335,41.0507,460.0
839,-5.9668,40.884,92.0
840,-5.8168,40.9507,115.0
841,-6.1168,40.7007,23.0
842,-5.6668,40.7007,23.0
843,-5.6001,40.7007,23.0
844,-5.6001,40.6674,23.0
845,-5.3668,40.7674,23.0
846,-6.2669,40.6174,23.0
847,-6.2669,40.5674,46.0
848,-6.3335,40.534,23.0
849,-6.2002,40.5674,46.0
850,-6.1835,40.6507,46.0
851,-6.1335,40.584,23.0
852,-6.1571,40.516,23.0
853,-6.6002,40.4174,23.0
854,-5.8002,40.3674,46.0
855,-5.7668,40.3507,69.0
856,-5.7502,40.3674,46.0
857,-6.1335,40.5507,46.0
858,-6.1335,40.6174,115.0
859,-5.7168,40.3507,115.0
860,-6.7168,40.2844,46.0
861,-6.7335,40.284,46.0
862,-6.053,40.5535,46.0
863,-6.1339,40.5842,46.0
864,-5.2835,40.834,46.0
865,-5.2168,40.9007,23.0
866,-5.5668,41.084,23.0
867,-5.2335,41.084,69.0
868,-5.3335,41.0674,46.0
869,-5.5168,41.1507,23.0
870,-3.7834,41.5174,23.0
871,-4.3001,41.3841,46.0
872,-3.5834,41.4841,23.0
873,-3.4667,41.3507,23.0
874,-3.3333,41.3674,23.0
875,-3.5834,41.3174,460.0
876,-3.5667,41.284,23.0
877,-3.5,41.284,23.0
878,-3.45,41.2674,23.0
879,-3.4834,41.234,23.0
880,-3.8334,41.0674,46.0
881,-3.8167,41.1174,115.0
882,-5.7001,37.934,23.0
883,-5.6501,37.884,23.0
884,-5.5835,37.8506,69.0
885,-6.4544,37.7034,23.0
886,-6.1501,37.7339,23.0
887,-6.1502,37.734,23.0
888,-5.3668,37.7673,46.0
889,-5.9668,37.4839,115.0
890,-5.9168,37.4173,69.0
891,-5.4835,37.4839,23.0
892,-5.3668,37.4839,253.0
893,-5.3168,37.4339,529.0
894,-5.3668,37.3506,3404.0
895,-5.2168,37.4673,391.0
896,-6.3168,37.2339,621.0
897,-6.2002,37.2506,46.0
898,-6.1002,37.2839,23.0
899,-5.5168,37.2673,115.0
900,-2.9833,41.8674,69.0
901,-2.7333,41.7841,253.0
902,-2.7,41.7841,253.0
903,-2.75,41.7507,92.0
904,-2.75,41.7007,69.0
905,-2.5333,41.7007,736.0
906,-2.5,41.7174,115.0
907,-2.45,41.8174,161.0
908,-2.9333,41.6507,115.0
909,-2.9833,41.5507,23.0
910,-2.5444,41.5674,46.0
911,-2.55,41.5174,23.0
912,-2.525,41.5841,92.0
913,-3.5,41.5674,46.0
914,-3.4,41.6174,23.0
915,-2.6667,41.8174,46.0
916,-2.7167,41.8174,46.0
917,1.0336,41.3841,230.0
918,1.2502,41.384,46.0
919,0.9836,41.309,23.0
920,0.5669,41.1174,23.0
921,0.6335,41.0507,46.0
922,0.6002,40.7451,115.0
923,0.6335,40.7507,69.0
924,0.6669,40.784,92.0
925,0.6002,40.7674,69.0
926,0.5335,40.7674,230.0
927,0.8335,40.7174,115.0
928,0.6835,40.7007,1265.0
929,1.1847,41.3904,46.0
930,-0.5665,40.984,69.0
931,-0.7704,40.8149,207.0
932,-0.7796,40.7971,276.0
933,-0.7035,40.7674,345.0
934,-0.0998,40.8007,46.0
935,-0.2998,40.5174,69.0
936,-1.5666,40.484,46.0
937,-1.5499,40.634,207.0
938,-1.6833,40.5674,230.0
939,-1.4332,40.284,46.0
940,-1.3666,40.3345,46.0
941,-1.4166,40.2007,230.0
942,-0.7499,40.284,23.0
943,-0.4665,40.3007,46.0
944,-0.2998,40.7174,46.0
945,-0.7688,40.8026,92.0
946,-0.7765,40.8015,92.0
947,-0.7785,40.8076,46.0
948,-0.7838,40.8026,46.0
949,-0.7868,40.8013,46.0
950,-0.7777,40.7888,69.0
951,-0.7079,40.7693,276.0
952,-4.7668,40.2632,460.0
953,-3.85,40.0674,23.0
954,-3.8334,40.034,23.0
955,-3.8,40.0507,46.0
956,-3.8,40.0174,23.0
957,-4.3334,39.834,23.0
958,-3.7167,39.9174,4784.0
959,-3.6334,39.8507,5382.0
960,-3.4667,39.9507,4232.0
961,-3.3167,39.934,207.0
962,-3.4834,39.884,92.0
963,-3.2833,39.884,161.0
964,-3.55,39.8173,46.0
965,-3.7167,39.7673,1311.0
966,-3.7334,39.7007,161.0
967,-3.3667,39.784,368.0
968,-3.25,39.734,1265.0
969,-3.4167,39.6673,46.0
970,-3.6834,39.684,46.0
971,-3.7167,39.684,92.0
972,-3.3667,39.8507,161.0
973,-3.4334,39.634,23.0
974,-1.4499,40.134,69.0
975,-0.9332,39.8507,207.0
976,-1.2499,39.734,161.0
977,-1.1332,39.684,115.0
978,-1.0999,39.7507,69.0
979,-1.0832,39.734,92.0
980,-1.1832,39.8173,92.0
981,-0.9332,39.7507,161.0
982,-0.9666,39.684,115.0
983,-0.8499,39.8173,575.0
984,-0.6665,39.8173,69.0
985,-0.7165,39.7007,46.0
986,-0.6999,39.784,46.0
987,-0.4832,39.7007,69.0
988,-0.2498,39.7173,138.0
989,-0.1998,39.7007,23.0
990,-1.2166,39.534,115.0
991,-1.1332,39.484,69.0
992,-1.1666,39.6673,207.0
993,-0.9499,39.5507,230.0
994,-0.7999,39.6507,115.0
995,-0.8666,39.5173,253.0
996,-0.6999,39.534,276.0
997,-0.5999,39.7007,207.0
998,-0.5832,39.5673,69.0
999,-0.4332,39.584,1104.0
1000,-0.4332,39.5673,506.0
1001,-0.3165,39.6334,299.0
1002,-0.3165,39.6007,414.0
1003,-0.2832,39.584,207.0
1004,-1.0999,39.4007,690.0
1005,-1.0416,39.3882,92.0
1006,-0.5499,38.8173,69.0
1007,-0.5999,39.384,46.0
1008,-0.5332,39.484,69.0
1009,-0.4332,39.4507,92.0
1010,-0.3165,39.184,207.0
1011,-1.2166,39.0673,23.0
1012,-1.1999,39.0673,69.0
1013,-1.0666,39.1007,138.0
1014,-0.2524,39.1015,23.0
1015,-0.6832,38.984,23.0
1016,-0.5665,38.8506,46.0
1017,-0.1998,38.884,69.0
1018,-0.0332,38.8673,92.0
1019,-0.0665,38.884,184.0
1020,-0.8499,38.834,345.0
1021,-0.6665,38.8006,23.0
1022,-5.1501,42.1841,23.0
1023,-5.2501,42.1674,92.0
1024,-4.4668,41.5674,414.0
1025,-5.1168,41.2174,115.0
1026,-5.0501,41.234,161.0
1027,-4.9334,41.2507,115.0
1028,-4.9334,41.3007,1127.0
1029,-4.8668,41.3174,230.0
1030,-4.5334,41.5507,115.0
1031,-4.8668,41.4674,46.0
1032,-4.9168,41.4174,46.0
1033,-4.9501,41.2007,23.0
1034,-4.7001,41.5507,23.0
1035,-2.8,43.3841,46.0
1036,-2.7167,43.3841,69.0
1037,-3.3167,43.2341,46.0
1038,-3.1167,43.2008,46.0
1039,-2.8667,43.2841,46.0
1040,-2.8944,43.2891,46.0
1041,-2.8667,43.2508,46.0
1042,-2.8167,43.2675,23.0
1043,-2.7833,43.2174,46.0
1044,-2.7,43.3175,23.0
1045,-2.7,43.3008,92.0
1046,-2.65,43.1841,46.0
1047,-2.8833,43.0841,46.0
1048,-2.75,43.1508,46.0
1049,-2.5,43.1174,23.0
1050,-3.0,42.9841,161.0
1051,-2.9,43.3841,69.0
1052,-2.6166,43.1174,184.0
1053,-6.7502,42.1507,23.0
1054,-6.3502,42.0341,161.0
1055,-5.6168,42.0841,207.0
1056,-5.6168,42.0202,46.0
1057,-5.7002,41.8841,46.0
1058,-6.0835,41.8174,207.0
1059,-5.8168,41.7507,92.0
1060,-5.9668,41.7841,184.0
1061,-5.5168,41.4174,92.0
1062,-5.4668,41.3174,69.0
1063,-5.4168,41.3674,161.0
1064,-1.1166,42.1174,644.0
1065,-1.7499,41.9174,184.0
1066,-1.6833,41.9007,207.0
1067,-1.7499,41.8841,138.0
1068,-1.6999,41.8716,161.0
1069,-0.5499,41.8007,276.0
1070,-0.5332,41.7507,46.0
1071,-1.6999,41.6341,46.0
1072,-1.3499,41.3674,46.0
1073,-2.5501,37.7366,1.0
1074,-3.8667,40.7507,1.0
1075,-3.8667,40.784,2.0
1076,-3.9001,40.784,2.0
1077,-3.85,40.734,1.0
1078,-3.8653,40.734,1.0
1079,-3.8667,40.7342,2.0
1080,-5.3506,36.7505,1.0
1081,-5.3503,36.7505,1.0
1082,-5.3501,36.7507,1.0
1083,-5.4169,36.767,1.0
1084,-5.4168,36.7673,1.0
1085,-5.3502,36.7516,1.0
1086,-5.3668,36.7506,1.0
1087,-5.3501,36.7506,1.0
1088,-5.3497,36.7508,1.0
1089,-5.3501,36.7506,1.0
1090,-0.6999,38.1006,2.0
1091,0.6669,41.6507,1.0
1092,0.6335,41.7174,1.0
1093,-0.7332,38.484,11.0
1094,1.5003,42.0007,1.0
1095,1.4997,41.9998,1.0
1096,1.5002,42.0006,1.0
1097,1.5001,42.0002,1.0
1098,1.5002,42.0173,1.0
1099,0.0167,41.334,1.0
1100,2.0006,41.3333,1.0
1101,-4.1167,40.7007,1.0
1102,-4.0167,39.8507,1.0
1103,-2.5512,37.7506,1.0
1104,-2.7333,37.5506,7.0
1105,-2.5645,37.5833,4.0
1106,-2.5704,37.584,5.0
1107,-2.5666,37.5839,3.0
1108,-2.5666,37.584,6.0
1109,-2.5662,37.5841,2.0
1110,-2.7,37.6006,2.0
1111,-3.7167,37.1005,2.0
1112,-3.718,37.0997,1.0
1113,-3.9167,37.0839,5.0
1114,-2.05,36.8173,1.0
1115,-2.1,36.8173,1.0
1116,-2.1166,36.7839,1.0
1117,-1.8999,37.4839,1.0
1118,-3.0833,37.3173,6.0
1119,-3.1831,37.3173,1.0
1120,-4.6668,40.4674,2.0
1121,-4.5168,40.534,1.0
1122,-4.4001,40.5674,1.0
1123,-5.7502,40.1007,1.0
1124,-5.7502,40.0507,1.0
1125,-6.4669,40.4507,1.0
1126,-2.7,38.0006,2.0
1127,-2.7,38.0006,2.0
1128,-2.6998,37.9766,2.0
1129,-2.9266,37.9006,1.0
1130,-2.9,37.9006,2.0
1131,-3.3333,41.084,1.0
1132,-3.4,41.2507,1.0
1133,-6.3524,37.0519,1.0
1134,-6.3519,37.0503,2.0
1135,-6.3402,37.0352,3.0
1136,-2.9501,38.0673,1.0
1137,-2.9477,38.0662,2.0
1138,-2.9594,38.0673,1.0
1139,-6.4085,37.0864,2.0
1140,-2.9019,37.8985,1.0
1141,-2.8833,37.9006,2.0
1142,-2.95,38.0674,2.0
1143,-2.9003,37.9003,1.0
1144,-4.2667,43.0674,1.0
1145,-8.5336,42.8668,1.0
1146,-3.4,40.1174,1.0
1147,-3.4167,40.1507,1.0
1148,-4.5501,40.1674,1.0
1149,-4.3001,40.2674,1.0
1150,-4.5398,40.165,1.0
1151,-4.7501,40.1507,1.0
1152,-4.7168,40.134,1.0
1153,-4.8834,39.884,1.0
1154,-3.9,39.9007,1.0
1155,-5.2668,40.4174,1.0
1156,-5.3501,40.434,1.0
1157,2.6502,39.6831,1.0
1158,2.6501,39.6832,2.0
1159,2.6503,39.6842,1.0
1160,2.0003,41.3174,1.0
1161,-1.1166,39.084,1.0
1162,-1.1999,39.0173,1.0
1163,-0.9832,39.0507,1.0
1164,-0.9666,39.1007,4.0
1165,-0.9332,39.0173,1.0
1166,-1.1666,39.134,1.0
1167,-0.8999,39.1007,1.0
1168,-1.0999,39.0673,1.0
1169,1.9003,41.4341,1.0
1170,-8.017,42.9008,1.0
1171,-8.0003,43.6841,1.0
1172,-8.0003,43.6841,1.0
1173,1.8836,41.434,1.0
1174,1.9836,41.6353,1.0
1175,-3.8667,43.1841,1.0
1176,-4.8168,43.1508,1.0
1177,-2.4166,43.1008,1.0
1178,-2.1826,43.1802,1.0
1179,-5.3501,39.4673,1.0
1180,-5.4001,39.4673,2.0
1181,-5.4001,39.4674,1.0
1182,-4.9501,40.934,1.0
1183,-4.9334,41.284,1.0
1184,-5.5001,41.084,1.0
1185,0.0168,42.3007,1.0
1186,0.1502,42.3841,1.0
1187,-1.851,38.1008,8.0
1188,-1.851,38.1006,9.0
1189,-1.8495,38.1007,5.0
1190,-1.8499,38.1018,2.0
1191,-1.8511,38.1011,10.0
1192,-2.7667,37.4839,1.0
1193,-1.7001,37.6669,70.0
1194,-1.8166,37.5673,8.0
1195,-1.7,37.6673,10.0
1196,-1.4298,37.6011,32.0
1197,-1.9833,37.0006,4.0
1198,-1.9499,36.9506,2.0
1199,-2.0166,36.8506,1.0
1200,-3.3834,36.8839,1.0
1201,-2.4333,36.8339,6.0
1202,-2.2166,36.8839,2.0
1203,-1.8666,37.2506,1.0
1204,-2.4406,37.5344,3.0
1205,-1.4996,37.7673,15.0
1206,-1.4157,37.8506,188.0
1207,-1.4149,37.8503,14.0
1208,-1.4999,37.7683,20.0
1209,-0.951,37.734,2.0
1210,-1.3888,37.7978,1.0
1211,-4.668,39.568,1.0
1212,-4.5801,37.5478,1.0
