,Longitude,Latitude,Ca [mg/kg]
0,-1.8278,43.3536,77.0
1,-1.8778,43.3292,232.0
2,-1.8097,43.3272,1416.0
3,-1.8053,43.2903,1432.0
4,-1.8458,43.2856,272.0
5,-1.9423,43.1386,2378.0
6,-2.0039,43.1434,841.0
7,-1.9619,43.222,224.0
8,-2.0256,43.2764,1770.0
9,-2.1122,43.2458,254.0
10,-2.1597,43.2397,449.0
11,-2.3111,43.2703,1725.0
12,-2.2597,43.1883,348.0
13,-2.4067,43.2347,687.0
14,-2.2039,43.1758,657.0
15,-2.3242,43.1697,2500.0
16,-2.5042,43.1625,853.0
17,-2.1068,43.1096,67.0
18,-2.1082,43.1153,974.0
19,-2.3794,43.1286,938.0
20,-2.3939,43.1022,2500.0
21,-2.0811,43.0619,1486.0
22,-2.2722,43.0625,2500.0
23,-2.4047,43.0406,797.0
24,-2.4792,43.0708,1573.0
25,-2.1817,42.9764,2500.0
26,-2.2883,42.9828,2500.0
27,-2.5264,43.0064,476.0
28,-2.5644,42.9995,666.0
29,-2.47,42.8764,2500.0
30,-2.5128,42.8961,688.0
31,-2.6256,43.0492,1852.0
32,-2.6044,43.0245,1346.0
33,-2.5411,43.0389,2500.0
34,-2.5894,43.0106,1290.0
35,-2.5439,43.0536,1913.0
36,-2.6017,43.0092,2006.0
37,-2.9528,43.0397,1095.0
38,-2.9469,43.017,2500.0
39,-3.0381,43.1083,1524.0
40,-3.0772,43.0925,2112.0
41,-3.0628,43.1217,1267.0
42,-3.0314,43.1408,2500.0
43,-2.8353,43.1508,1702.0
44,-2.7644,43.3989,541.0
45,-2.7586,43.38,695.0
46,-2.6347,43.3717,2500.0
47,-2.6931,43.312,2500.0
48,-2.4728,43.2531,1635.0
49,-2.5847,43.2981,2500.0
50,-2.5828,43.2839,482.0
51,-2.6144,43.2933,2500.0
52,-2.5833,43.1956,903.0
53,-2.6272,43.2064,1261.0
54,-2.6222,43.2047,2500.0
55,-2.6506,43.1683,1066.0
56,-2.6611,43.1597,1315.0
57,-2.6494,43.1439,1478.0
58,-2.65,43.1917,480.0
59,-2.6503,43.1358,626.0
60,-2.6569,43.0772,2006.0
61,-2.7069,43.0753,1429.0
62,-2.7714,43.1267,2500.0
63,-2.7961,43.1053,718.0
64,-2.7872,43.1122,1094.0
65,-2.8333,43.2597,655.0
66,-2.8347,43.2586,1406.0
67,-2.8528,43.2228,313.0
68,-2.87,43.2397,355.0
69,-2.8397,43.1467,2500.0
70,-2.8394,43.1439,247.0
71,-2.9711,43.0953,890.0
72,-2.9367,43.132,172.0
73,-3.0986,43.2975,215.0
74,-3.0917,43.1995,1403.0
75,-3.0828,43.1772,2039.0
76,-3.0597,43.1764,454.0
77,-3.2214,43.2014,995.0
78,-3.1314,43.19,208.0
79,-3.1714,43.2617,2360.0
80,-3.1772,43.2603,2500.0
81,-3.2097,43.2142,134.0
82,-3.2481,43.2758,841.0
83,-3.2439,43.2731,1199.0
84,-3.2592,43.2753,2204.0
85,-3.3228,43.2106,906.0
86,-3.3678,43.2417,2500.0
87,-3.1994,43.3103,1050.0
88,-3.1717,43.3108,315.0
89,-3.2361,43.3422,354.0
90,-3.2772,43.3881,63.0
91,-3.2814,43.3736,116.0
92,-3.2861,43.2981,2500.0
93,-3.3278,43.3078,2221.0
94,-3.8971,43.1429,86.0
95,-3.889,43.2828,118.0
96,-3.9195,43.2854,75.0
97,-3.9191,43.2566,1065.0
98,-4.113,43.3033,170.0
99,-4.0138,43.2471,347.0
100,-4.0744,43.2264,2500.0
101,-4.101,43.3043,147.0
102,-4.2708,43.3475,140.0
103,-4.2928,43.3439,552.0
104,-4.2844,43.3425,131.0
105,-5.2561,43.4453,285.0
106,-5.2147,43.4314,316.0
107,-5.2117,43.4356,136.0
108,-5.3128,43.3342,10.0
109,-5.4683,43.3433,259.0
110,-5.5061,43.4861,23.0
111,-5.4819,43.4856,287.0
112,-5.4911,43.4272,2500.0
113,-5.535,43.4631,184.0
114,-6.1028,43.5144,650.0
115,-6.2792,43.417,1668.0
116,-6.2869,43.3675,91.0
117,-6.2875,43.4433,54.0
118,-6.3458,43.4458,70.0
119,-6.398,43.4447,423.0
120,-7.0744,43.5192,77.0
121,-7.1403,43.46,2132.0
122,-7.564,43.4731,94.0
123,-7.5662,43.6281,88.0
124,-7.6636,43.7008,9.0
125,-7.4244,43.1342,2.0
126,-7.8958,43.1197,4.0
127,-7.9032,43.1349,120.0
128,-8.0139,43.1403,2398.0
129,-7.995,43.2258,77.0
130,-8.068,43.2053,122.0
131,-8.0783,43.2045,30.0
132,-8.1086,43.1797,13.0
133,-8.08,43.2281,223.0
134,-8.1575,43.4689,28.0
135,-7.9478,43.63,2500.0
136,-8.1842,43.5681,928.0
137,-8.3983,43.227,145.0
138,-8.9372,43.155,1024.0
139,-8.9478,43.162,47.0
140,-9.0894,42.875,85.0
141,-9.0686,42.8439,48.0
142,-8.4556,42.7609,229.0
143,-8.7061,42.8245,168.0
144,-8.7047,42.8131,107.0
145,-8.7389,42.7175,45.0
146,-8.8878,42.7017,90.0
147,-8.7294,42.6156,23.0
148,-8.7575,42.5656,291.0
149,-8.6203,42.5759,513.0
150,-8.7041,42.4842,43.0
151,-8.3491,42.5536,14.0
152,-8.5842,42.212,21.0
153,-8.58,42.2086,86.0
154,-8.573,42.2522,30.0
155,-7.9611,42.0425,63.0
156,-8.0005,42.2945,995.0
157,-7.3394,41.957,341.0
158,-7.1347,42.1175,1072.0
159,-3.2225,43.3058,49.0
160,-3.3589,43.3125,530.0
161,-3.4475,43.1522,621.0
162,-3.4497,43.1483,248.0
163,-3.5839,43.1578,82.0
164,-3.5925,43.1608,1134.0
165,-3.6053,43.2031,365.0
166,-3.63,43.2045,2500.0
167,-3.6756,43.2239,131.0
168,-3.6906,43.2286,801.0
169,-3.6683,43.2467,1252.0
170,-3.6478,43.2981,1490.0
171,-3.7706,43.2669,77.0
172,-3.7433,43.2147,98.0
173,-3.7517,43.1178,63.0
174,-3.7528,43.1142,298.0
175,-3.8167,43.1731,81.0
176,-3.8175,43.0803,198.0
177,-3.8544,43.0464,198.0
178,-3.8597,43.042,90.0
179,-3.8894,43.0492,176.0
180,-3.9114,43.035,2500.0
181,-3.9786,43.0361,214.0
182,-3.9572,43.0753,559.0
183,-3.9619,43.0895,472.0
184,-3.9731,43.2042,92.0
185,-4.1406,43.2014,40.0
186,-4.0458,43.0961,619.0
187,-4.0447,43.0925,393.0
188,-4.0842,43.0767,2500.0
189,-4.0617,43.0731,149.0
190,-4.0369,43.045,1315.0
191,-4.0661,43.0345,1762.0
192,-4.1042,43.0225,2500.0
193,-3.8489,42.9236,202.0
194,-3.8867,42.9189,280.0
195,-3.9511,42.8936,106.0
196,-3.9011,42.8045,2500.0
197,-3.913,42.7978,101.0
198,-3.9592,42.8114,1241.0
199,-3.9961,42.8492,779.0
200,-4.0542,42.8114,238.0
201,-4.0464,42.8792,2500.0
202,-4.0372,42.9195,482.0
203,-4.0592,42.9514,88.0
204,-4.1014,42.9347,459.0
205,-4.1255,42.967,285.0
206,-4.1436,42.9489,2500.0
207,-4.2136,42.9681,2500.0
208,-4.2472,42.9675,428.0
209,-4.2444,42.9728,353.0
210,-4.2292,43.0681,404.0
211,-4.275,43.1047,1007.0
212,-4.3719,43.0433,67.0
213,-4.3897,43.07,274.0
214,-4.3286,43.2303,72.0
215,-4.3369,43.1867,14.0
216,-4.4678,43.2422,115.0
217,-4.4658,43.1236,122.0
218,-4.4953,43.1033,2500.0
219,-4.5164,43.1336,232.0
220,-4.5422,43.1856,2500.0
221,-4.6633,43.0561,440.0
222,-4.7561,43.0828,371.0
223,-4.7533,43.085,1014.0
224,-4.7539,43.1022,2500.0
225,-4.7864,43.167,2500.0
226,-4.7594,43.182,2500.0
227,-4.715,43.1508,1127.0
228,-4.6589,43.2369,2500.0
229,-4.6842,43.2258,2500.0
230,-4.678,43.3536,2500.0
231,-4.6889,43.3486,542.0
232,-4.7217,43.2961,2500.0
233,-4.7258,43.2583,2500.0
234,-4.755,43.2367,2500.0
235,-4.7594,43.1947,2500.0
236,-4.9975,43.4031,315.0
237,-4.9994,43.2889,638.0
238,-4.9872,43.2792,743.0
239,-4.993,43.2608,2500.0
240,-4.9986,43.262,2500.0
241,-5.013,43.2606,2500.0
242,-5.0205,43.2642,799.0
243,-5.0172,43.2861,1056.0
244,-5.195,43.4369,596.0
245,-5.2253,43.277,330.0
246,-5.2114,43.2025,1149.0
247,-5.1564,43.1942,104.0
248,-5.1283,43.1458,111.0
249,-5.2164,43.1033,150.0
250,-5.2217,43.1106,2500.0
251,-5.2914,43.1445,316.0
252,-5.3061,43.1008,204.0
253,-5.3217,43.1111,147.0
254,-5.3861,43.2756,368.0
255,-5.3967,43.2725,566.0
256,-5.368,43.2333,744.0
257,-5.4778,43.2156,182.0
258,-5.4517,43.1889,166.0
259,-5.4372,43.192,128.0
260,-5.4255,43.1967,1627.0
261,-5.4781,43.1533,1627.0
262,-5.4025,43.0597,730.0
263,-5.4606,43.0736,307.0
264,-5.5189,43.1028,297.0
265,-5.5889,43.0681,178.0
266,-5.525,43.2917,1322.0
267,-5.6586,43.2222,156.0
268,-5.643,43.2228,173.0
269,-5.6244,43.1961,547.0
270,-5.6694,43.1325,412.0
271,-5.6903,43.1247,2500.0
272,-5.675,43.1272,2500.0
273,-5.6883,43.1147,1228.0
274,-5.7611,43.01,1281.0
275,-5.7658,43.0008,1338.0
276,-5.7928,42.9864,867.0
277,-5.8011,42.9861,1136.0
278,-5.7783,43.1836,261.0
279,-5.8336,43.2256,197.0
280,-5.9264,43.2392,2500.0
281,-5.925,43.185,1192.0
282,-5.9053,43.1442,1943.0
283,-5.8961,43.1397,799.0
284,-5.9086,43.0611,708.0
285,-5.8925,42.9925,580.0
286,-6.0086,43.0625,2500.0
287,-5.9856,43.0911,461.0
288,-5.9772,43.185,1306.0
289,-6.0033,43.1639,1887.0
290,-6.0728,43.137,873.0
291,-6.0472,43.0967,352.0
292,-6.0408,43.085,1454.0
293,-6.1325,43.2378,613.0
294,-6.1078,43.1975,2122.0
295,-6.1605,43.1633,554.0
296,-6.0942,43.0589,837.0
297,-6.1169,43.0536,981.0
298,-6.1455,43.0508,2500.0
299,-6.2394,43.057,2500.0
300,-6.2383,43.0336,2500.0
301,-6.3233,43.0617,2500.0
302,-6.32,43.0917,512.0
303,-6.3364,43.1431,474.0
304,-6.2911,43.2233,775.0
305,-6.253,43.2278,2500.0
306,-6.2678,43.28,435.0
307,-6.2825,43.4531,380.0
308,-6.3544,43.3781,732.0
309,-6.3992,43.3717,2500.0
310,-6.3742,43.3442,204.0
311,-6.47,43.3303,322.0
312,-6.3722,43.3097,802.0
313,-6.4286,43.2261,377.0
314,-6.4458,43.1781,381.0
315,-6.4658,43.0995,312.0
316,-6.4647,43.0711,492.0
317,-6.4697,43.05,251.0
318,-6.4283,43.07,303.0
319,-6.3772,43.06,267.0
320,-6.4275,42.9939,476.0
321,-6.4864,42.9739,225.0
322,-6.448,42.9461,228.0
323,-6.5264,42.9392,328.0
324,-6.5747,42.982,186.0
325,-6.6189,42.9542,410.0
326,-6.7872,42.9172,222.0
327,-6.743,42.9453,220.0
328,-6.7025,42.9425,239.0
329,-6.7472,43.0222,298.0
330,-6.7225,43.0428,289.0
331,-6.6789,43.0325,388.0
332,-6.6978,43.0125,401.0
333,-6.8869,42.9945,216.0
334,-6.8769,42.9992,243.0
335,-6.8247,43.065,353.0
336,-6.7958,43.1008,351.0
337,-6.6825,43.1614,198.0
338,-6.6742,43.1528,230.0
339,-6.5728,43.1842,365.0
340,-6.5553,43.2142,472.0
341,-6.5844,43.232,473.0
342,-6.6661,43.2631,1178.0
343,-6.6758,43.2689,1281.0
344,-6.79,43.2017,295.0
345,-6.7694,43.2292,322.0
346,-6.7319,43.2597,600.0
347,-6.6705,43.3086,736.0
348,-6.6458,43.4691,430.0
349,-6.7269,43.332,517.0
350,-6.7569,43.3706,282.0
351,-6.8219,43.4406,731.0
352,-6.8358,43.4364,437.0
353,-6.9519,43.3703,465.0
354,-7.0125,43.347,286.0
355,-7.0267,43.3208,335.0
356,-6.9691,43.275,315.0
357,-6.86,43.2436,389.0
358,-6.9453,43.1347,181.0
359,-6.9547,43.1689,338.0
360,-7.0322,43.2736,365.0
361,-7.6697,43.5136,74.0
362,-7.5197,43.5813,50.0
363,-7.6461,43.5361,99.0
364,-7.4186,43.5947,118.0
365,-7.4953,43.5836,104.0
366,-7.4586,43.593,56.0
367,-7.4342,43.5872,31.0
368,-7.46,43.4466,94.0
369,-7.4053,43.4541,131.0
370,-7.6181,43.4208,62.0
371,-7.6308,43.448,68.0
372,-7.5331,43.5925,34.0
373,-7.5628,43.548,87.0
374,-7.4897,43.4466,159.0
375,-7.5091,43.5183,38.0
376,-7.6908,43.3086,74.0
377,-7.6686,43.4947,172.0
378,-7.5828,43.5538,67.0
379,-7.5836,43.5141,75.0
380,-7.4253,43.4758,90.0
381,-7.635,43.4863,33.0
382,-7.5303,43.4647,137.0
383,-7.5464,43.4338,114.0
384,-7.5386,43.4902,74.0
385,-7.5881,43.4705,49.0
386,-7.5942,43.4619,112.0
387,-7.5539,43.4638,41.0
388,-7.5336,43.5508,71.0
389,-7.4164,43.5911,60.0
390,-7.5389,43.5563,44.0
391,-7.5114,43.5413,338.0
392,-7.4497,43.4627,148.0
393,-7.4461,43.4214,90.0
394,-0.7499,42.4563,4950.0
395,-0.7415,42.4535,4800.0
396,0.0085,42.573,3350.0
397,0.1585,42.5702,3150.0
398,0.1891,42.5591,4700.0
399,0.1919,42.4369,5500.0
400,0.9836,42.323,7900.0
401,1.3419,42.3035,5300.0
402,1.7503,42.0369,4450.0
403,1.2641,41.9868,4300.0
404,1.4641,42.023,5450.0
405,1.403,42.0535,5600.0
406,1.4808,42.0896,6150.0
407,1.4975,42.0424,5650.0
408,1.3891,42.0063,4950.0
409,1.3419,41.9521,3800.0
410,1.6753,41.973,5550.0
411,1.6503,41.8702,4800.0
412,1.6919,41.8591,4950.0
413,1.8892,42.0035,4500.0
414,1.7058,42.0063,3900.0
415,1.581,41.9652,3900.0
416,1.6753,41.9535,4150.0
417,1.9808,42.0063,4250.0
418,1.9753,42.0563,4700.0
419,2.1336,41.8896,3752.0
420,2.067,41.8063,4262.0
421,0.9641,41.3702,2664.0
422,0.903,41.3229,5740.0
423,0.3002,40.8368,11520.0
424,0.3335,40.7735,7304.0
425,0.3252,40.6824,4452.0
426,0.2224,40.7896,6321.0
427,-0.6276,40.6396,8475.0
428,-0.6499,40.6229,6391.0
429,-0.5249,40.2757,8087.0
430,-0.6749,40.3062,5019.0
431,-0.7026,40.3229,3014.0
432,-1.0193,40.4063,9535.0
433,-1.3527,40.3396,6937.0
434,-1.3582,40.3201,5063.0
435,-0.8943,40.0229,2417.0
436,-1.0138,40.0368,6325.0
437,-0.986,40.0396,8418.0
438,-1.1832,40.1285,8615.0
439,-1.2027,40.1785,9065.0
440,-1.386,40.2618,7512.0
441,-1.3444,40.1896,7750.0
442,-1.5039,43.2488,388.0
443,-1.5394,43.156,1126.0
444,-1.6667,43.1463,504.0
445,-1.6695,43.1745,2094.0
446,-1.6689,43.1806,2500.0
447,-1.7787,43.0082,1479.0
448,-2.004,43.0623,1380.0
449,-1.902,43.2031,2500.0
450,-1.902,43.2053,1291.0
451,-1.8578,43.167,1016.0
452,-1.682,43.2442,1281.0
453,-1.7208,43.262,601.0
454,-1.6833,43.2531,373.0
455,-1.6608,43.2933,2500.0
456,-1.6522,43.2597,432.0
457,-1.4249,40.0229,1655.0
458,-1.511,39.9729,4784.0
459,-1.6027,40.0896,15984.0
460,-1.6305,40.0285,7066.0
461,-1.8083,39.7896,6109.0
462,-1.8333,39.7868,5274.0
463,-1.9249,39.8757,7807.0
464,-2.1,39.8562,7119.0
465,-2.2472,39.9731,2333.0
466,-2.0416,40.0229,6365.0
467,-2.0416,40.0285,6554.0
468,-2.3944,40.0729,6821.0
469,-2.0444,40.1229,3290.0
470,-2.0456,40.0495,6824.0
471,-2.1861,40.1868,7242.0
472,-1.9249,40.2257,7731.0
473,-2.0138,40.259,5362.0
474,-1.8333,40.3701,5021.0
475,-1.8833,40.3896,4822.0
476,-2.1583,40.3868,5982.0
477,-2.2611,40.4451,1885.0
478,-2.1583,40.459,4433.0
479,-2.0916,40.4951,5637.0
480,-2.0111,40.5896,3174.0
481,-2.1027,40.5896,6450.0
482,-2.0805,40.5868,7629.0
483,-2.2777,40.5729,7294.0
484,-2.1861,40.609,5990.0
485,-2.25,40.7257,4400.0
486,-2.3639,40.6424,5400.0
487,-2.2138,40.6924,5400.0
488,-2.1861,40.7229,1150.0
489,-2.1527,40.7979,6350.0
490,-2.1277,40.659,3200.0
491,-2.1166,40.6563,5600.0
492,-3.325,41.6452,10500.0
493,-3.3139,41.6396,5500.0
494,-4.8695,40.4563,850.0
495,-2.3639,38.6562,6347.0
496,-2.35,38.6423,4631.0
497,-2.3666,38.6118,3994.0
498,-2.38,38.5562,7698.0
499,-2.4027,38.5395,5532.0
500,-2.2889,38.4729,4088.0
501,-2.6805,38.4201,2699.0
502,-2.2666,38.134,4403.0
503,-2.3,38.0951,7146.0
504,-4.0042,40.7877,406.0
505,-4.0112,40.7707,2167.0
506,-4.049,40.7596,2500.0
507,-4.0684,40.7735,1596.0
508,-4.1421,40.6231,382.0
509,-4.1672,40.6008,2232.0
510,-4.1357,40.63,1502.0
511,-4.1538,40.65,1579.0
512,-4.0276,40.7338,2274.0
513,-4.0812,40.7315,740.0
514,-4.156,40.6045,1522.0
515,-4.199,40.5663,567.0
516,-4.1775,40.5818,1201.0
517,-4.1768,40.5773,2104.0
518,-4.1378,40.7088,759.0
519,-4.002,40.689,248.0
520,-4.0042,40.6901,343.0
521,-4.0565,40.7732,1674.0
522,-4.1349,40.6156,261.0
523,-4.114,40.641,1127.0
524,-4.0322,40.7328,1616.0
525,-4.0801,40.7438,1560.0
526,-4.1689,40.5976,1432.0
527,-4.0392,40.6926,989.0
528,-4.0161,40.5779,1447.0
529,-4.0051,40.6751,425.0
530,-3.9688,40.577,1107.0
531,-4.1118,40.614,1840.0
532,-4.0389,40.6899,1151.0
533,-4.0825,40.589,1752.0
534,-4.0101,40.6774,942.0
535,-3.9609,40.6036,1092.0
536,-3.9603,40.5581,2073.0
537,-4.0239,40.5094,1407.0
538,-4.0341,40.517,575.0
539,-3.9767,40.5517,1143.0
540,-3.9217,40.9318,487.0
541,-3.8385,40.8323,218.0
542,-3.8041,40.83,854.0
543,-3.7688,40.8537,312.0
544,-3.7762,40.8771,1033.0
545,-3.7864,40.9401,744.0
546,-3.6427,40.9436,362.0
547,-3.7987,40.9742,2500.0
548,-3.7475,41.0126,254.0
549,-3.8739,40.909,1895.0
550,-3.9601,40.816,103.0
551,-3.9139,40.8329,1089.0
552,-3.6753,41.0556,869.0
553,-3.8534,40.7867,428.0
554,-3.9992,40.8549,589.0
555,-4.0167,40.8674,172.0
556,-4.0462,40.8451,1734.0
557,-3.9072,41.018,746.0
558,-4.1794,40.7079,747.0
559,-3.8443,41.0047,319.0
560,-3.807,41.0237,1717.0
561,-3.8394,41.0622,839.0
562,-4.1256,40.7401,2337.0
563,-4.1278,40.7732,440.0
564,-4.1759,40.7066,2087.0
565,-4.0964,40.7785,397.0
566,-4.0937,40.7976,911.0
567,-4.187,40.7082,1459.0
568,-3.8394,41.0145,233.0
569,-3.7992,40.9978,208.0
570,-3.8114,41.0126,448.0
571,-3.6125,41.1507,316.0
572,-3.5939,41.1638,382.0
573,-3.6935,41.0861,366.0
574,-3.7124,41.0887,541.0
575,-3.6565,41.1548,1214.0
576,-3.6789,41.1083,687.0
577,-3.6843,41.1114,902.0
578,-3.6654,41.1318,483.0
579,-3.8608,41.0598,223.0
580,-3.8557,41.063,720.0
581,-4.0037,40.8821,1000.0
582,-4.0439,40.88,826.0
583,-0.1415,40.6896,8663.0
584,-0.2193,40.5535,12943.0
585,-0.2415,40.5701,6556.0
586,-0.2276,40.5396,6657.0
587,-0.3443,40.3229,5326.0
588,-0.3582,40.259,5265.0
589,-2.5166,38.3423,1525.0
590,-2.5833,38.3784,2699.0
591,-2.5166,38.309,2979.0
592,-2.5305,38.2729,6783.0
593,-2.6139,38.2562,7924.0
594,-2.5861,38.2534,7667.0
595,-2.5972,38.2423,6979.0
596,-2.6,38.2284,4941.0
597,-2.6305,38.2284,6636.0
598,-2.7528,38.0895,8698.0
599,-2.9528,37.9701,6722.0
600,-2.9167,37.9395,2445.0
601,-2.8028,37.9201,2594.0
602,-2.8361,37.8228,4065.0
603,-2.975,37.8562,2930.0
604,-2.9778,37.8395,5458.0
605,-3.0056,37.7562,6728.0
606,-2.9861,37.7117,11624.0
607,-2.55,37.9228,8805.0
608,-2.4944,37.9756,6848.0
609,-2.4389,38.0562,5586.0
610,-1.54,42.6916,2462.0
611,-1.1831,42.6541,2910.0
612,-1.5756,43.0009,177.0
613,-1.5698,42.9873,490.0
614,-1.5795,42.9929,782.0
615,-1.6166,43.0311,173.0
616,-1.6431,43.0436,180.0
617,-0.8324,42.9247,1950.0
618,-0.8335,42.9181,1925.0
619,-0.903,42.9365,1892.0
620,-0.8986,42.9214,1237.0
621,-2.0177,42.9731,1457.0
622,-2.0057,42.9604,2357.0
623,-1.9798,42.9665,1107.0
624,-1.9454,42.9698,1562.0
625,-1.8906,42.9513,1300.0
626,-1.8723,42.9421,765.0
627,-1.8878,43.0386,1418.0
628,-1.8815,43.0457,290.0
629,-1.5075,43.0775,348.0
630,-1.5338,43.0553,507.0
631,-1.6382,43.0548,135.0
632,-1.5875,43.0723,385.0
633,-1.4158,43.2023,182.0
634,-1.4448,43.2243,195.0
635,-1.4581,43.2335,30.0
636,-1.4132,43.1618,215.0
637,-1.4806,43.0231,4500.0
638,-1.5318,43.0373,313.0
639,-1.4305,43.0143,103.0
640,-1.1526,42.9931,273.0
641,-1.1837,42.9773,595.0
642,-1.2557,42.9028,345.0
643,-1.6612,43.0695,245.0
644,-1.6992,43.0753,552.0
645,-1.7271,43.1486,208.0
646,-1.7705,43.0716,265.0
647,-1.8053,43.1143,162.0
648,-1.8825,43.125,245.0
649,-1.0982,42.4456,4572.0
650,-0.8393,42.866,1852.0
651,-0.8374,42.8688,960.0
652,-2.1809,42.7826,3993.0
653,-2.2148,42.8063,1387.0
654,-2.238,42.8145,990.0
655,-1.2515,42.8767,955.0
656,-1.3111,42.9361,180.0
657,-1.3454,43.0302,327.0
658,-1.4029,42.9914,275.0
659,-1.3793,43.0001,300.0
660,-2.0636,42.7988,2540.0
661,-2.0511,42.7972,3367.0
662,-1.4493,42.6544,515.0
663,-1.0755,42.9855,1725.0
664,-1.0119,42.9638,943.0
665,-1.2038,42.9597,1194.0
666,-1.2633,42.9804,5885.0
667,-2.4623,42.6114,5642.0
668,-2.14,42.7364,5185.0
669,-2.2547,42.7462,543.0
670,-2.0354,42.7842,1963.0
671,-2.0625,42.9339,2155.0
672,-1.9383,42.9579,1945.0
673,-1.9998,42.8676,2495.0
674,-2.1039,42.864,2095.0
675,-1.7565,43.0366,778.0
676,-1.7537,42.9913,490.0
677,-1.8519,43.0508,6017.0
678,-1.8143,42.8388,9332.0
679,-1.8039,42.9333,1670.0
680,-2.0932,42.8417,4935.0
681,-1.2919,43.0105,362.0
682,-2.0966,42.9432,383.0
683,-1.7037,42.9772,318.0
684,-3.05,43.1341,1260.0
685,-3.0333,43.1174,2100.0
686,-2.5,42.5021,1920.0
687,-2.8333,43.0508,1340.0
688,-2.595,43.0236,580.0
689,-2.4166,42.5341,2280.0
690,-2.6333,42.9924,480.0
691,-2.5833,42.9508,760.0
692,-2.5833,42.8549,4900.0
693,-2.6333,42.8424,5720.0
694,-2.6333,42.5008,3720.0
695,-2.4975,42.9286,680.0
696,-2.4166,42.9341,2500.0
697,-2.7167,42.9341,4420.0
698,-2.55,42.823,4680.0
699,-2.4747,42.7347,2840.0
700,-2.4508,42.6852,660.0
701,-2.303,42.7924,1620.0
702,-2.2722,42.8102,2860.0
703,-2.7833,42.5827,1440.0
704,-2.6667,42.5846,5640.0
705,-2.6166,42.4994,660.0
706,-2.5666,42.5452,6980.0
707,-2.5,42.6016,1740.0
708,-2.4878,42.6222,600.0
709,-2.45,39.2507,5040.0
710,-2.4277,39.2498,1740.0
711,-2.3486,39.2396,2660.0
712,-2.45,39.0618,2480.0
713,-2.0166,39.0173,1580.0
714,-1.8333,38.9173,2700.0
715,-1.8944,38.7256,1960.0
716,-1.8999,38.734,2920.0
717,-1.7333,38.8006,2860.0
718,-2.6427,38.5734,3120.0
719,-2.6655,38.6005,5080.0
720,-2.6988,38.6908,740.0
721,-2.55,38.6506,2660.0
722,-2.55,38.5673,12000.0
723,-2.5,38.6173,7900.0
724,-2.4166,38.434,7700.0
725,-0.1498,38.8506,5720.0
726,-0.8166,38.7173,2120.0
727,-0.7832,38.734,4280.0
728,-0.5332,38.684,3920.0
729,-0.4832,38.7673,2780.0
730,0.0502,38.7006,3400.0
731,-0.8166,38.184,280.0
732,-0.7999,38.2006,360.0
733,-0.7666,38.2006,500.0
734,-0.5987,38.1923,420.0
735,-0.6332,38.184,320.0
736,-0.9499,38.1173,960.0
737,-0.9666,38.0173,680.0
738,-0.8832,38.0173,1840.0
739,-0.8166,37.884,60.0
740,-2.2333,37.8173,2320.0
741,-2.2833,37.7006,7040.0
742,-2.0666,37.734,2960.0
743,-2.3,37.6006,3080.0
744,-2.1333,37.5506,1480.0
745,-2.5166,37.3506,1900.0
746,-2.4166,37.4173,980.0
747,-2.35,37.4673,5260.0
748,-2.2333,37.4339,940.0
749,-2.1387,37.3839,1740.0
750,-2.0833,37.4839,900.0
751,-1.8999,37.5006,2280.0
752,-2.0625,36.8006,3160.0
753,-2.8167,37.1673,1100.0
754,-2.5666,37.3339,700.0
755,-2.5833,37.2339,1220.0
756,-2.5166,37.2006,960.0
757,-2.45,37.3006,1180.0
758,-2.3,37.2006,1620.0
759,-2.2,37.1839,1640.0
760,-1.8333,37.2339,1200.0
761,-2.9167,37.0839,1000.0
762,-2.9,37.0173,2140.0
763,-2.7667,37.1173,1840.0
764,-2.7333,37.0006,1240.0
765,-2.5666,37.0339,2420.0
766,-2.35,37.0839,240.0
767,-2.25,37.1506,460.0
768,-2.2333,37.0839,460.0
769,-2.1333,37.1506,840.0
770,-1.8833,37.0506,2280.0
771,-1.8499,37.1673,3520.0
772,-2.9833,36.9006,940.0
773,-2.9167,36.9673,780.0
774,-2.8833,37.0006,1600.0
775,-2.8833,36.8673,3800.0
776,-2.7667,36.9839,2140.0
777,-2.7667,36.8839,940.0
778,-2.7167,36.8339,1220.0
779,-2.5166,36.8839,900.0
780,-2.4833,36.9506,580.0
781,-2.3333,37.0006,1340.0
782,-2.2166,36.9173,900.0
783,-2.15,36.8673,760.0
784,-2.0833,36.8506,2620.0
785,-1.9666,37.0006,1180.0
786,-2.0333,36.8839,1980.0
787,-3.1167,36.7673,920.0
788,-2.95,36.7506,20.0
789,-2.9333,36.8173,2460.0
790,-2.7333,36.7673,3120.0
791,-2.6833,36.7173,1760.0
792,-2.6333,36.7506,1440.0
793,-2.25,36.8339,1020.0
794,-2.2,36.7673,1800.0
795,-2.2333,36.7839,4440.0
796,-2.0666,36.8173,4640.0
797,-6.9836,43.5175,60.0
798,-5.7668,43.5675,2500.0
799,-6.9169,43.3841,460.0
800,-6.8502,43.4508,100.0
801,-6.5002,43.4175,380.0
802,-6.2669,43.4508,380.0
803,-5.8835,43.4175,500.0
804,-5.4335,43.4341,3500.0
805,-5.2668,43.4508,13000.0
806,-5.0334,43.4175,300.0
807,-4.7001,43.3675,2500.0
808,-5.7335,43.2174,320.0
809,-6.6335,43.3174,720.0
810,-6.6335,43.2508,1180.0
811,-6.3669,43.3008,800.0
812,-6.2835,43.2174,780.0
813,-6.1002,43.2341,600.0
814,-5.9168,43.2341,2500.0
815,-5.7835,43.2008,200.0
816,-5.6502,43.2341,160.0
817,-5.5335,43.2841,1320.0
818,-5.4835,43.3174,180.0
819,-5.3668,43.2341,740.0
820,-5.1001,43.3174,100.0
821,-5.0835,43.3008,9200.0
822,-5.0001,43.2841,740.0
823,-4.8001,43.2508,2500.0
824,-6.7502,43.1008,340.0
825,-6.6335,43.0341,380.0
826,-6.4502,43.0674,480.0
827,-6.0502,43.1341,860.0
828,-5.9668,43.0841,460.0
829,-5.6835,43.1174,2500.0
830,-5.4335,43.0674,720.0
831,-5.1335,43.1508,100.0
832,-6.7002,42.9341,220.0
833,-6.5835,42.9508,400.0
834,-4.8334,41.0674,2820.0
835,-4.9501,41.1007,4240.0
836,-5.0501,40.884,660.0
837,-4.9668,40.9507,5740.0
838,-4.9668,40.9674,5740.0
839,-5.1835,40.4174,1260.0
840,-5.0168,40.5174,1720.0
841,-4.8334,40.6007,1000.0
842,-4.7334,40.5174,1000.0
843,-4.5168,40.5507,2680.0
844,-4.4334,40.584,2260.0
845,-4.2167,40.634,500.0
846,-5.0812,40.3576,600.0
847,-4.9879,40.394,1060.0
848,-4.7668,40.5007,3600.0
849,-4.4654,40.3882,60.0
850,-5.6668,40.3007,580.0
851,-5.2301,40.279,1000.0
852,-5.1501,40.1799,240.0
853,-5.1665,40.2262,340.0
854,-5.1626,40.2382,520.0
855,-5.1209,40.2187,640.0
856,-5.0932,40.259,700.0
857,-5.0334,40.284,920.0
858,-5.0168,40.3174,540.0
859,-4.8501,40.3007,400.0
860,-4.8334,40.334,20.0
861,-4.8001,40.3007,460.0
862,-5.3321,40.1479,300.0
863,-5.2501,40.134,1040.0
864,-5.2501,40.1174,480.0
865,-5.0501,40.184,500.0
866,-5.1001,40.2507,620.0
867,-5.1001,40.2007,520.0
868,-5.1334,40.184,380.0
869,-5.0112,40.3285,680.0
870,-4.7668,40.6507,1660.0
871,-4.7668,40.6507,3040.0
872,-4.7584,40.984,1060.0
873,-4.7668,41.1174,200.0
874,-5.0834,39.3673,680.0
875,-5.0668,39.2673,600.0
876,-6.853,39.0812,740.0
877,-6.853,38.7912,360.0
878,-6.8483,38.794,1200.0
879,-6.8463,38.7893,1120.0
880,-6.8424,38.794,2400.0
881,-6.6169,38.8673,1380.0
882,-6.5835,38.834,3800.0
883,-6.0835,38.884,880.0
884,-5.6501,39.0173,460.0
885,-5.2668,38.984,560.0
886,-6.9669,38.7173,1700.0
887,-6.6835,38.8006,1200.0
888,-6.4335,38.8006,3100.0
889,-6.6835,38.684,4800.0
890,-6.5169,38.7673,4600.0
891,-6.4057,38.7212,1700.0
892,-6.3657,38.7029,1140.0
893,-5.7501,38.784,160.0
894,-6.9002,38.5506,300.0
895,-6.8335,38.5465,440.0
896,-6.8002,38.634,7660.0
897,-6.4835,38.6173,600.0
898,-6.3168,38.584,4360.0
899,-6.2835,38.5506,10300.0
900,-5.8668,38.584,460.0
901,-5.6501,38.634,280.0
902,-5.5168,38.6173,220.0
903,-6.8169,38.4173,1040.0
904,-6.6002,38.434,660.0
905,-6.5169,38.4006,580.0
906,-6.3335,38.4673,7420.0
907,-6.2502,37.984,2760.0
908,-5.8502,38.484,540.0
909,-7.0835,38.234,460.0
910,-7.0002,38.284,360.0
911,-6.7835,38.3173,2020.0
912,-6.6896,38.2251,840.0
913,-6.6558,38.194,680.0
914,-6.4835,38.2173,340.0
915,-5.7168,38.284,5320.0
916,-6.5669,38.134,1660.0
917,-6.5335,38.034,1720.0
918,2.237,41.8213,2260.0
919,2.3253,41.8118,440.0
920,2.3892,41.7785,2160.0
921,2.3336,41.7674,540.0
922,2.3947,41.7285,1480.0
923,2.4392,41.7618,1240.0
924,1.5183,41.6202,1560.0
925,1.4336,41.5007,1320.0
926,2.367,41.534,2080.0
927,2.317,41.5007,2780.0
928,2.3586,41.5368,2040.0
929,2.3586,41.5229,2340.0
930,1.553,41.4515,5880.0
931,1.6749,41.428,2380.0
932,1.6269,41.3515,6140.0
933,1.8669,41.4007,12520.0
934,1.9305,41.3889,1880.0
935,1.9503,41.334,2940.0
936,1.967,41.3174,7040.0
937,2.0108,41.3302,4080.0
938,1.9528,41.2882,3420.0
939,1.9455,41.2696,4080.0
940,2.367,41.6841,3660.0
941,-3.8167,42.9174,760.0
942,-3.1,42.6508,7600.0
943,-3.0668,42.1341,760.0
944,-3.0667,42.1341,480.0
945,-3.0167,42.0424,380.0
946,-3.2833,41.9507,1600.0
947,-3.0333,41.9841,1060.0
948,-4.0167,41.7341,4080.0
949,-3.9334,41.7507,160.0
950,-3.8834,41.7674,1500.0
951,-3.9167,41.7174,2140.0
952,-3.8834,41.7007,1560.0
953,-3.8,41.7674,1540.0
954,-3.7667,41.7341,800.0
955,-3.6334,41.7841,1800.0
956,-3.7334,41.7007,1400.0
957,-3.6834,41.7174,500.0
958,-3.6334,41.7341,1140.0
959,-3.4834,41.8174,1260.0
960,-3.5,41.7507,2520.0
961,-3.5167,41.7007,2320.0
962,-3.45,41.7007,2020.0
963,-3.5834,41.6174,480.0
964,-3.5667,41.6341,1740.0
965,-3.5167,41.6841,300.0
966,-3.0333,41.9841,620.0
967,-3.45,43.1174,140.0
968,-3.9667,41.8174,3940.0
969,-3.9501,41.7507,1060.0
970,-3.55,41.7674,4300.0
971,-6.7001,40.1998,660.0
972,-6.6919,40.2424,880.0
973,-6.5835,40.2174,460.0
974,-6.5002,40.2507,620.0
975,-5.6168,40.0174,860.0
976,-6.0335,40.0507,900.0
977,-5.8835,40.1507,3060.0
978,-5.8668,40.134,540.0
979,-5.8335,40.134,660.0
980,-5.8335,40.1146,620.0
981,-5.6001,39.934,240.0
982,-5.8668,39.5507,260.0
983,-5.3335,39.484,400.0
984,-6.5946,39.2701,720.0
985,-5.346,39.3312,260.0
986,-6.8072,40.1646,340.0
987,-5.8502,40.2674,2060.0
988,-5.8835,40.2507,3000.0
989,-5.8668,40.234,2880.0
990,-6.8669,40.2174,880.0
991,-6.7669,40.234,1140.0
992,-6.7835,40.2174,540.0
993,-5.4668,39.884,720.0
994,-6.7835,40.184,560.0
995,-6.6335,40.2174,480.0
996,-6.0668,40.234,580.0
997,-6.5835,40.0174,460.0
998,-6.5669,40.0174,1440.0
999,-6.5502,40.034,1180.0
1000,-6.5502,40.0174,660.0
1001,-6.5502,40.0007,2560.0
1002,-5.6835,40.0174,360.0
1003,-5.5668,40.034,600.0
1004,-5.5335,40.0674,380.0
1005,-5.4335,40.1007,600.0
1006,-5.4335,40.0507,380.0
1007,-5.4001,40.1174,920.0
1008,-6.5669,39.984,580.0
1009,-6.3169,39.984,500.0
1010,-6.3169,39.9173,1020.0
1011,-6.4002,39.9507,880.0
1012,-6.3835,39.9007,760.0
1013,-5.7001,36.9006,10900.0
1014,-5.1168,36.9673,4320.0
1015,-5.1001,36.9173,6040.0
1016,-5.1168,36.9506,12740.0
1017,-6.1835,36.7506,3880.0
1018,-6.0502,36.7006,2720.0
1019,-6.0779,36.6841,4760.0
1020,-5.7335,36.7339,460.0
1021,-5.6668,36.7673,660.0
1022,-5.6168,36.8006,380.0
1023,-5.5835,36.8173,8020.0
1024,-6.0502,36.5173,5580.0
1025,-5.7001,36.5006,1720.0
1026,-6.0835,36.4839,4540.0
1027,-5.8335,36.2339,5260.0
1028,-5.4001,36.2506,60.0
1029,-4.3681,43.3936,800.0
1030,-4.3387,43.3519,400.0
1031,-4.2834,43.3675,10160.0
1032,-4.0834,43.4008,5240.0
1033,-4.0667,43.3508,1820.0
1034,-3.7773,43.3966,6000.0
1035,-3.775,43.3958,5400.0
1036,-3.65,43.3841,6160.0
1037,-3.6167,43.3841,5420.0
1038,-3.45,43.3841,5580.0
1039,-3.2667,43.3841,60.0
1040,-4.0923,43.3575,800.0
1041,-4.6668,43.2508,2500.0
1042,-4.6168,43.2341,5400.0
1043,-4.2667,43.2341,120.0
1044,-4.1001,43.3008,3820.0
1045,-4.0834,43.2008,40.0
1046,-3.9501,43.2008,80.0
1047,-3.8,43.1841,80.0
1048,-3.75,43.2675,80.0
1049,-3.6334,43.3008,1440.0
1050,-3.6,43.2174,360.0
1051,-3.7909,43.1986,2200.0
1052,-3.4667,43.3008,2280.0
1053,-3.35,43.3175,520.0
1054,-4.7001,43.1508,1120.0
1055,-4.7168,43.0841,1520.0
1056,-4.6668,43.0674,440.0
1057,-4.5168,43.1341,220.0
1058,-4.3501,43.1008,260.0
1059,-4.2501,43.1341,1000.0
1060,-4.2445,43.0897,3420.0
1061,-3.9334,43.0841,560.0
1062,-3.75,43.1341,300.0
1063,-3.9328,43.1533,800.0
1064,-3.45,43.1508,4060.0
1065,-4.1001,42.9508,2500.0
1066,-4.0167,42.8841,2500.0
1067,-3.9667,42.8508,780.0
1068,-0.2165,40.5507,6400.0
1069,-0.1332,40.6174,1120.0
1070,-0.0832,40.6507,6300.0
1071,-0.0498,40.6007,5360.0
1072,0.0002,40.584,3820.0
1073,0.2168,40.584,3500.0
1074,0.0668,40.3507,7100.0
1075,0.3835,40.3674,6800.0
1076,-0.2999,40.3007,2100.0
1077,0.0668,40.284,2900.0
1078,-0.1498,39.784,2700.0
1079,-0.3999,40.1507,4200.0
1080,-0.3165,40.1174,1580.0
1081,0.0335,40.1507,1560.0
1082,-0.2665,39.8507,1980.0
1083,-0.0498,39.884,1000.0
1084,-0.4332,39.7673,5680.0
1085,-0.4499,39.8007,7240.0
1086,-0.1998,39.7507,1900.0
1087,-0.1637,39.7673,1300.0
1088,-4.887,39.4451,600.0
1089,-4.7801,39.4465,500.0
1090,-3.2167,39.4007,2300.0
1091,-2.9333,39.3507,900.0
1092,-3.7334,39.2673,560.0
1093,-3.5667,39.234,1320.0
1094,-3.4334,39.2673,3520.0
1095,-3.1833,39.3173,2540.0
1096,-2.8667,39.284,1840.0
1097,-4.1765,39.0523,7080.0
1098,-4.157,39.0348,140.0
1099,-3.2417,39.1118,2820.0
1100,-3.1167,39.1173,3520.0
1101,-3.8334,38.834,240.0
1102,-3.6945,38.8687,1700.0
1103,-3.6536,38.9257,3320.0
1104,-3.3947,38.837,500.0
1105,-3.2667,38.884,2460.0
1106,-3.0833,38.9173,3400.0
1107,-4.0801,38.734,2500.0
1108,-3.8956,38.722,5600.0
1109,-3.4334,38.8006,3660.0
1110,-3.0167,38.7006,2960.0
1111,-2.9833,38.8173,3000.0
1112,-2.8667,38.7673,4860.0
1113,-2.7167,38.684,5660.0
1114,-3.6,38.634,3340.0
1115,-3.8903,38.5826,1900.0
1116,-3.4667,38.6006,4560.0
1117,-3.4834,38.6006,2960.0
1118,-3.2833,38.584,2700.0
1119,-3.4639,39.259,4160.0
1120,-3.2333,39.309,3760.0
1121,-3.3333,38.8173,2760.0
1122,-3.4084,38.8006,2400.0
1123,-3.0167,39.1895,2120.0
1124,-3.1542,39.3173,1320.0
1125,-4.9168,38.634,3700.0
1126,-5.1668,38.384,1500.0
1127,-4.9001,38.584,2340.0
1128,-4.8834,38.4006,4420.0
1129,-4.9334,38.3506,2000.0
1130,-4.807,38.4409,560.0
1131,-4.8168,38.3979,680.0
1132,-4.8043,38.3562,560.0
1133,-4.7584,38.3812,280.0
1134,-4.7376,38.3451,700.0
1135,-4.6501,38.3506,1320.0
1136,-4.5834,38.4006,860.0
1137,-4.5459,38.4534,1180.0
1138,-4.5904,38.409,540.0
1139,-4.6001,38.3673,640.0
1140,-5.3335,38.2673,580.0
1141,-5.3501,38.234,1240.0
1142,-4.8834,38.2006,1720.0
1143,-4.7834,38.2506,1400.0
1144,-4.8168,38.2006,1080.0
1145,-5.3668,38.084,900.0
1146,-5.3501,38.1006,880.0
1147,-4.9001,38.0173,2900.0
1148,-4.8334,38.0506,1920.0
1149,-5.0668,37.934,3860.0
1150,-4.8501,37.9673,1260.0
1151,-4.8001,37.984,2900.0
1152,-4.8001,37.8673,400.0
1153,-5.2501,37.7339,1460.0
1154,-5.0987,37.7784,4780.0
1155,-5.0765,37.8034,1820.0
1156,-5.0168,37.784,2980.0
1157,-4.9987,37.7312,5840.0
1158,-4.7834,37.8173,4080.0
1159,-4.7834,37.7673,3120.0
1160,-4.9334,37.5173,7120.0
1161,-4.6668,37.5173,3440.0
1162,-4.2667,37.4673,1300.0
1163,-4.4667,37.3673,3540.0
1164,-4.1334,37.3839,1320.0
1165,-4.3667,37.3173,1060.0
1166,-7.9975,43.6994,460.0
1167,-8.117,43.6008,920.0
1168,-7.9836,43.5841,2500.0
1169,-7.8336,43.5675,460.0
1170,-8.0503,43.4841,20.0
1171,-8.8337,43.2174,40.0
1172,-8.767,43.2174,1020.0
1173,-8.3836,43.2841,140.0
1174,-8.2003,43.3008,1220.0
1175,-8.2072,43.3105,940.0
1176,-8.1336,43.3174,200.0
1177,-8.0836,43.1841,220.0
1178,-7.967,43.1841,80.0
1179,-8.7003,43.1674,1720.0
1180,-8.7337,43.1174,2320.0
1181,-8.6837,43.0994,1120.0
1182,-8.5837,43.1341,260.0
1183,-8.5003,43.1174,660.0
1184,-8.1336,43.1508,20.0
1185,-8.0836,43.1341,20.0
1186,-8.017,43.0674,3160.0
1187,-8.0003,43.0841,2400.0
1188,-9.0837,42.8508,80.0
1189,-9.0504,42.8841,40.0
1190,-8.8003,42.9341,260.0
1191,-8.6503,42.9841,240.0
1192,-8.717,42.8841,220.0
1193,-8.6837,42.8841,380.0
1194,-8.567,42.9008,460.0
1195,-8.4503,42.9008,120.0
1196,-8.1336,42.9341,660.0
1197,-8.017,42.898,580.0
1198,-8.867,42.7508,80.0
1199,-8.7503,42.8008,540.0
1200,-8.7003,42.8174,160.0
1201,-8.7837,42.7841,100.0
1202,-8.4003,42.8008,520.0
1203,-8.217,43.3091,980.0
1204,-2.2333,40.4674,2020.0
1205,-2.2333,40.4674,1320.0
1206,-1.8666,40.4007,3340.0
1207,-1.8499,40.384,3800.0
1208,-1.9166,40.384,5900.0
1209,-2.8333,40.2007,2400.0
1210,-2.55,40.2174,3480.0
1211,-2.0333,40.2507,6940.0
1212,-1.9166,40.2507,1840.0
1213,-1.9166,40.2174,2960.0
1214,-1.8333,40.2507,1400.0
1215,-2.7,40.084,6380.0
1216,-2.55,40.134,6140.0
1217,-2.5166,40.1174,4300.0
1218,-2.3666,40.084,2840.0
1219,-2.1,40.1674,2200.0
1220,-2.0333,40.1674,620.0
1221,-2.0333,40.1673,6040.0
1222,-1.9499,40.034,3240.0
1223,-1.8999,40.034,3300.0
1224,-1.6666,40.1007,2400.0
1225,-1.6666,40.0507,420.0
1226,-2.0333,39.884,9160.0
1227,-1.9833,39.9674,2380.0
1228,-1.9833,39.9507,4160.0
1229,-1.9333,39.984,740.0
1230,-1.9333,39.9674,3460.0
1231,-1.6833,39.984,2740.0
1232,-2.7333,39.5173,500.0
1233,-2.5166,40.5007,1380.0
1234,-2.7833,40.284,3220.0
1235,-2.4333,40.2007,2640.0
1236,-1.7963,40.4118,3740.0
1237,-1.7708,40.2124,1400.0
1238,-1.7944,40.3813,3780.0
1239,2.4892,42.2602,2200.0
1240,2.4906,42.2144,2260.0
1241,2.7003,42.2841,2060.0
1242,2.6837,42.2674,3480.0
1243,2.5198,42.1521,5620.0
1244,2.5503,42.1507,2780.0
1245,2.4281,41.8424,2380.0
1246,2.4225,41.8396,2780.0
1247,2.7837,41.9841,1920.0
1248,2.7837,41.9507,1960.0
1249,2.7503,41.9285,1040.0
1250,2.7642,41.8368,1360.0
1251,3.017,41.9507,1960.0
1252,3.0337,41.9341,2760.0
1253,2.4378,41.8479,1360.0
1254,2.7156,41.7696,4500.0
1255,2.7503,42.1507,5980.0
1256,-2.55,37.6506,6220.0
1257,-2.45,37.7506,840.0
1258,-2.4333,37.8173,3820.0
1259,-3.6,37.4228,4260.0
1260,-3.5667,37.4006,2660.0
1261,-3.3,37.4006,3320.0
1262,-2.7667,37.4839,4420.0
1263,-2.7667,37.3673,4360.0
1264,-2.5833,37.4506,4360.0
1265,-3.7334,37.2173,5900.0
1266,-3.7334,37.1673,1000.0
1267,-3.55,37.2506,4700.0
1268,-3.55,37.2673,4920.0
1269,-3.5167,37.2673,1460.0
1270,-4.1001,37.3173,7080.0
1271,-3.1833,37.3172,300.0
1272,-3.0667,37.3173,1680.0
1273,-3.1833,37.2673,500.0
1274,-2.8833,37.2506,640.0
1275,-3.1167,37.2339,960.0
1276,-3.0167,37.1839,640.0
1277,-4.0834,37.1673,2460.0
1278,-2.8167,37.3339,6160.0
1279,-4.0834,37.0506,5500.0
1280,-4.0334,37.0839,3100.0
1281,-4.0334,37.0173,3900.0
1282,-3.9167,37.084,2800.0
1283,-3.4834,37.0506,1140.0
1284,-3.4667,37.1006,2280.0
1285,-3.3834,37.1006,1340.0
1286,-3.25,37.1506,1900.0
1287,-3.2833,37.0173,580.0
1288,-3.0833,37.0173,1400.0
1289,-3.0667,37.1506,2660.0
1290,-3.8,36.9839,3020.0
1291,-3.35,36.9339,460.0
1292,-3.3,36.9006,2500.0
1293,-3.2833,36.9839,1100.0
1294,-3.0833,36.9506,1140.0
1295,-3.15,36.8673,600.0
1296,-3.05,36.8839,840.0
1297,-3.7,36.7839,1260.0
1298,-3.5167,36.7839,520.0
1299,-3.6,36.7839,1600.0
1300,-3.55,36.7673,700.0
1301,-3.3653,36.7806,1220.0
1302,-3.3686,36.7609,1440.0
1303,-3.3661,36.7417,1120.0
1304,-2.575,37.634,1740.0
1305,-2.55,37.6339,9860.0
1306,-2.55,37.6339,5900.0
1307,-2.5499,37.6339,5060.0
1308,-2.5847,37.6423,1080.0
1309,-3.7166,37.1006,1080.0
1310,-3.2833,41.084,820.0
1311,-3.1667,41.134,640.0
1312,-2.6833,41.1007,3560.0
1313,-2.5166,41.134,3500.0
1314,-2.3666,41.034,1000.0
1315,-3.2722,40.8618,700.0
1316,-3.15,40.8507,2600.0
1317,-3.1333,40.9007,2500.0
1318,-3.1,40.9507,2880.0
1319,-2.8667,40.8507,6600.0
1320,-1.8666,40.9674,1920.0
1321,-3.4278,40.709,3380.0
1322,-3.1167,40.7674,2500.0
1323,-3.0833,40.7674,1800.0
1324,-2.9833,40.784,5600.0
1325,-2.9667,40.7674,4300.0
1326,-2.6667,40.8007,2220.0
1327,-1.6999,40.7507,4200.0
1328,-1.6499,40.8007,700.0
1329,-1.5499,40.784,3180.0
1330,-3.3167,40.6007,3320.0
1331,-3.0833,40.3007,4060.0
1332,-3.2458,40.9146,460.0
1333,-3.15,40.734,1600.0
1334,-3.3167,40.6007,3320.0
1335,-3.2917,41.059,820.0
1336,-3.1,40.934,2880.0
1337,-1.5833,40.7757,3180.0
1338,-2.95,40.9507,600.0
1339,-3.4167,40.7049,2540.0
1340,-2.8667,40.7674,5400.0
1341,-3.1667,40.5674,3660.0
1342,-3.0667,40.9924,5000.0
1343,-1.8333,43.3675,60.0
1344,-1.7833,43.0341,60.0
1345,-2.4166,43.2174,680.0
1346,-2.35,43.2841,1720.0
1347,-2.2677,43.2107,9260.0
1348,-2.15,43.2341,440.0
1349,-2.0666,43.3008,40.0
1350,-1.8994,43.2445,460.0
1351,-1.7833,43.2841,300.0
1352,-2.5333,43.0008,320.0
1353,-2.5,43.0341,1560.0
1354,-2.8333,43.2675,60.0
1355,-2.7,43.3175,940.0
1356,-2.35,43.0841,280.0
1357,-2.2166,43.1508,660.0
1358,-2.25,43.0841,1700.0
1359,-2.2666,43.0341,3100.0
1360,-2.1166,43.0508,1480.0
1361,-2.0499,43.1341,1660.0
1362,-1.9333,43.1508,2380.0
1363,-2.4166,43.0008,3500.0
1364,-2.3,42.9674,2500.0
1365,-6.6727,38.0728,2400.0
1366,-6.4366,38.0092,7560.0
1367,-7.1669,37.984,2060.0
1368,-7.1169,37.9673,5380.0
1369,-7.0569,37.8392,1480.0
1370,-6.9224,37.9573,1100.0
1371,-6.8685,37.9459,4920.0
1372,-6.8685,37.9328,2000.0
1373,-6.7335,37.8673,260.0
1374,-6.6502,37.884,2540.0
1375,-6.5835,37.8673,280.0
1376,-6.4724,37.8837,3200.0
1377,-7.1419,37.7687,4280.0
1378,-7.1419,37.7687,1000.0
1379,-6.9155,37.6687,3160.0
1380,-6.8935,37.7164,800.0
1381,-6.7155,37.7728,480.0
1382,-6.7127,37.7256,520.0
1383,-6.5835,37.7839,1440.0
1384,-6.5669,37.5751,260.0
1385,-7.121,37.5751,400.0
1386,-7.121,37.5895,1000.0
1387,-6.9169,37.5534,1200.0
1388,-6.8919,37.6173,560.0
1389,-7.0002,37.3503,1200.0
1390,-6.3502,37.4673,3300.0
1391,-6.4669,37.4006,680.0
1392,-7.1699,37.2087,2860.0
1393,-6.9332,37.2006,2600.0
1394,-6.8502,37.2006,260.0
1395,-6.7335,37.2006,140.0
1396,-6.5835,37.1839,120.0
1397,-6.4962,37.2505,320.0
1398,-6.4335,37.2839,1320.0
1399,-6.5169,37.2173,380.0
1400,-6.5002,37.2006,500.0
1401,-6.8169,37.1506,1200.0
1402,-6.6835,37.1006,460.0
1403,-6.4502,36.9839,5680.0
1404,-0.7332,42.8341,480.0
1405,-0.3998,42.8008,4700.0
1406,-0.3998,42.7841,3400.0
1407,-0.2998,42.7174,32000.0
1408,-0.2332,42.7841,2360.0
1409,-0.8499,42.6063,1740.0
1410,-0.7832,42.5841,4300.0
1411,-0.7499,42.5508,1120.0
1412,-0.5499,42.5508,1620.0
1413,0.0168,42.6341,2060.0
1414,0.6169,42.5841,2800.0
1415,0.1502,42.4674,14000.0
1416,-0.2665,42.4174,12020.0
1417,-0.4665,42.4508,7000.0
1418,0.5502,42.4841,3160.0
1419,-0.6999,42.4008,6260.0
1420,-0.2332,42.2007,4820.0
1421,0.5002,42.2007,10800.0
1422,-0.3665,41.9757,40.0
1423,-0.2832,41.9466,720.0
1424,-0.2832,41.941,1080.0
1425,-0.3498,41.9257,140.0
1426,-0.2707,41.8702,20.0
1427,-0.1998,41.8868,60.0
1428,-0.1832,42.6174,1420.0
1429,0.0668,42.6008,5000.0
1430,0.0168,42.5841,2040.0
1431,-0.1332,42.5341,2740.0
1432,0.3002,42.6008,3800.0
1433,0.2335,42.6174,5300.0
1434,0.3835,42.5674,2800.0
1435,0.3502,42.5841,2980.0
1436,-2.7592,38.509,1360.0
1437,-3.9303,38.1656,480.0
1438,-2.7,38.5006,2840.0
1439,-2.6166,38.5006,3480.0
1440,-2.6,38.4006,3600.0
1441,-4.2334,38.0673,2100.0
1442,-4.1042,38.037,1180.0
1443,-4.0973,38.0437,4000.0
1444,-4.0576,38.0356,220.0
1445,-4.0101,38.0595,2860.0
1446,-4.0142,38.0437,2680.0
1447,-3.9981,38.1117,620.0
1448,-3.92,38.0659,1620.0
1449,-3.8839,38.1012,500.0
1450,-3.8834,38.134,780.0
1451,-3.6534,38.3251,2320.0
1452,-3.7667,38.0006,3100.0
1453,-2.9,38.0506,2660.0
1454,-2.7833,38.0673,4040.0
1455,-4.0345,37.964,4880.0
1456,-3.9167,37.9662,3780.0
1457,-3.8667,37.9395,6560.0
1458,-3.7456,37.9834,2520.0
1459,-3.7478,37.9831,2120.0
1460,-3.0667,37.834,860.0
1461,-3.05,37.9673,1980.0
1462,-2.9,37.9673,2300.0
1463,-3.8175,37.7645,5420.0
1464,-3.8167,37.7506,5160.0
1465,-3.85,37.734,2000.0
1466,-3.8167,37.7173,2840.0
1467,-3.0,37.8006,4400.0
1468,-3.0192,37.6545,3640.0
1469,-2.9,42.3508,2400.0
1470,-2.1138,42.4091,1340.0
1471,-1.8527,42.2202,780.0
1472,-5.0835,43.1508,1000.0
1473,-5.0501,43.1341,160.0
1474,-5.0334,43.1008,1280.0
1475,-4.8668,43.1174,1620.0
1476,-5.2835,42.6008,2560.0
1477,-5.6168,42.4008,380.0
1478,-5.5835,42.3507,920.0
1479,-5.5001,42.4008,180.0
1480,-5.4668,42.4174,400.0
1481,-4.9834,42.4674,960.0
1482,-5.8335,42.2341,420.0
1483,-5.6668,42.3007,120.0
1484,-5.5668,42.2341,860.0
1485,-5.4001,42.3007,560.0
1486,-5.4001,42.2841,440.0
1487,-5.3835,42.2674,460.0
1488,-5.0668,43.1424,880.0
1489,-5.6168,42.8008,260.0
1490,-5.3668,42.2841,580.0
1491,-5.4335,42.3841,680.0
1492,-5.0334,42.6341,580.0
1493,-5.4335,42.1174,2400.0
1494,-5.7168,42.7008,900.0
1495,0.9669,42.6674,1400.0
1496,1.0002,42.5674,240.0
1497,1.0169,42.5674,60.0
1498,1.4341,41.8796,2760.0
1499,1.4664,41.9446,1940.0
1500,1.4003,41.8007,1020.0
1501,1.4169,41.7841,1820.0
1502,1.3752,41.7196,5020.0
1503,0.5335,41.5341,2260.0
1504,1.2975,41.6052,6640.0
1505,1.3919,41.7757,2560.0
1506,1.4003,41.7757,3440.0
1507,1.4003,41.7841,2220.0
1508,1.3919,41.7924,4400.0
1509,0.6002,41.5591,2140.0
1510,1.6808,42.4199,1280.0
1511,1.4286,42.5908,480.0
1512,0.5835,41.5257,3680.0
1513,0.4335,41.3007,4500.0
1514,0.4169,41.3174,3460.0
1515,-7.6336,43.0008,100.0
1516,-7.0836,43.5341,80.0
1517,-7.4669,43.3508,600.0
1518,-7.4169,43.3841,1560.0
1519,-7.3836,43.4675,1000.0
1520,-7.2669,43.4841,2120.0
1521,-7.0836,43.4341,640.0
1522,-7.6003,43.2674,60.0
1523,-7.6003,43.2008,20.0
1524,-7.4669,43.2841,600.0
1525,-7.4836,43.2674,800.0
1526,-7.4336,43.2008,100.0
1527,-7.8003,43.0841,120.0
1528,-7.6169,43.1508,20.0
1529,-7.6003,43.1008,380.0
1530,-7.4669,43.1508,40.0
1531,-7.5003,43.0841,220.0
1532,-7.0669,43.1341,380.0
1533,-7.817,42.8841,80.0
1534,-7.7336,42.9008,860.0
1535,-7.6669,42.8674,220.0
1536,-7.5003,42.8841,200.0
1537,-7.1669,42.8841,6180.0
1538,-7.7003,42.8174,620.0
1539,-7.4336,42.8008,200.0
1540,-7.5003,42.7008,3160.0
1541,-7.7669,42.5841,120.0
1542,-7.4669,42.5841,60.0
1543,-7.2336,42.5674,300.0
1544,-7.5169,42.4841,300.0
1545,-7.123,42.6658,1320.0
1546,-7.4725,43.4302,100.0
1547,-7.3669,43.4341,140.0
1548,-3.6153,41.1174,1300.0
1549,-3.9167,40.8674,100.0
1550,-3.8667,40.884,840.0
1551,-3.7,40.9674,1880.0
1552,-3.75,40.834,1360.0
1553,-3.7,40.8674,500.0
1554,-3.6667,40.884,740.0
1555,-3.55,40.9174,460.0
1556,-3.5,40.8507,4920.0
1557,-4.1334,40.7146,560.0
1558,-4.0834,40.7507,500.0
1559,-3.9001,40.8007,120.0
1560,-3.9505,40.8629,400.0
1561,-3.7667,40.734,1500.0
1562,-3.65,40.784,1780.0
1563,-4.1497,40.5679,1180.0
1564,-4.0667,40.6507,900.0
1565,-3.9667,40.584,1200.0
1566,-3.85,40.634,780.0
1567,-3.9001,40.6174,800.0
1568,-3.7334,40.5507,380.0
1569,-3.6667,40.5507,1600.0
1570,-3.6167,40.5507,900.0
1571,-3.45,40.6174,2100.0
1572,-3.3,40.5674,3320.0
1573,-3.2667,40.5174,1140.0
1574,-4.0167,40.434,1860.0
1575,-4.0334,40.4007,1800.0
1576,-3.5834,40.5007,1100.0
1577,-3.3,40.384,2020.0
1578,-4.4167,40.334,200.0
1579,-4.2501,40.284,2920.0
1580,-4.0667,40.3174,2120.0
1581,-3.6334,40.3007,980.0
1582,-3.3667,40.3174,880.0
1583,-3.3667,40.284,1780.0
1584,-3.4,40.2507,3380.0
1585,-3.35,40.184,1120.0
1586,-3.6,40.1674,1780.0
1587,-3.6167,40.0507,2120.0
1588,-3.35,40.084,1880.0
1589,-3.3,40.1007,5880.0
1590,-3.25,40.1507,2800.0
1591,-3.5834,40.1674,1100.0
1592,-3.6667,40.684,2500.0
1593,-3.6,40.7507,1160.0
1594,-3.6167,40.834,2760.0
1595,-3.6334,40.8507,360.0
1596,-3.7167,40.9674,1300.0
1597,-4.2001,40.5674,900.0
1598,-4.2167,40.5007,840.0
1599,-3.75,40.7174,1200.0
1600,-4.6501,37.1006,3140.0
1601,-4.6501,37.0006,7420.0
1602,-4.6168,37.0839,2200.0
1603,-4.7668,36.8506,1780.0
1604,-4.7501,36.8339,2300.0
1605,-4.5134,36.9653,5740.0
1606,-4.4506,36.9839,3020.0
1607,-4.4504,36.9839,3940.0
1608,-4.6234,36.72,3240.0
1609,-4.5906,36.7634,140.0
1610,-4.6987,36.6945,6400.0
1611,-4.6584,36.7089,1680.0
1612,-4.5923,36.6867,2900.0
1613,-4.3667,36.7673,2300.0
1614,-4.2667,36.8173,1020.0
1615,-3.9834,36.8173,480.0
1616,-4.8501,36.5173,1500.0
1617,-4.7668,36.5673,1780.0
1618,-4.6606,36.6934,1960.0
1619,-4.6254,36.7495,3320.0
1620,-4.5695,36.6887,1300.0
1621,-4.5426,36.9559,4220.0
1622,-4.5498,36.9517,3440.0
1623,-4.5568,36.9539,5480.0
1624,-0.8666,37.7006,2580.0
1625,-1.051,38.3254,3160.0
1626,-1.5666,38.084,3380.0
1627,-0.8332,37.6839,2140.0
1628,-1.5499,37.9006,4800.0
1629,-1.4666,37.984,1260.0
1630,-1.4166,37.9673,1260.0
1631,-1.3666,37.934,1220.0
1632,-1.0666,37.8673,1780.0
1633,-1.8166,37.7673,820.0
1634,-1.6999,37.7173,2480.0
1635,-1.6499,37.7673,1660.0
1636,-1.5333,37.7006,1600.0
1637,-1.6249,37.4839,1220.0
1638,-1.1832,37.734,2640.0
1639,-1.0832,37.6839,1600.0
1640,-0.9166,37.7506,3020.0
1641,-0.9332,37.834,1680.0
1642,-0.8166,37.6506,1860.0
1643,-1.7999,37.6673,1780.0
1644,-1.7666,37.6006,1020.0
1645,-1.7699,37.6403,1300.0
1646,-1.6999,37.6339,1300.0
1647,-1.6916,37.5839,1040.0
1648,-1.1832,37.6506,1960.0
1649,-0.8832,37.6506,3860.0
1650,-0.7332,37.6339,2060.0
1651,-2.0833,38.034,4360.0
1652,-2.0666,38.0006,2500.0
1653,-1.7035,43.2155,1740.0
1654,-1.8666,43.1841,100.0
1655,-1.5746,43.1719,220.0
1656,-1.481,43.2452,660.0
1657,-1.9122,43.0377,2660.0
1658,-1.8638,43.0961,2820.0
1659,-1.8919,43.1952,2180.0
1660,-1.8333,43.098,200.0
1661,-1.6194,43.073,400.0
1662,-1.461,43.1208,1220.0
1663,-1.3021,43.0091,200.0
1664,-2.0608,42.8688,1980.0
1665,-1.9666,42.9841,1920.0
1666,-1.878,42.9749,2180.0
1667,-1.8249,42.8685,2240.0
1668,-1.6019,42.9911,620.0
1669,-1.281,42.9397,740.0
1670,-1.3466,42.9783,1240.0
1671,-1.468,42.8685,2480.0
1672,-1.126,42.9572,1200.0
1673,-1.081,42.9083,2400.0
1674,-1.0946,42.8658,1960.0
1675,-0.8252,42.8741,4140.0
1676,-2.17,42.8341,720.0
1677,-1.8619,42.7841,2720.0
1678,-1.6671,42.8135,2060.0
1679,-1.7141,42.7327,4040.0
1680,-1.5555,42.7508,1700.0
1681,-1.4916,42.8327,5060.0
1682,-1.3824,42.7655,2100.0
1683,-1.186,42.7041,1520.0
1684,-0.8604,42.8124,1720.0
1685,-1.0866,42.6785,3900.0
1686,-0.9938,42.7035,1000.0
1687,-2.0041,42.6563,2220.0
1688,-1.6305,42.6063,3580.0
1689,-1.4068,42.6299,1560.0
1690,-1.3638,42.628,3980.0
1691,-1.2105,42.6166,1300.0
1692,-1.8758,42.4655,1500.0
1693,-1.5069,42.3813,700.0
1694,-1.4944,42.3299,1960.0
1695,-2.35,42.0674,6300.0
1696,-2.0333,42.4077,2580.0
1697,-1.4999,42.2507,4200.0
1698,-1.7958,42.3874,1920.0
1699,-1.7666,43.0091,800.0
1700,-2.2,42.8674,1700.0
1701,-2.175,42.8591,200.0
1702,-1.6499,42.8508,1680.0
1703,-1.6333,42.7841,2420.0
1704,-1.6333,42.6508,2900.0
1705,-1.3332,42.6841,2620.0
1706,-7.3669,42.3674,460.0
1707,-7.1336,42.4008,740.0
1708,-6.9669,42.4008,540.0
1709,-7.8169,42.2841,460.0
1710,-7.6003,42.3174,60.0
1711,-7.6503,42.2341,180.0
1712,-7.4836,42.3341,520.0
1713,-7.5003,42.3007,60.0
1714,-7.3628,42.1924,560.0
1715,-7.2669,42.2341,100.0
1716,-7.0336,42.2341,380.0
1717,-7.8169,42.0841,520.0
1718,-7.7503,42.0674,60.0
1719,-7.4503,42.0507,100.0
1720,-7.3377,42.1341,260.0
1721,-7.3044,42.1174,140.0
1722,-6.9836,42.0507,200.0
1723,-7.4003,41.9674,520.0
1724,-6.8927,42.4633,5280.0
1725,-4.4334,43.0008,3200.0
1726,-4.7668,42.6341,1240.0
1727,-4.7834,42.1507,2300.0
1728,-4.7183,42.0674,1000.0
1729,-4.7001,42.1007,1960.0
1730,-4.7168,42.067,1780.0
1731,-4.6334,42.0341,3620.0
1732,-4.6334,42.0674,4080.0
1733,-8.717,42.6771,1140.0
1734,-8.317,42.7508,760.0
1735,-8.6128,42.7563,420.0
1736,-8.1003,42.7174,780.0
1737,-8.0336,42.7508,120.0
1738,-8.7003,42.6508,120.0
1739,-8.6861,42.6548,280.0
1740,-8.6359,42.6257,260.0
1741,-8.6503,42.5674,240.0
1742,-8.5503,42.5341,120.0
1743,-8.3503,42.5674,20.0
1744,-8.3503,42.6174,20.0
1745,-8.117,42.6508,20.0
1746,-8.167,42.6008,20.0
1747,-7.9336,42.6341,20.0
1748,-8.7003,42.4674,40.0
1749,-8.667,42.3841,260.0
1750,-8.5503,42.2344,80.0
1751,-8.5519,42.234,20.0
1752,-8.417,42.3174,20.0
1753,-8.2836,42.3096,80.0
1754,-8.3503,42.3055,80.0
1755,-8.3003,42.2341,860.0
1756,-8.717,41.9841,460.0
1757,-5.5835,41.0674,3440.0
1758,-5.5001,41.1007,440.0
1759,-5.2335,41.0507,3880.0
1760,-5.2168,41.1007,1700.0
1761,-6.7502,40.9674,300.0
1762,-5.9668,40.884,1200.0
1763,-5.8835,40.934,1000.0
1764,-5.8168,40.9507,3420.0
1765,-5.7668,40.884,500.0
1766,-5.3835,40.9674,2680.0
1767,-5.3501,40.934,580.0
1768,-5.2668,40.9007,1980.0
1769,-6.1835,40.684,320.0
1770,-6.1168,40.7007,1080.0
1771,-5.6668,40.7007,500.0
1772,-5.6001,40.7007,420.0
1773,-5.6001,40.6674,560.0
1774,-5.3668,40.7674,140.0
1775,-6.2669,40.6174,360.0
1776,-6.3835,40.534,200.0
1777,-6.2669,40.5674,660.0
1778,-6.3335,40.534,820.0
1779,-6.2002,40.5674,360.0
1780,-6.1835,40.6507,560.0
1781,-6.1335,40.584,360.0
1782,-6.1571,40.516,1700.0
1783,-6.6002,40.4174,580.0
1784,-5.8002,40.3674,340.0
1785,-5.7668,40.3507,60.0
1786,-5.7502,40.3674,40.0
1787,-6.1335,40.5507,500.0
1788,-6.1335,40.6174,940.0
1789,-5.7168,40.3507,380.0
1790,-6.7168,40.2844,340.0
1791,-6.7335,40.284,360.0
1792,-6.053,40.5535,380.0
1793,-6.3335,40.4507,440.0
1794,-6.1339,40.5842,260.0
1795,-5.2835,40.834,1480.0
1796,-5.2168,40.9007,1420.0
1797,-5.5668,41.084,1980.0
1798,-5.2335,41.084,900.0
1799,-5.3335,41.0674,620.0
1800,-5.5168,41.1507,1540.0
1801,-3.7834,41.5174,1840.0
1802,-4.3001,41.3841,160.0
1803,-3.5167,41.184,180.0
1804,-3.4667,41.3507,1200.0
1805,-3.5834,41.3174,760.0
1806,-3.5667,41.284,540.0
1807,-3.5,41.284,800.0
1808,-3.45,41.2674,400.0
1809,-3.4834,41.234,260.0
1810,-4.1167,41.1174,5400.0
1811,-3.8334,41.0674,5020.0
1812,-4.0709,40.934,360.0
1813,-4.0167,40.8676,440.0
1814,-4.0001,40.859,900.0
1815,-4.0167,40.809,1480.0
1816,-3.6834,41.1257,7200.0
1817,-6.0502,37.884,1200.0
1818,-5.9835,37.9673,840.0
1819,-5.6835,37.984,1600.0
1820,-5.7001,37.934,2120.0
1821,-5.6501,37.884,1440.0
1822,-5.5835,37.8506,3380.0
1823,-6.4544,37.7034,320.0
1824,-6.3835,37.7089,660.0
1825,-6.2668,37.7173,1380.0
1826,-6.1502,37.7338,760.0
1827,-6.1501,37.7339,960.0
1828,-6.1502,37.734,1000.0
1829,-5.821,37.7006,1400.0
1830,-5.3668,37.7673,8380.0
1831,-5.8043,37.6673,1440.0
1832,-5.1001,37.5173,7020.0
1833,-6.1835,37.3839,2900.0
1834,-5.9668,37.4839,1500.0
1835,-5.9168,37.4173,520.0
1836,-5.8335,37.3506,2080.0
1837,-5.4835,37.4839,3100.0
1838,-5.3668,37.4839,1140.0
1839,-5.3168,37.4339,7200.0
1840,-5.3668,37.3506,2840.0
1841,-5.2168,37.4673,11040.0
1842,-6.3168,37.2339,460.0
1843,-6.2002,37.2506,580.0
1844,-6.1002,37.2839,4660.0
1845,-5.5168,37.2673,1080.0
1846,-2.9999,41.8341,800.0
1847,-2.6333,41.8507,1200.0
1848,-3.3167,41.7007,2800.0
1849,-2.7333,41.7841,4860.0
1850,-2.7,41.7841,2960.0
1851,-2.75,41.7007,6340.0
1852,-2.5333,41.7007,900.0
1853,-2.5,41.7174,780.0
1854,-2.9667,41.6341,320.0
1855,-2.9333,41.6507,180.0
1856,-2.9833,41.5507,440.0
1857,-2.9333,41.5174,480.0
1858,-2.5444,41.5674,780.0
1859,-2.55,41.5174,1240.0
1860,-2.525,41.5841,1080.0
1861,-3.1667,41.6007,2580.0
1862,-3.5,41.5674,4320.0
1863,-3.4,41.6174,3380.0
1864,-3.0,41.6007,4980.0
1865,-2.7833,41.7257,3080.0
1866,-2.6667,41.8174,840.0
1867,-2.7167,41.8174,280.0
1868,1.0124,41.3396,2600.0
1869,0.5835,41.184,680.0
1870,0.9961,41.3327,1540.0
1871,0.9836,41.309,1440.0
1872,0.5669,41.1174,480.0
1873,0.5835,40.734,2780.0
1874,0.6002,40.7451,2800.0
1875,0.6335,40.7507,3760.0
1876,0.6669,40.784,2940.0
1877,0.6849,40.7785,3460.0
1878,0.5335,40.7674,600.0
1879,0.8335,40.7174,1700.0
1880,0.3752,40.6257,960.0
1881,0.4502,40.6007,560.0
1882,1.2041,41.3799,2540.0
1883,1.1847,41.3904,3960.0
1884,-0.7727,40.8157,920.0
1885,-0.7704,40.8149,3840.0
1886,-0.7796,40.7971,760.0
1887,-0.7035,40.7674,3740.0
1888,-0.4999,40.534,7320.0
1889,-0.2998,40.5174,7020.0
1890,-1.5666,40.484,1500.0
1891,-1.4332,40.284,3880.0
1892,-1.3666,40.3345,1300.0
1893,-1.4166,40.2007,2720.0
1894,-0.5999,40.284,4940.0
1895,-0.4665,40.3007,2260.0
1896,-0.2998,40.7174,2180.0
1897,-0.1832,40.834,3520.0
1898,-1.3681,40.334,480.0
1899,-0.7688,40.8026,2760.0
1900,-0.7765,40.8015,940.0
1901,-0.7785,40.8076,1980.0
1902,-0.7821,40.8046,2620.0
1903,-0.7838,40.8026,820.0
1904,-0.7868,40.8013,900.0
1905,-0.7777,40.7888,3800.0
1906,-0.7079,40.7693,3860.0
1907,-4.7668,40.2632,460.0
1908,-3.85,40.0674,2100.0
1909,-3.8334,40.034,2720.0
1910,-3.8,40.0507,2400.0
1911,-3.8,40.0174,4460.0
1912,-4.0835,39.9001,3600.0
1913,-4.0167,39.884,1900.0
1914,-3.5667,39.984,260.0
1915,-3.7167,39.9174,2320.0
1916,-3.6334,39.8507,300.0
1917,-3.4667,39.9507,2900.0
1918,-3.3167,39.934,1760.0
1919,-3.4834,39.884,2720.0
1920,-3.2833,39.884,1620.0
1921,-3.55,39.8173,580.0
1922,-3.7167,39.7673,980.0
1923,-3.7334,39.7007,2080.0
1924,-3.3667,39.784,720.0
1925,-3.25,39.734,1460.0
1926,-3.4167,39.6673,4140.0
1927,-3.1167,39.784,3700.0
1928,-3.4167,39.6507,4720.0
1929,-4.6356,39.484,260.0
1930,-3.7667,39.3201,560.0
1931,-3.6834,39.684,2100.0
1932,-3.7167,39.684,3900.0
1933,-3.2167,39.7507,780.0
1934,-3.3667,39.8507,2140.0
1935,-3.4334,39.634,2440.0
1936,-4.9501,39.7507,440.0
1937,-1.4499,40.134,5340.0
1938,-0.9332,39.8507,8280.0
1939,-1.2499,39.734,5340.0
1940,-1.1332,39.684,2140.0
1941,-1.0999,39.7507,7040.0
1942,-1.0832,39.734,7500.0
1943,-1.1832,39.8173,1440.0
1944,-0.9332,39.7507,900.0
1945,-0.9666,39.684,5260.0
1946,-0.8499,39.8173,7420.0
1947,-0.6665,39.8173,6080.0
1948,-0.7165,39.7007,1200.0
1949,-0.6999,39.784,2500.0
1950,-0.4832,39.7007,3740.0
1951,-0.2498,39.7173,3240.0
1952,-1.4332,39.5673,3140.0
1953,-1.1999,39.6007,2540.0
1954,-1.2166,39.534,1000.0
1955,-1.1332,39.484,3200.0
1956,-1.1666,39.6673,12860.0
1957,-0.9499,39.5507,1580.0
1958,-0.7999,39.6507,1960.0
1959,-0.8666,39.5173,5340.0
1960,-0.6999,39.534,1940.0
1961,-0.5999,39.7007,2340.0
1962,-0.5832,39.5673,1360.0
1963,-0.3161,39.634,2620.0
1964,-0.3165,39.6334,2200.0
1965,-0.3165,39.6007,1680.0
1966,-1.0999,39.4007,2320.0
1967,-1.0416,39.3882,700.0
1968,-0.5499,38.8173,4760.0
1969,-0.5999,39.384,3580.0
1970,-0.6332,39.484,3820.0
1971,-0.5332,39.484,3120.0
1972,-0.3165,39.3507,560.0
1973,-0.5499,39.2673,3760.0
1974,-0.5165,38.7506,2760.0
1975,-0.3165,39.184,3160.0
1976,-1.2166,39.0673,7680.0
1977,-1.1999,39.0673,5800.0
1978,-1.1832,39.034,2280.0
1979,-0.5999,38.7673,4300.0
1980,-0.8166,38.834,1980.0
1981,-0.5665,38.9507,480.0
1982,-0.5665,38.8506,4040.0
1983,-0.1998,38.884,2700.0
1984,-0.0332,38.8673,300.0
1985,-0.0665,38.884,4460.0
1986,-0.8499,38.834,1980.0
1987,-0.6665,38.8006,2400.0
1988,-5.1501,42.1841,6420.0
1989,-5.2501,42.1674,4320.0
1990,-4.9834,42.0174,7300.0
1991,-5.2335,41.9841,1680.0
1992,-5.3001,41.9007,3160.0
1993,-4.9668,41.9174,5760.0
1994,-4.8501,41.8841,4320.0
1995,-5.3335,41.7841,3800.0
1996,-5.2168,41.7507,4800.0
1997,-4.7168,41.7841,6240.0
1998,-4.6834,41.8007,6720.0
1999,-4.6334,41.8174,8060.0
2000,-4.6168,41.8007,3660.0
2001,-4.6334,41.7507,6540.0
2002,-4.6001,41.7507,9800.0
2003,-4.3167,41.7507,14580.0
2004,-4.1501,41.7841,5860.0
2005,-4.1334,41.7341,7200.0
2006,-4.1001,41.7174,6820.0
2007,-5.1168,41.5341,400.0
2008,-4.9834,41.5507,1340.0
2009,-4.9668,41.5174,8000.0
2010,-4.7001,41.5341,320.0
2011,-4.5001,41.6341,7680.0
2012,-4.5001,41.5841,2740.0
2013,-4.4501,41.6007,1640.0
2014,-4.4668,41.5674,2880.0
2015,-4.3667,41.6174,8180.0
2016,-4.2834,41.6341,920.0
2017,-4.2501,41.6507,800.0
2018,-4.2001,41.5674,7980.0
2019,-4.1667,41.5341,2360.0
2020,-5.2168,41.3507,720.0
2021,-5.1835,41.4007,440.0
2022,-5.0334,41.3674,2060.0
2023,-4.8501,41.4507,480.0
2024,-4.5334,41.3674,6140.0
2025,-4.3501,41.4841,1960.0
2026,-4.2167,41.4674,4800.0
2027,-5.2835,41.234,2300.0
2028,-5.1168,41.2174,940.0
2029,-5.0501,41.234,3260.0
2030,-4.9334,41.2507,1040.0
2031,-4.9334,41.3007,420.0
2032,-4.8001,41.2007,260.0
2033,-4.6334,41.3007,140.0
2034,-4.5334,41.5507,400.0
2035,-4.8668,41.4674,480.0
2036,-5.2166,41.3173,1860.0
2037,-4.9168,41.4174,640.0
2038,-4.9501,41.2007,220.0
2039,-4.7001,41.5507,280.0
2040,-5.0501,41.2674,860.0
2041,-5.1166,41.2174,460.0
2042,-4.6857,41.284,280.0
2043,-2.82,43.4227,600.0
2044,-2.8,43.3841,1540.0
2045,-2.7167,43.3841,540.0
2046,-2.6333,43.3508,2960.0
2047,-3.3167,43.2341,2020.0
2048,-3.2,43.2008,120.0
2049,-3.1833,43.2341,2360.0
2050,-3.1861,43.2027,3000.0
2051,-3.1167,43.2008,1400.0
2052,-3.0583,43.1911,400.0
2053,-2.8667,43.2841,4940.0
2054,-2.8944,43.2891,3800.0
2055,-2.8667,43.2508,320.0
2056,-2.8167,43.2675,1400.0
2057,-2.8055,43.3077,3480.0
2058,-2.7833,43.2174,340.0
2059,-2.7,43.3175,4360.0
2060,-2.7,43.3008,2500.0
2061,-2.6333,43.2008,60.0
2062,-2.65,43.1841,480.0
2063,-2.5166,43.2174,480.0
2064,-2.9333,43.1174,1980.0
2065,-2.8833,43.0841,880.0
2066,-2.8167,43.1008,1040.0
2067,-2.75,43.1508,2500.0
2068,-2.6333,43.1508,1500.0
2069,-2.6667,43.1008,1420.0
2070,-2.7167,43.0674,160.0
2071,-2.5,43.1174,800.0
2072,-3.0,42.9841,5300.0
2073,-2.9,43.3841,500.0
2074,-2.6166,43.1174,360.0
2075,-6.9836,42.0674,300.0
2076,-6.7502,42.1507,3080.0
2077,-6.6835,42.1507,240.0
2078,-6.3502,42.0341,20.0
2079,-6.4335,41.9841,360.0
2080,-5.9335,41.9507,480.0
2081,-5.5835,41.8841,360.0
2082,-5.4168,41.9674,240.0
2083,-6.5335,41.7841,160.0
2084,-6.5002,41.7174,540.0
2085,-6.4335,41.7841,480.0
2086,-6.2502,41.6841,620.0
2087,-6.0835,41.8174,20.0
2088,-5.7668,41.5507,1640.0
2089,-5.4668,41.5674,680.0
2090,-5.3835,41.6507,1620.0
2091,-5.3335,41.5674,960.0
2092,-6.1502,41.4007,20.0
2093,-5.4335,41.3674,460.0
2094,-6.4335,41.3007,900.0
2095,-5.7835,41.2507,240.0
2096,-5.4668,41.3174,1680.0
2097,-5.6502,41.4591,1080.0
2098,-6.5002,42.0007,360.0
2099,-6.5002,41.7507,200.0
2100,-6.5169,41.7341,840.0
2101,-5.3835,41.234,1200.0
2102,-5.4168,41.3674,780.0
2103,-1.0166,42.6174,480.0
2104,-1.0166,42.6174,2620.0
2105,-1.2499,42.1174,4180.0
2106,-1.1166,42.1174,2820.0
2107,-1.7499,41.9174,620.0
2108,-1.7333,41.9507,840.0
2109,-1.6999,41.9007,2400.0
2110,-1.6833,41.9007,3140.0
2111,-1.7499,41.8841,2520.0
2112,-1.6999,41.8716,1860.0
2113,-1.6824,41.8938,2040.0
2114,-1.8166,41.8174,1000.0
2115,-1.8166,41.8007,2900.0
2116,-3.8667,40.7507,2.0
2117,-3.8667,40.784,4.0
2118,-3.9001,40.784,21.0
2119,-3.85,40.734,1.0
2120,-3.8653,40.734,6.0
2121,-3.8667,40.7342,13.0
2122,-5.3506,36.7505,19.0
2123,-5.3503,36.7505,9.0
2124,-5.3501,36.7507,38.0
2125,-5.4169,36.767,18.0
2126,-5.4168,36.7673,43.0
2127,-5.4168,36.7673,41.0
2128,-5.3495,36.7499,46.0
2129,-5.3502,36.7516,20.0
2130,-5.3668,36.7506,10.0
2131,-5.3501,36.7506,26.0
2132,-5.3497,36.7508,30.0
2133,-5.3501,36.7506,34.0
2134,-0.8332,39.8507,37.0
2135,1.999,41.3332,59.0
2136,0.1668,41.3174,84.0
2137,0.0502,41.3674,75.0
2138,0.0502,41.3007,75.0
2139,0.0835,41.3841,90.0
2140,0.0172,41.3508,25.0
2141,0.0168,41.3509,33.0
2142,1.7336,41.484,7.0
2143,0.6669,41.6507,58.0
2144,0.6335,41.7174,31.0
2145,0.5501,41.9341,18.0
2146,0.5669,41.8674,14.0
2147,0.4853,41.6943,17.0
2148,0.5502,41.934,10.0
2149,0.7002,41.6341,11.0
2150,1.5003,42.0007,6.0
2151,1.4997,41.9998,14.0
2152,1.5002,42.0006,6.0
2153,1.5001,42.0002,32.0
2154,1.5002,42.0173,14.0
2155,1.5001,42.0176,8.0
2156,1.5003,42.0341,25.0
2157,1.5001,42.0172,9.0
2158,1.5003,42.0341,5.0
2159,2.0017,41.3353,18.0
2160,1.9928,41.326,27.0
2161,2.0015,41.3188,10.0
2162,1.9894,41.2749,8.0
2163,1.9926,41.3235,20.0
2164,2.0003,41.3174,16.0
2165,1.9982,41.3198,10.0
2166,1.9974,41.3185,17.0
2167,1.9919,41.3238,17.0
2168,2.0027,41.3246,12.0
2169,1.9982,41.3175,18.0
2170,2.0003,41.3174,28.0
2171,2.0,41.32,10.0
2172,1.9927,41.3187,21.0
2173,2.0003,41.3174,10.0
2174,2.0009,41.3176,35.0
2175,2.0013,41.3194,43.0
2176,2.0006,41.3219,19.0
2177,2.0005,41.3199,11.0
2178,0.0166,41.3507,34.0
2179,0.0168,41.3341,13.0
2180,0.0153,41.3341,43.0
2181,0.0167,41.334,54.0
2182,0.0166,41.3337,28.0
2183,0.0162,41.3341,47.0
2184,1.9926,41.3336,34.0
2185,0.0167,41.3507,36.0
2186,0.0169,41.351,16.0
2187,2.0019,41.338,12.0
2188,2.0004,41.3341,28.0
2189,2.0004,41.333,16.0
2190,1.9992,41.3348,32.0
2191,2.0004,41.3347,45.0
2192,2.0006,41.3333,45.0
2193,1.9827,41.3352,21.0
2194,2.0003,41.3349,30.0
2195,0.0169,41.334,14.0
2196,1.9985,41.3371,25.0
2197,1.9992,41.3341,34.0
2198,1.9939,41.333,59.0
2199,1.9986,41.3342,75.0
2200,1.9994,41.333,25.0
2201,2.0,41.3341,33.0
2202,-0.1312,42.6184,13.0
2203,-0.13,42.6194,11.0
2204,-0.1335,42.6183,15.0
2205,-0.1281,42.6218,12.0
2206,-0.1349,42.6181,12.0
2207,-0.1333,42.6174,13.0
2208,-0.1291,42.6177,12.0
2209,-0.133,42.6171,9.0
2210,-0.133,42.6171,8.0
2211,-0.1346,42.6194,11.0
2212,-0.1354,42.6175,12.0
2213,-0.1271,42.619,34.0
2214,-0.1302,42.6197,12.0
2215,-0.1325,42.6202,6.0
2216,-0.1245,42.6181,9.0
2217,-0.1324,42.6181,5.0
2218,-0.1301,42.6191,8.0
2219,-0.1309,42.6306,16.0
2220,-0.1328,42.6201,11.0
2221,-0.1204,42.621,17.0
2222,-0.1256,42.6172,27.0
2223,-0.1266,42.6144,15.0
2224,-0.1206,42.618,8.0
2225,-0.1195,42.6172,4.0
2226,-0.1329,42.6221,6.0
2227,-0.1137,42.617,22.0
2228,-0.1213,42.6176,10.0
2229,-0.1318,42.6192,14.0
2230,-2.3333,42.0674,40.0
2231,-4.1501,40.5665,6.0
2232,-4.1513,40.5674,15.0
2233,-4.1501,40.584,21.0
2234,-4.1167,40.7007,3.0
2235,-5.7501,37.834,5.0
2236,-3.8667,40.9007,6.0
2237,-3.75,40.6507,8.0
2238,-4.0167,39.8507,7.0
2239,-3.6667,38.834,19.0
2240,-5.3835,39.3673,1.0
2241,-5.3834,39.3673,1.0
2242,-5.7168,40.1175,1.0
2243,-5.7168,40.1174,1.0
2244,-1.9499,43.0008,10.0
2245,-2.0666,42.8175,24.0
2246,-2.3833,37.6173,23.0
2247,-2.2333,37.6506,18.0
2248,-2.3833,37.5506,4.0
2249,-2.4498,37.6006,18.0
2250,-2.4506,37.6006,27.0
2251,-2.45,37.5999,28.0
2252,-1.8666,37.0506,4.0
2253,-1.8999,37.1673,7.0
2254,-1.8999,37.0506,2.0
2255,-2.05,36.8173,14.0
2256,-2.1,36.8173,9.0
2257,-2.1166,36.7839,30.0
2258,-2.1189,37.3665,15.0
2259,-1.8999,37.4839,11.0
2260,-2.0666,37.4673,4.0
2261,-2.3666,37.0506,5.0
2262,-1.8666,37.4673,20.0
2263,-2.1166,37.3673,9.0
2264,-2.45,37.7003,27.0
2265,-2.45,37.7006,35.0
2266,-2.4553,37.7007,35.0
2267,-2.8833,37.3173,11.0
2268,-2.8667,37.2839,5.0
2269,-3.1333,37.3009,12.0
2270,-2.8333,37.2839,19.0
2271,-2.8333,37.2838,4.0
2272,-3.1167,37.2839,11.0
2273,-2.9833,37.3173,9.0
2274,-2.95,37.3339,8.0
2275,-2.9667,37.2673,4.0
2276,-3.0833,37.3173,42.0
2277,-2.8834,37.2504,6.0
2278,-2.9992,37.1673,4.0
2279,-3.15,37.3006,6.0
2280,-3.1831,37.3173,9.0
2281,-2.8667,37.2173,17.0
2282,-3.1333,37.3006,3.0
2283,-2.8333,37.3839,25.0
2284,-2.7167,37.4673,74.0
2285,-2.8333,37.4173,20.0
2286,-2.5833,37.3339,18.0
2287,-2.7649,37.483,9.0
2288,-2.7667,37.4673,21.0
2289,-2.5833,37.3673,18.0
2290,-2.5833,37.4499,22.0
2291,-2.75,37.4576,4.0
2292,-2.749,37.4704,23.0
2293,-2.7644,37.4666,18.0
2294,-2.7667,37.4673,27.0
2295,-2.8167,37.1006,21.0
2296,-2.7667,37.3506,22.0
2297,-2.7499,37.4673,15.0
2298,-5.4001,38.0506,4.0
2299,-6.5835,37.7506,1.0
2300,-4.6501,40.5174,5.0
2301,-4.6668,40.4674,18.0
2302,-4.5168,40.534,13.0
2303,-4.4001,40.5674,11.0
2304,-4.4237,40.5671,2.0
2305,-6.7002,40.2674,3.0
2306,-6.7002,40.2007,2.0
2307,-6.6002,40.2174,2.0
2308,-6.6669,40.1507,3.0
2309,-6.5002,40.1674,2.0
2310,-5.7502,40.1007,3.0
2311,-5.8335,40.034,5.0
2312,-5.7502,40.0507,13.0
2313,-5.6501,40.1174,4.0
2314,-5.4667,40.1007,2.0
2315,-5.4501,40.1174,6.0
2316,-6.3169,40.3007,3.0
2317,-6.4169,40.234,3.0
2318,-6.4669,40.4507,4.0
2319,-6.3502,40.5007,3.0
2320,-6.1835,40.5674,3.0
2321,-6.3502,40.5174,1.0
2322,-6.1843,40.5675,2.0
2323,-6.1169,40.5674,2.0
2324,-5.0168,40.3174,2.0
2325,-5.7001,40.4007,4.0
2326,-2.7,38.0006,13.0
2327,-2.7,38.0006,23.0
2328,-2.6998,37.9766,13.0
2329,-2.9266,37.9006,42.0
2330,-2.9,37.9006,30.0
2331,-3.0833,41.1507,2.0
2332,-3.1167,41.0674,2.0
2333,-3.1165,41.134,3.0
2334,-3.1001,41.5674,3.0
2335,-3.1,41.5674,5.0
2336,-3.1167,41.1345,2.0
2337,-3.0832,41.184,6.0
2338,-3.3333,41.084,4.0
2339,-2.25,40.7007,3.0
2340,-3.4,41.2507,2.0
2341,-6.3524,37.0519,2.0
2342,-6.3519,37.0503,3.0
2343,-6.3402,37.0352,6.0
2344,-2.9667,37.9006,70.0
2345,-2.9501,38.0673,75.0
2346,-2.9477,38.0662,97.0
2347,-2.9594,38.0673,78.0
2348,-2.9467,38.0667,75.0
2349,-2.6166,42.5174,25.0
2350,-6.3505,37.0496,3.0
2351,-6.4085,37.0864,8.0
2352,-2.9019,37.8985,80.0
2353,-2.8833,37.9006,61.0
2354,-2.95,38.0674,56.0
2355,-2.9027,37.8923,32.0
2356,-2.9003,37.9003,41.0
2357,-3.1499,37.0673,8.0
2358,-3.15,37.0673,5.0
2359,-3.15,37.0673,5.0
2360,-4.2667,43.0674,17.0
2361,-8.5336,42.8668,1.0
2362,-8.5336,42.8674,1.0
2363,-8.5336,42.8668,3.0
2364,-3.4334,40.1673,39.0
2365,-3.4,40.1174,53.0
2366,-3.4294,40.1674,32.0
2367,-3.4167,40.1507,36.0
2368,-2.9,37.5506,3.0
2369,-3.1,37.1006,4.0
2370,-2.1499,42.8174,9.0
2371,-2.15,42.8174,4.0
2372,-2.2333,42.8174,8.0
2373,-2.06,42.8174,1.0
2374,-1.7166,43.0008,4.0
2375,-4.5501,40.1674,27.0
2376,-4.3001,40.2674,9.0
2377,-4.5398,40.165,17.0
2378,-4.7501,40.1507,4.0
2379,-4.7168,40.134,2.0
2380,-4.8834,39.884,11.0
2381,-4.9334,39.634,6.0
2382,-4.8001,39.5673,3.0
2383,-3.9,39.9007,57.0
2384,-3.3167,39.8673,58.0
2385,-3.3333,39.834,52.0
2386,-1.8499,41.7674,4.0
2387,-1.8154,41.7999,1.0
2388,-1.8166,41.8006,1.0
2389,-1.8166,41.7507,3.0
2390,-1.8166,41.7507,4.0
2391,-1.7833,41.8341,2.0
2392,-0.1164,42.7015,1.0
2393,-0.1165,42.7008,1.0
2394,-0.1165,42.7008,5.0
2395,-0.4499,42.6507,1.0
2396,-0.4498,42.6508,1.0
2397,-0.8665,42.8008,1.0
2398,-0.9165,42.7841,1.0
2399,-0.9332,42.435,4.0
2400,-0.9329,42.4341,1.0
2401,-0.7832,42.6341,3.0
2402,-0.7666,42.6341,4.0
2403,-0.7665,42.6342,1.0
2404,-0.7332,42.8838,1.0
2405,-0.7332,42.8841,1.0
2406,-0.7305,42.884,1.0
2407,-0.1831,42.7016,1.0
2408,-0.1833,42.7008,1.0
2409,0.5836,42.5843,1.0
2410,0.6335,42.6008,2.0
2411,0.6835,42.7008,1.0
2412,1.9832,42.3174,4.0
2413,1.9837,42.3175,24.0
2414,1.9836,42.3174,21.0
2415,1.9836,42.3174,14.0
2416,1.9834,42.3183,8.0
2417,-6.1837,40.5674,3.0
2418,-6.35,40.5176,1.0
2419,-6.1668,40.5674,2.0
2420,-6.1146,40.5671,2.0
2421,-4.9668,40.334,2.0
2422,-5.7001,40.4007,4.0
2423,-5.1001,40.5507,10.0
2424,-6.8169,40.3007,12.0
2425,-6.6669,40.3174,2.0
2426,-6.7171,40.2873,2.0
2427,-6.7232,40.2837,2.0
2428,-5.3168,40.4674,2.0
2429,-5.8335,40.1174,4.0
2430,-0.2659,39.0673,11.0
2431,-0.2666,39.0674,18.0
2432,-0.2664,39.0674,12.0
2433,-0.2665,39.0674,8.0
2434,-0.2667,39.0675,17.0
2435,0.0335,42.2841,24.0
2436,0.0335,42.2841,21.0
2437,0.0337,42.2842,8.0
2438,0.0335,42.2841,14.0
2439,0.0334,42.2841,4.0
2440,-6.8335,40.3007,12.0
2441,-6.6835,40.3174,2.0
2442,-6.7164,40.284,2.0
2443,-6.7158,40.2832,2.0
2444,-5.3335,40.4174,2.0
2445,-5.8335,40.134,4.0
2446,-5.2668,40.4174,16.0
2447,-5.3501,40.434,23.0
2448,-5.9002,39.8673,3.0
2449,-5.1668,40.3007,5.0
2450,-5.2501,40.334,2.0
2451,2.6502,39.6831,48.0
2452,2.6501,39.6832,63.0
2453,2.6503,39.6842,49.0
2454,2.65,39.6826,43.0
2455,2.8003,39.5673,9.0
2456,3.0003,39.3507,49.0
2457,2.0003,41.3174,21.0
2458,0.0502,41.284,20.0
2459,0.0668,41.2674,21.0
2460,1.6336,41.6841,18.0
2461,1.2002,41.8341,3.0
2462,1.2502,42.1174,30.0
2463,0.9836,41.3674,25.0
2464,-1.0666,39.1173,12.0
2465,-1.0832,39.0673,23.0
2466,-1.1999,39.0173,29.0
2467,-0.9832,39.0507,11.0
2468,-0.9832,39.084,27.0
2469,-0.9832,39.1673,15.0
2470,-1.2166,39.0673,38.0
2471,-0.9666,39.1007,20.0
2472,-1.1832,39.134,16.0
2473,-0.8999,39.1673,26.0
2474,-0.8999,39.1007,10.0
2475,-1.2166,39.084,19.0
2476,-1.0999,39.0673,29.0
2477,1.9003,41.4341,7.0
2478,1.9006,41.4345,7.0
2479,1.9003,41.434,7.0
2480,1.9008,41.4357,5.0
2481,1.8996,41.4355,8.0
2482,-8.017,42.9008,3.0
2483,-7.5003,42.5008,2.0
2484,-7.2336,42.3007,1.0
2485,-7.5836,42.3007,1.0
2486,-7.6669,42.3007,1.0
2487,-7.7669,42.5841,1.0
2488,-7.8503,42.8508,1.0
2489,-7.8336,43.4342,2.0
2490,-7.8336,43.4341,1.0
2491,-8.0003,43.6841,2.0
2492,-8.0003,43.6841,1.0
2493,1.8836,41.434,7.0
2494,1.8837,41.4341,7.0
2495,1.8808,41.418,7.0
2496,1.8837,41.4175,5.0
2497,1.8836,41.4174,8.0
2498,1.9836,41.6342,10.0
2499,1.9836,41.6353,19.0
2500,1.9837,41.6341,22.0
2501,0.9002,41.3507,29.0
2502,-4.7334,40.234,1.0
2503,-4.7668,40.3007,2.0
2504,-4.8168,40.3007,2.0
2505,-3.9167,40.6007,4.0
2506,-3.75,40.734,8.0
2507,-3.7167,40.984,7.0
2508,-3.75,40.734,6.0
2509,-4.0667,40.7507,3.0
2510,-3.8334,40.0674,11.0
2511,-4.0168,39.884,10.0
2512,-4.0667,39.9007,24.0
2513,-4.0834,39.9007,18.0
2514,-7.3004,42.2508,2.0
2515,-7.2997,42.2506,1.0
2516,-7.3002,42.2507,1.0
2517,-7.6003,42.3341,1.0
2518,-7.867,42.8508,1.0
2519,-3.8667,43.1841,4.0
2520,-4.8168,43.1508,10.0
2521,-8.0336,43.0674,2.0
2522,-1.7833,43.3008,3.0
2523,-2.2,43.0841,3.0
2524,-2.35,43.0841,1.0
2525,-2.5166,43.0008,2.0
2526,-2.2666,43.0174,16.0
2527,-2.4166,43.1008,23.0
2528,-2.25,43.0841,9.0
2529,-2.4001,43.0197,18.0
2530,-2.2666,43.0175,15.0
2531,-2.2333,43.1841,10.0
2532,-2.0333,43.1341,8.0
2533,-2.4014,43.0341,17.0
2534,-2.1166,43.1341,4.0
2535,-2.0166,43.1174,13.0
2536,-2.25,43.0674,8.0
2537,-2.2333,43.1841,25.0
2538,-2.1826,43.1802,9.0
2539,-5.3501,39.4673,2.0
2540,-5.4001,39.4673,4.0
2541,-5.4001,39.4674,6.0
2542,-4.9501,40.934,25.0
2543,-4.9334,41.284,2.0
2544,-5.5001,41.084,2.0
2545,-3.1667,40.7674,8.0
2546,-2.55,41.1174,18.0
2547,-1.8666,40.984,10.0
2548,-3.0833,40.7507,9.0
2549,-3.15,40.734,13.0
2550,-2.6667,40.784,11.0
2551,-1.6333,40.784,4.0
2552,-1.6333,40.784,4.0
2553,-0.5665,41.5507,18.0
2554,0.9669,41.3674,17.0
2555,-0.6665,41.1174,6.0
2556,0.0168,42.3007,7.0
2557,0.0502,42.3174,26.0
2558,0.0835,42.3507,20.0
2559,0.1168,42.3674,32.0
2560,0.1335,42.4508,1.0
2561,0.1669,42.6341,1.0
2562,0.2169,42.4674,5.0
2563,0.2169,42.4508,4.0
2564,0.3835,42.4341,1.0
2565,0.4169,42.468,2.0
2566,0.4169,42.4508,11.0
2567,0.4002,42.4174,2.0
2568,0.3502,42.4174,3.0
2569,0.3169,42.3841,3.0
2570,0.2002,42.3174,13.0
2571,0.1002,42.4174,5.0
2572,0.1502,42.3841,38.0
2573,-2.7666,37.4838,22.0
2574,-2.7647,37.4839,26.0
2575,-2.7665,37.4832,23.0
2576,-2.7667,37.4839,22.0
2577,-2.7667,37.4839,19.0
2578,-2.7671,37.4843,22.0
2579,-2.767,37.4837,13.0
2580,-2.7659,37.4872,26.0
2581,-2.7673,37.4861,26.0
2582,-1.7001,37.6669,24.0
2583,-1.8166,37.5673,13.0
2584,-1.7,37.6673,10.0
2585,-2.7671,37.4839,5.0
2586,-2.7678,37.4795,4.0
2587,-2.7649,37.4873,27.0
2588,-1.4298,37.6011,20.0
2589,-4.6501,37.5173,18.0
2590,-2.1833,37.3506,10.0
2591,-2.15,37.3839,9.0
2592,-2.4666,37.3339,11.0
2593,-2.3666,37.3506,18.0
2594,-2.5,37.3506,9.0
2595,-2.4055,37.8026,17.0
2596,-2.2666,37.5839,36.0
2597,-2.05,36.8673,13.0
2598,-2.1186,36.7612,8.0
2599,-2.0833,37.684,42.0
2600,-0.9999,38.134,42.0
2601,-1.6998,37.6673,13.0
2602,-1.8666,37.8506,37.0
2603,-2.1666,37.7173,40.0
2604,-2.0333,37.8006,39.0
2605,-3.2167,36.8339,4.0
2606,-3.2833,36.9006,48.0
2607,-3.3833,36.8839,10.0
2608,-3.3834,36.8839,28.0
2609,-3.2167,36.8339,6.0
2610,-3.0167,37.3339,23.0
2611,-3.0667,37.1839,5.0
2612,-3.0661,37.1839,10.0
2613,-3.0667,37.184,12.0
2614,-3.0667,37.1822,21.0
2615,-1.8999,39.9674,4.0
2616,-3.15,37.1839,6.0
2617,-3.1333,37.1673,12.0
2618,-2.05,36.9506,24.0
2619,-2.4333,36.8339,42.0
2620,-2.2166,36.8839,31.0
2621,-2.0666,37.1839,4.0
2622,-1.8666,37.2506,6.0
2623,-2.1833,37.2839,14.0
2624,-2.1833,37.284,12.0
2625,-1.9794,37.2516,9.0
2626,-2.1833,37.3173,12.0
2627,-1.8102,37.2497,9.0
2628,-2.4406,37.5344,128.0
2629,-2.7167,37.7173,36.0
2630,-2.4515,37.5941,65.0
2631,-2.4333,37.5839,37.0
2632,-2.2,37.8006,33.0
2633,-2.1833,37.7173,27.0
2634,-2.4518,37.534,46.0
2635,-2.45,37.5339,51.0
2636,-2.4527,37.5898,56.0
2637,-2.4166,37.6173,36.0
2638,-2.443,37.5348,42.0
2639,-2.4833,37.5839,43.0
2640,-2.4497,37.534,46.0
2641,-2.4388,37.5339,48.0
2642,-2.4459,37.5956,26.0
2643,-2.3665,37.8174,83.0
2644,-2.3666,37.8173,34.0
2645,-2.2833,37.8173,29.0
2646,-2.45,37.53,43.0
2647,-2.4833,37.5339,15.0
2648,-2.2838,37.5688,25.0
2649,-2.4,37.6006,13.0
2650,-2.25,37.5506,15.0
2651,-2.3833,37.6006,14.0
2652,-3.1991,36.7839,12.0
2653,-3.2,36.7835,7.0
2654,-3.2,36.7839,10.0
2655,-1.8333,41.4341,2.0
2656,-3.4167,36.7839,6.0
2657,-3.5167,36.7506,47.0
2658,-3.3167,36.7506,18.0
2659,-3.1999,36.7837,9.0
2660,-3.2,36.7847,15.0
2661,-1.4996,37.7673,7.0
2662,-1.4157,37.8506,22.0
2663,-1.4149,37.8503,9.0
2664,-1.4999,37.7683,25.0
2665,-6.0502,37.5339,9.0
2666,-3.5,38.2006,10.0
2667,-3.3667,38.0173,25.0
2668,-3.9501,37.7173,29.0
2669,-0.951,37.734,14.0
2670,-1.3888,37.8034,9.0
2671,-1.3888,37.7978,10.0
2672,-1.4082,37.7784,14.0
2673,-1.4096,37.7784,12.0
2674,-0.6329,39.0174,17.0
2675,-0.6426,39.017,15.0
2676,-0.9165,38.434,22.0
2677,-0.9166,38.434,24.0
2678,-0.6324,39.0174,17.0
2679,-0.5165,38.784,15.0
2680,-0.6332,39.0173,15.0
2681,-0.633,39.0173,24.0
2682,-0.633,39.0239,23.0
2683,-0.6332,39.0163,23.0
2684,-2.1833,42.6508,15.0
2685,-2.1833,42.6508,23.0
2686,-2.1837,42.6508,19.0
2687,-2.1333,42.6508,20.0
2688,-2.1833,42.6635,22.0
2689,-2.1833,42.6499,20.0
2690,-2.184,42.6508,20.0
2691,-2.1915,42.6524,22.0
2692,-4.6668,39.5662,5.0
2693,-4.6664,39.5673,2.0
2694,-4.6668,39.5672,4.0
2695,-4.668,39.5668,6.0
2696,-4.6692,39.5673,6.0
2697,-4.6667,39.5673,3.0
2698,-4.6662,39.5682,2.0
2699,-4.6679,39.5687,2.0
2700,-4.6676,39.5678,2.0
2701,-4.668,39.568,2.0
2702,-4.6668,39.5673,2.0
2703,-3.2,38.2506,18.0
2704,0.1343,41.434,27.0
2705,0.1335,41.4348,21.0
2706,0.1335,41.4341,16.0
2707,-0.5999,41.5674,7.0
2708,-0.5165,41.5352,12.0
2709,-0.5995,41.5675,12.0
2710,-0.533,41.5341,15.0
2711,-0.7196,41.5716,6.0
2712,-0.5331,41.5373,10.0
2713,-0.4665,41.4841,11.0
2714,-0.8396,41.5721,12.0
2715,-0.4665,41.4341,13.0
2716,2.1938,41.6363,13.0
2717,2.1804,41.6189,7.0
2718,-0.9077,42.0007,10.0
2719,-0.8582,42.0007,12.0
2720,-2.4666,42.5674,17.0
2721,-1.0332,37.6673,5.0
2722,-1.2334,37.734,5.0
2723,-8.5332,42.8675,1.0
2724,-3.4167,40.184,32.0
2725,-3.4167,40.134,26.0
2726,-1.1305,38.3979,3.0
2727,-1.1193,38.4409,3.0
2728,-1.1166,38.3812,2.0
2729,-4.5756,37.6506,24.0
2730,-4.7268,37.5556,19.0
2731,-4.6168,37.4673,19.0
2732,-4.5543,37.4631,19.0
2733,-4.5901,37.432,23.0
2734,-4.5801,37.5478,15.0
2735,-4.4901,37.5267,13.0
2736,-4.6168,37.4676,17.0
2737,-4.7143,37.4595,11.0
2738,-4.7107,37.6367,13.0
2739,-1.4996,42.2007,26.0
2740,-1.4999,42.2006,28.0
