,Longitude,Latitude,Carb [%]
0,-2.5,42.5021,44.6
1,-2.4166,42.5341,48.5
2,-2.5833,42.8549,16.1
3,-2.6333,42.8424,0.4
4,-2.6333,42.5008,37.4
5,-2.7167,42.9341,20.6
6,-2.55,42.823,17.4
7,-2.4747,42.7347,12.1
8,-2.7833,42.5827,32.9
9,-2.6667,42.5846,41.7
10,-2.6833,42.5508,40.5
11,-2.5,42.6016,46.7
12,-2.7028,39.3118,1.1
13,-2.45,39.2507,16.3
14,-2.5166,39.2007,27.3
15,-2.4277,39.2498,13.5
16,-2.3486,39.2396,2.7
17,-2.375,39.1721,21.9
18,-2.7814,39.1479,42.5
19,-2.6667,39.134,50.8
20,-2.7333,39.0868,82.3
21,-2.5,39.084,46.9
22,-2.45,39.0618,28.9
23,-2.4166,39.0007,9.9
24,-2.0166,39.0173,41.3
25,-2.7333,38.984,59.2
26,-2.6,38.9173,66.5
27,-1.8333,38.9173,25.8
28,-1.8944,38.7256,41.2
29,-1.8999,38.734,27.8
30,-1.7333,38.8006,39.9
31,-2.55,38.6506,3.0
32,-2.55,38.5673,22.6
33,-2.5,38.6173,39.0
34,-0.1498,38.8506,28.7
35,-0.8166,38.7173,41.4
36,-0.7832,38.734,8.4
37,-0.5332,38.684,61.2
38,-0.4832,38.7673,9.2
39,-0.3832,38.734,18.2
40,-0.0665,38.8006,3.2
41,0.0502,38.7006,11.9
42,-0.9166,38.5673,52.9
43,-0.6499,38.5173,8.6
44,-0.6332,38.534,55.1
45,-0.2999,38.534,58.5
46,-0.2332,38.5173,68.6
47,-0.9332,38.4006,55.4
48,-0.6999,38.4673,41.9
49,-0.6665,38.484,57.6
50,-0.6499,38.4673,70.5
51,-0.8166,38.184,46.2
52,-0.7999,38.2006,36.8
53,-0.7666,38.2006,41.5
54,-0.7499,38.2506,53.8
55,-0.6832,38.2673,66.8
56,-0.5987,38.1923,40.4
57,-0.5362,38.1273,48.5
58,-0.6332,38.184,55.2
59,-0.9499,38.1173,48.8
60,-0.9666,38.0173,70.2
61,-0.8832,38.0173,35.3
62,-0.6665,38.1006,49.0
63,-0.8166,37.884,41.0
64,-0.3665,38.5173,57.3
65,-0.6165,38.434,48.6
66,-0.4332,38.4173,56.0
67,-2.1189,37.8506,60.0
68,-2.15,37.884,46.0
69,-2.2333,37.8173,59.0
70,-2.2833,37.7006,53.7
71,-2.1166,37.8173,72.2
72,-2.15,37.7673,13.7
73,-2.0666,37.734,62.7
74,-2.3,37.6006,20.3
75,-2.1333,37.5506,18.4
76,-2.5166,37.3506,23.6
77,-2.4166,37.4173,60.8
78,-2.35,37.4673,14.8
79,-2.2333,37.4339,21.9
80,-2.1387,37.3839,3.8
81,-2.0833,37.4839,4.8
82,-1.8999,37.5006,20.3
83,-2.0625,36.8006,2.4
84,-2.8167,37.1673,3.1
85,-2.5666,37.3339,9.5
86,-2.3,37.3006,0.6
87,-2.3,37.2006,0.2
88,-2.2,37.1839,13.8
89,-1.8833,37.2506,35.5
90,-1.8333,37.2339,10.6
91,-2.9,37.0173,9.4
92,-2.7667,37.1173,1.3
93,-2.8,37.1506,4.0
94,-2.7333,37.0006,19.7
95,-2.5666,37.0339,14.0
96,-2.4166,37.0339,22.9
97,-2.25,37.1506,10.6
98,-2.2333,37.0839,4.5
99,-2.1333,37.1506,22.5
100,-1.8833,37.0506,0.8
101,-1.8499,37.1673,13.9
102,-2.9833,36.9006,47.8
103,-2.9167,36.9673,16.7
104,-2.8833,37.0006,5.3
105,-2.8833,36.8673,31.0
106,-2.7667,36.9839,30.6
107,-2.7667,36.8839,65.6
108,-2.7167,36.8339,52.3
109,-2.5833,36.9839,18.1
110,-2.5166,36.8839,13.1
111,-2.4833,36.9506,7.0
112,-2.3333,37.0006,0.8
113,-2.2166,36.9173,19.6
114,-2.15,36.8673,9.0
115,-2.0833,36.8506,8.7
116,-1.9666,37.0006,27.1
117,-2.0333,36.8839,32.0
118,-3.1167,36.7673,7.0
119,-2.95,36.7506,6.5
120,-2.9333,36.8173,12.1
121,-2.7333,36.7673,37.9
122,-2.6833,36.7173,0.4
123,-2.6333,36.7506,1.7
124,-2.6166,36.7339,15.3
125,-2.25,36.8339,3.4
126,-2.2333,36.7839,4.5
127,-2.0666,36.8173,3.0
128,-4.9668,40.9507,9.3
129,-4.9668,40.9674,2.9
130,-6.853,38.7912,6.0
131,-6.4669,38.834,14.3
132,-5.8168,38.9673,4.8
133,-6.6835,38.684,48.0
134,-6.5169,38.7673,3.7
135,-6.4057,38.7212,7.6
136,-6.3657,38.7029,9.3
137,-6.4169,38.584,22.6
138,-6.2835,38.5506,7.3
139,-6.3335,38.4673,11.5
140,-6.2502,37.984,0.2
141,-5.7168,38.284,3.4
142,1.8003,42.1841,6.2
143,2.0336,42.2341,5.4
144,2.167,41.8841,34.0
145,2.1836,41.9341,41.0
146,2.2003,41.9674,28.5
147,2.3003,41.9507,37.2
148,1.8003,41.7007,43.8
149,2.237,41.8213,3.7
150,1.5183,41.6202,34.9
151,1.5169,41.5174,35.0
152,2.0336,41.6174,10.1
153,2.3586,41.5229,39.6
154,1.553,41.4515,20.3
155,1.6749,41.428,14.9
156,1.6269,41.3515,25.9
157,1.8669,41.4007,6.5
158,1.9305,41.3889,19.8
159,1.9169,41.3007,25.4
160,1.967,41.284,11.9
161,1.967,41.3174,17.0
162,2.0108,41.3302,0.9
163,1.9528,41.2882,18.1
164,1.9455,41.2696,3.3
165,-3.4,42.9674,7.7
166,-3.45,42.7341,26.2
167,-3.1,42.6508,29.8
168,-4.0167,41.7341,42.5
169,-3.8667,41.7507,8.0
170,-3.9167,41.7174,6.3
171,-3.8834,41.7007,0.7
172,-3.8,41.7674,14.8
173,-3.7667,41.7341,3.1
174,-3.6334,41.7841,35.0
175,-3.7334,41.7007,20.7
176,-3.6834,41.7174,0.8
177,-3.6334,41.7341,2.1
178,-3.4834,41.8174,1.0
179,-3.5,41.7507,21.8
180,-3.5167,41.7007,15.4
181,-3.45,41.7007,11.0
182,-3.8167,41.6507,7.5
183,-3.5834,41.6174,0.5
184,-3.5667,41.6341,11.4
185,-3.5167,41.6841,0.5
186,-3.9667,41.8174,4.6
187,-3.9501,41.7507,1.5
188,-3.55,41.7674,4.9
189,-5.7001,36.9006,7.3
190,-5.1168,36.9673,3.6
191,-5.1001,36.9173,3.0
192,-5.1168,36.9506,46.0
193,-6.1835,36.7506,41.7
194,-6.0502,36.7006,8.2
195,-6.0779,36.6841,1.9
196,-5.7335,36.7339,2.0
197,-5.6668,36.7673,11.6
198,-5.6168,36.8006,28.0
199,-5.5835,36.8173,2.2
200,-6.0502,36.5173,20.8
201,-6.0835,36.4839,1.1
202,-5.8335,36.2339,8.9
203,-5.3946,36.1837,15.6
204,-4.2834,43.3675,5.2
205,-3.65,43.3841,2.1
206,-4.1001,43.3008,5.3
207,-4.2445,43.0897,2.3
208,-0.1665,40.7507,54.9
209,-0.1665,40.7174,74.6
210,-0.2165,40.5507,37.0
211,-0.1332,40.6174,37.2
212,-0.0832,40.6507,25.3
213,-0.0498,40.6007,42.8
214,0.0002,40.584,16.1
215,0.2168,40.584,59.0
216,0.0668,40.3507,3.9
217,0.3835,40.3674,12.3
218,-0.2999,40.3007,4.8
219,0.0668,40.284,1.8
220,-0.1498,39.784,23.4
221,-0.3999,40.1507,37.5
222,-0.3165,40.1174,48.5
223,-0.4665,40.0507,41.8
224,-0.4332,40.0174,35.9
225,0.0335,40.1507,2.7
226,-0.0498,39.884,25.2
227,-0.5665,39.8007,42.9
228,-0.4332,39.7673,18.6
229,-0.4499,39.8007,16.5
230,-0.1998,39.7507,0.8
231,-0.1637,39.7673,0.9
232,-3.2167,39.4007,19.0
233,-2.9333,39.3507,7.9
234,-3.5667,39.234,1.7
235,-3.4334,39.2673,53.1
236,-3.1833,39.3173,13.7
237,-2.8667,39.284,38.4
238,-3.2417,39.1118,15.7
239,-3.1167,39.1173,54.0
240,-3.6536,38.9257,0.4
241,-3.3947,38.837,8.7
242,-3.2667,38.884,14.0
243,-3.0833,38.9173,9.9
244,-4.0801,38.734,0.4
245,-3.4334,38.8006,12.0
246,-3.0167,38.7006,22.9
247,-2.9833,38.8173,33.7
248,-2.8667,38.7673,20.0
249,-2.7167,38.684,36.3
250,-3.6,38.634,0.8
251,-3.4667,38.6006,1.0
252,-3.4834,38.6006,1.0
253,-3.4639,39.259,20.9
254,-3.2333,39.309,51.8
255,-3.3333,38.8173,2.3
256,-3.4084,38.8006,26.1
257,-3.0167,39.1895,45.0
258,-3.1542,39.3173,10.3
259,-5.1668,38.384,0.3
260,-4.8834,38.2006,0.9
261,-4.4001,38.0506,21.4
262,-5.0668,37.934,0.8
263,-4.8001,37.8673,26.0
264,-5.2501,37.7339,21.6
265,-5.0987,37.7784,1.6
266,-5.0765,37.8034,23.9
267,-5.0168,37.784,6.0
268,-4.9987,37.7312,10.5
269,-4.7834,37.8173,30.9
270,-4.7834,37.7673,31.0
271,-4.9334,37.5173,1.8
272,-4.6668,37.5173,66.4
273,-4.2667,37.4673,15.7
274,-4.4667,37.3673,6.0
275,-4.1334,37.3839,0.8
276,-4.3667,37.3173,56.2
277,-2.55,40.3507,32.1
278,-2.2333,40.4674,2.3
279,-2.2333,40.4674,35.7
280,-1.8666,40.4007,5.7
281,-1.9166,40.384,1.0
282,-2.8333,40.2007,39.1
283,-2.55,40.2174,13.4
284,-2.0333,40.2507,28.2
285,-1.9166,40.2507,1.8
286,-1.8333,40.2507,3.4
287,-3.0667,40.0507,39.3
288,-2.7,40.084,5.2
289,-2.55,40.134,4.4
290,-2.5166,40.1174,44.8
291,-2.3666,40.084,40.4
292,-2.1,40.1674,46.4
293,-2.0333,40.1673,12.7
294,-1.9499,40.034,1.0
295,-1.8999,40.034,1.0
296,-1.6666,40.1007,31.2
297,-2.0333,39.884,34.0
298,-1.9833,39.9674,1.0
299,-1.9833,39.9507,3.5
300,-1.9333,39.9674,50.1
301,-2.9,39.8173,63.0
302,-2.7333,39.5173,20.8
303,-2.7167,39.4673,15.6
304,-2.7333,39.4507,10.8
305,-2.75,39.384,20.4
306,-2.5166,40.5007,30.0
307,-2.7833,40.284,20.7
308,-2.4333,40.2007,38.1
309,-1.7963,40.4118,6.2
310,2.6837,42.2674,14.1
311,2.2003,42.3174,18.8
312,2.7337,42.1341,42.8
313,2.7503,41.9285,0.3
314,-2.55,37.6506,33.6
315,-2.45,37.7506,49.1
316,-2.4333,37.8173,24.3
317,-3.5667,37.4006,17.5
318,-2.7667,37.4839,19.0
319,-2.7667,37.3673,37.0
320,-2.5833,37.4506,34.0
321,-3.7334,37.2173,19.5
322,-3.7334,37.1673,24.7
323,-3.55,37.2506,27.3
324,-3.55,37.2673,28.4
325,-4.1001,37.3173,31.7
326,-3.1833,37.3172,1.0
327,-3.0667,37.3173,1.0
328,-3.1833,37.2673,41.0
329,-3.0167,37.1839,1.0
330,-4.0834,37.1673,1.0
331,-2.8167,37.3339,10.8
332,-4.0334,37.0839,11.1
333,-4.0334,37.0173,3.1
334,-3.9167,37.084,44.7
335,-3.4667,37.1006,64.0
336,-3.8,36.9839,56.0
337,-3.5334,37.0006,90.0
338,-3.3,36.9006,14.1
339,-3.0833,36.9506,6.1
340,-3.05,36.8839,26.3
341,-3.6,36.7839,9.4
342,-3.55,36.7673,27.6
343,-2.575,37.634,16.8
344,-2.55,37.6339,28.8
345,-2.55,37.6339,24.9
346,-2.5499,37.6339,38.9
347,-2.5847,37.6423,35.6
348,-3.7166,37.1006,23.4
349,-2.6833,41.1007,7.8
350,-2.5166,41.134,6.4
351,-3.1333,40.9007,52.8
352,-3.1,40.9507,70.0
353,-2.7167,40.884,1.1
354,-1.8666,40.9674,32.0
355,-3.4278,40.709,1.0
356,-3.0833,40.7674,6.2
357,-2.9833,40.784,5.0
358,-2.9667,40.7674,21.4
359,-2.6667,40.8007,23.5
360,-1.6999,40.7507,2.3
361,-1.5499,40.784,3.9
362,-3.3167,40.6007,1.7
363,-3.0833,40.3007,7.1
364,-3.15,40.734,9.3
365,-3.3167,40.6007,1.7
366,-3.1,40.934,70.0
367,-1.5833,40.7757,3.9
368,-2.8667,40.7674,1.9
369,-3.1667,40.5674,0.3
370,-3.0667,40.9924,1.0
371,-2.2677,43.2107,1.7
372,-6.6502,37.884,0.1
373,-6.3724,37.3728,12.8
374,-6.9332,37.2006,4.1
375,-6.4335,37.2839,0.3
376,-6.4502,36.9839,1.5
377,-0.8165,42.7341,17.8
378,-0.7165,42.7174,31.2
379,-0.5665,42.6841,12.5
380,-0.2998,42.7174,0.2
381,-0.8499,42.6008,2.5
382,-0.7832,42.5841,13.9
383,-0.4665,42.5341,49.5
384,0.0168,42.6341,1.3
385,0.1502,42.4674,0.4
386,0.0335,42.4341,5.0
387,-0.2665,42.4174,34.1
388,-0.6499,42.3007,3.8
389,-0.2332,42.2007,30.0
390,0.5002,42.2007,56.3
391,-0.7499,42.0007,49.0
392,-0.5832,42.0341,51.0
393,-0.7832,41.9841,41.0
394,-0.7665,41.9674,42.0
395,-0.6832,42.0007,26.0
396,-0.3665,41.9757,24.0
397,-0.2832,41.9466,10.9
398,-0.2832,41.941,17.9
399,-0.3498,41.9257,25.0
400,-0.2707,41.8702,26.0
401,-0.1998,41.8868,26.0
402,-0.4499,41.7507,17.5
403,-0.4165,41.7507,57.6
404,0.3335,41.6007,30.0
405,-0.1832,42.6174,16.8
406,-0.1332,42.5341,13.5
407,-2.7,38.5006,23.0
408,-2.6166,38.5006,54.2
409,-4.2334,38.0673,0.4
410,-4.1042,38.037,32.0
411,-4.0576,38.0356,49.0
412,-3.7667,38.0006,21.9
413,-2.9,38.0506,0.9
414,-4.0345,37.964,16.2
415,-3.9167,37.9662,25.8
416,-3.8667,37.9395,35.0
417,-3.7478,37.9831,13.8
418,-3.0667,37.834,44.0
419,-3.05,37.9673,42.0
420,-2.9,37.9673,25.4
421,-3.8175,37.7645,43.0
422,-3.8167,37.7506,43.6
423,-3.85,37.734,5.4
424,-3.8167,37.7173,62.7
425,-3.0,37.8006,24.5
426,-3.0192,37.6545,20.0
427,-2.1138,42.4091,3.5
428,-1.8527,42.2202,15.1
429,-2.0166,42.1174,12.4
430,-1.9499,42.1174,37.2
431,-5.4335,42.1174,1.9
432,1.7169,42.3507,6.6
433,1.8003,42.3507,45.4
434,1.6669,42.2174,49.9
435,1.4003,41.8007,32.7
436,1.4003,41.8007,23.5
437,1.4169,41.7841,32.8
438,1.3752,41.7196,2.8
439,1.2975,41.6052,5.9
440,1.3919,41.7757,8.5
441,1.4003,41.7757,37.2
442,1.4003,41.7841,39.1
443,1.3919,41.7924,21.4
444,0.5835,41.5257,44.7
445,0.4335,41.3007,46.2
446,0.4169,41.3174,37.4
447,-7.123,42.6658,0.8
448,-3.5,40.8507,3.8
449,-3.3,40.5674,1.7
450,-3.2667,40.5174,8.8
451,-3.6667,40.3507,11.6
452,-3.5334,40.4174,11.9
453,-3.3,40.384,6.6
454,-3.6,40.3174,35.0
455,-3.4,40.2507,0.5
456,-3.35,40.184,5.9
457,-3.6,40.1674,7.2
458,-3.5834,40.1174,4.3
459,-3.7667,39.9674,12.2
460,-3.6167,40.0507,18.8
461,-3.35,40.084,36.0
462,-3.3,40.1007,1.0
463,-3.25,40.1507,46.9
464,-3.5834,40.1674,0.7
465,-3.7667,39.934,12.4
466,-3.7834,39.934,19.2
467,-4.6501,37.1006,34.4
468,-4.6501,37.0006,20.1
469,-4.6168,37.0839,2.0
470,-4.7668,36.8506,2.9
471,-4.5134,36.9653,3.4
472,-4.4504,36.9839,1.8
473,-4.6234,36.72,3.2
474,-4.6987,36.6945,18.8
475,-4.6584,36.7089,1.3
476,-4.5923,36.6867,11.0
477,-4.3667,36.7673,0.9
478,-4.7668,36.5673,1.0
479,-4.6606,36.6934,31.8
480,-4.6254,36.7495,2.6
481,-4.5695,36.6887,3.0
482,-1.2999,38.584,47.5
483,-1.4894,38.3523,47.1
484,-1.3407,38.3415,53.6
485,-1.7874,38.3109,28.5
486,-1.8233,38.2301,50.4
487,-1.8347,38.2031,69.6
488,-1.5494,38.209,49.2
489,-1.4832,38.3006,46.0
490,-1.4999,38.234,62.0
491,-1.4666,38.2006,7.4
492,-1.3666,38.3006,42.0
493,-1.2999,38.3006,2.6
494,-1.2832,38.2506,41.3
495,-0.8666,37.7006,10.3
496,-1.051,38.3254,33.1
497,-2.2833,38.0173,62.5
498,-1.9666,38.2673,56.5
499,-1.7999,38.0173,60.4
500,-1.7499,38.0173,11.2
501,-1.5666,38.084,11.8
502,-1.4663,38.1359,50.6
503,-1.4232,38.0723,58.8
504,-0.8332,37.6839,27.5
505,-1.1332,38.1006,0.8
506,-2.1119,37.982,37.7
507,-1.9091,37.9131,58.7
508,-1.5499,37.9006,4.6
509,-1.4666,37.984,52.5
510,-1.4166,37.9673,36.1
511,-1.3666,37.934,53.6
512,-1.0666,37.8673,48.8
513,-1.1499,37.9506,47.0
514,-0.7999,37.8506,27.4
515,-1.9666,37.784,45.8
516,-1.8166,37.7673,66.6
517,-1.6999,37.7173,29.0
518,-1.6499,37.7673,59.6
519,-1.5333,37.7006,48.9
520,-1.6249,37.4839,10.8
521,-1.2827,37.6659,20.2
522,-1.1832,37.734,26.4
523,-1.0735,37.7692,26.4
524,-1.0166,37.6839,29.2
525,-0.9166,37.7506,32.0
526,-0.9332,37.834,81.2
527,-0.8166,37.6506,1.8
528,-1.7999,37.6673,11.3
529,-1.7666,37.6006,10.8
530,-1.7699,37.6403,13.5
531,-1.6999,37.6339,35.5
532,-1.6916,37.5839,8.3
533,-1.4332,37.6006,2.4
534,-1.1832,37.6506,16.6
535,-1.4269,37.5226,7.9
536,-1.3702,37.5506,28.2
537,-1.0749,37.6645,7.6
538,-0.8832,37.6506,5.0
539,-0.7332,37.6339,14.8
540,-2.0833,38.034,62.1
541,-2.0666,38.0006,51.3
542,-1.9666,42.9841,0.7
543,-1.468,42.8685,20.3
544,-1.4916,42.8327,5.0
545,-1.3824,42.7655,6.8
546,-2.0041,42.6563,27.0
547,-1.6305,42.6063,26.5
548,-1.2105,42.6166,43.7
549,-2.35,42.4841,33.8
550,-1.8758,42.4655,32.3
551,-1.5069,42.3813,42.7
552,-1.4944,42.3299,45.8
553,-2.35,42.0674,27.4
554,-2.0333,42.4077,16.7
555,-1.4999,42.2507,25.7
556,-1.7958,42.3874,17.6
557,-1.7666,43.0091,5.4
558,-1.6499,42.8508,5.4
559,-1.6333,42.7841,2.7
560,-1.6333,42.6508,1.8
561,-1.3332,42.6841,4.2
562,-6.8927,42.4633,10.2
563,-4.4334,43.0008,3.9
564,-4.3667,42.4008,2.2
565,-4.7001,42.1007,7.1
566,-4.6334,42.0341,11.3
567,-4.6334,42.0674,2.2
568,-5.5835,41.0674,1.3
569,-5.2335,41.0507,0.1
570,-5.2168,41.1007,0.9
571,-5.8168,40.9507,10.4
572,-5.2668,40.9007,0.6
573,-3.7834,41.5174,1.6
574,-4.1167,41.1174,1.3
575,-3.6834,41.1257,18.3
576,-5.3668,37.7673,6.7
577,-5.1001,37.5173,5.7
578,-6.1835,37.3839,0.8
579,-5.4835,37.4839,3.3
580,-5.3668,37.4839,4.2
581,-5.3168,37.4339,9.8
582,-5.3668,37.3506,39.0
583,-5.2168,37.4673,15.4
584,-6.1002,37.2839,27.0
585,-5.5168,37.2673,12.4
586,-5.3668,37.1006,12.7
587,-2.6333,41.8507,0.8
588,-3.3167,41.7007,70.8
589,-2.7333,41.7841,2.1
590,-2.7,41.7841,16.0
591,-2.75,41.7507,2.5
592,-2.75,41.7007,36.2
593,-2.45,41.8174,0.5
594,-2.7333,41.4674,4.1
595,-3.1667,41.6007,27.2
596,-3.5,41.5674,6.4
597,-3.4,41.6174,2.2
598,-3.0,41.6007,3.9
599,1.2502,41.384,58.4
600,1.2502,41.3507,15.4
601,0.5835,41.184,41.7
602,1.2502,41.3007,22.2
603,0.5669,41.1174,36.0
604,0.6335,41.0507,30.2
605,0.6669,41.034,56.8
606,0.2669,40.734,9.3
607,0.5835,40.734,29.5
608,0.6002,40.7451,32.8
609,0.6335,40.7507,19.7
610,0.6669,40.784,32.8
611,0.6002,40.7674,32.8
612,0.6849,40.7785,46.7
613,0.5335,40.7674,30.4
614,0.8335,40.7174,34.0
615,0.6835,40.7007,35.4
616,0.7169,40.7007,34.4
617,0.3752,40.6257,29.3
618,0.4502,40.6007,62.6
619,1.2041,41.3799,46.4
620,1.1847,41.3904,42.8
621,-0.5665,40.984,42.6
622,-0.5499,40.884,46.5
623,-0.1165,40.884,52.9
624,-0.0665,40.784,8.4
625,-0.1332,40.8507,36.4
626,-0.7727,40.8157,19.2
627,-0.7704,40.8149,16.3
628,-0.7035,40.7674,6.9
629,-0.0998,40.8007,50.2
630,-0.0665,40.7674,59.0
631,-0.4999,40.534,28.5
632,-0.2998,40.5174,5.7
633,-1.5499,40.634,62.8
634,-1.6666,40.534,6.2
635,-0.8666,40.6507,23.3
636,-0.6499,40.534,24.4
637,-0.5999,40.5174,5.0
638,-1.4332,40.284,43.0
639,-1.4166,40.2007,4.1
640,-0.5999,40.284,2.2
641,-0.4665,40.3007,2.6
642,-0.2998,40.7174,48.0
643,-0.1832,40.834,40.0
644,-0.7688,40.8026,20.3
645,-0.7821,40.8046,19.3
646,-0.7777,40.7888,3.3
647,-0.7079,40.7693,12.6
648,-3.8,40.0507,2.6
649,-3.8,40.0174,9.2
650,-3.5667,39.984,25.4
651,-3.7167,39.9174,3.9
652,-3.6334,39.8507,21.9
653,-3.4667,39.9507,17.7
654,-3.3167,39.934,35.2
655,-3.4834,39.884,32.2
656,-3.2833,39.884,16.8
657,-3.55,39.8173,13.9
658,-3.7334,39.7007,4.4
659,-3.3667,39.784,13.3
660,-3.25,39.734,12.2
661,-3.4167,39.6673,0.2
662,-3.1167,39.784,67.0
663,-3.4167,39.6507,16.9
664,-3.6834,39.684,24.4
665,-3.7167,39.684,7.8
666,-3.3667,39.8507,16.3
667,-3.4334,39.634,48.4
668,-1.4499,40.134,19.8
669,-0.9332,39.8507,3.1
670,-1.2499,39.734,15.5
671,-1.0832,39.734,17.2
672,-1.1832,39.8173,4.0
673,-0.7165,39.7007,39.8
674,-0.6999,39.784,48.4
675,-0.4832,39.7007,7.7
676,-0.2498,39.7173,12.4
677,-0.1998,39.7007,30.9
678,-1.4332,39.5673,14.0
679,-1.1999,39.6007,52.1
680,-1.2166,39.534,25.2
681,-1.1332,39.484,25.8
682,-1.1666,39.6673,2.1
683,-0.9499,39.5507,2.7
684,-0.7999,39.6507,3.7
685,-0.8666,39.5173,11.8
686,-0.6999,39.534,37.9
687,-0.5999,39.7007,17.5
688,-0.5832,39.5673,38.9
689,-0.4332,39.584,16.3
690,-0.4332,39.5673,7.5
691,-0.3165,39.6007,18.1
692,-0.2832,39.584,43.8
693,-1.0999,39.4007,32.0
694,-1.0416,39.3882,30.0
695,-0.5499,38.8173,41.1
696,-0.5999,39.384,54.0
697,-0.6332,39.484,23.5
698,-0.5332,39.484,16.6
699,-0.4332,39.4507,13.0
700,-0.4499,39.334,10.8
701,-0.3165,39.3507,18.5
702,-0.5499,39.2673,36.1
703,-0.5165,38.7506,7.5
704,-0.3165,39.184,38.4
705,-1.2166,39.0673,8.0
706,-1.1999,39.0673,20.0
707,-1.0666,39.1007,95.0
708,-1.1832,39.034,40.0
709,-0.9666,39.1507,5.7
710,-0.8332,39.084,54.1
711,-0.6665,39.084,2.9
712,-0.5165,39.0173,33.9
713,-0.5999,38.7673,8.4
714,-0.2524,39.1015,35.2
715,-0.8832,38.934,25.6
716,-0.8166,38.834,56.6
717,-0.6832,38.984,50.0
718,-0.5665,38.9507,0.8
719,-0.5665,38.8506,47.0
720,-0.1998,38.884,2.0
721,-0.0332,38.8673,18.7
722,-0.0665,38.884,54.8
723,-0.8499,38.834,56.6
724,-0.6665,38.8006,41.3
725,-5.1501,42.1841,8.6
726,-5.2501,42.1674,3.1
727,-4.9834,42.0174,14.5
728,-5.2335,41.9841,0.4
729,-5.3001,41.9007,1.1
730,-4.9668,41.9174,9.6
731,-4.8501,41.8841,1.4
732,-5.3335,41.7841,3.4
733,-5.2168,41.7507,1.0
734,-4.7168,41.7841,3.5
735,-4.6834,41.8007,10.6
736,-4.6334,41.8174,5.8
737,-4.6168,41.8007,18.7
738,-4.6334,41.7507,6.0
739,-4.6001,41.7507,50.5
740,-4.3167,41.7507,23.9
741,-4.1501,41.7841,10.4
742,-4.1334,41.7341,47.8
743,-4.1001,41.7174,5.7
744,-4.9668,41.5174,11.9
745,-4.5001,41.6341,11.5
746,-4.5001,41.5841,0.5
747,-4.4501,41.6007,3.3
748,-4.4668,41.5674,0.9
749,-4.3667,41.6174,32.8
750,-4.2001,41.5674,8.7
751,-4.5334,41.3674,26.2
752,-5.0501,41.234,0.8
753,-3.1861,43.2027,0.4
754,-2.8667,43.2841,13.3
755,-2.8944,43.2891,3.1
756,-2.8055,43.3077,0.7
757,-5.6668,41.8007,0.6
758,-5.7668,41.5507,7.0
759,-5.3835,41.6507,4.0
760,-1.2499,42.1174,33.5
761,-1.1166,42.1174,44.9
762,-1.7499,41.9174,32.0
763,-1.7333,41.9507,36.9
764,-1.6999,41.9007,44.0
765,-1.6833,41.9007,41.1
766,-1.7499,41.8841,26.6
767,-1.6999,41.8716,24.9
768,-1.6824,41.8938,37.8
769,-0.5499,41.8007,48.6
770,-0.5332,41.7507,37.4
771,-5.1201,42.4608,1.1
772,-3.47,42.4808,25.6
773,-3.35,42.4908,1.3
774,-3.11,42.5208,2.2
775,-2.59,42.5308,1.3
776,-4.4401,42.3208,0.3
777,-4.3201,42.3408,1.2
778,-2.0999,42.4908,10.6
779,-4.1801,42.2708,44.0
780,-2.56,42.3608,2.4
781,-1.4399,42.4308,7.0
782,-1.3099,42.3608,11.1
783,-1.1899,42.3708,1.5
784,-0.3198,42.4108,1.0
785,-0.1998,42.4208,0.5
786,-5.4801,41.5807,1.0
787,-2.52,42.1907,2.3
788,-1.1799,42.2908,12.9
789,-1.0599,42.3007,25.8
790,-3.02,42.1007,22.7
791,-1.0399,42.2207,20.3
792,-0.5199,42.2307,31.3
793,-0.1698,42.2607,5.3
794,-0.0498,42.2707,1.2
795,-6.0602,41.3807,58.7
796,-2.25,42.0507,33.5
797,-1.3799,42.1007,37.7
798,-1.0299,42.1307,20.0
799,-0.5099,42.1407,2.3
800,-0.1498,42.1707,37.3
801,0.0702,42.1907,22.4
802,0.1902,42.2007,1.7
803,0.3102,42.2107,20.2
804,-2.23,41.5707,43.0
805,0.3202,42.1307,46.6
806,0.4402,42.1407,1.8
807,1.0802,42.1507,1.5
808,1.3102,42.1707,45.2
809,2.1903,42.2007,12.2
810,-3.55,41.3807,10.1
811,-3.08,41.4307,56.4
812,-2.57,41.4507,35.6
813,-0.9999,41.5607,35.4
814,0.3302,42.0407,0.3
815,1.0902,42.0707,22.6
816,1.2102,42.0807,16.3
817,1.3202,42.0807,4.2
818,1.4403,42.0907,28.2
819,1.5603,42.1007,8.5
820,2.3203,42.1207,32.7
821,-2.32,41.3907,1.8
822,-2.0799,41.4107,25.6
823,0.2302,41.5507,45.5
824,0.3502,41.5607,22.1
825,0.5802,41.5807,36.9
826,1.1002,41.5807,31.1
827,1.2202,41.5907,30.7
828,1.3402,42.0007,20.2
829,1.4503,42.0107,15.8
830,1.5703,42.0207,12.0
831,2.0903,42.0207,4.4
832,2.4403,42.0407,19.6
833,-4.0301,41.2007,46.1
834,1.3502,41.5207,16.6
835,1.4603,41.5207,21.7
836,1.5803,41.5307,27.2
837,2.1003,41.5407,0.3
838,-4.1201,41.1007,0.3
839,-4.0101,41.1207,0.6
840,-3.26,41.1607,30.2
841,-1.5299,41.2607,28.2
842,1.5903,41.4507,24.4
843,-5.5301,40.4906,69.2
844,-2.38,41.1307,11.4
845,-2.0299,41.1607,0.3
846,-1.2899,41.2007,34.8
847,-0.5399,41.2307,15.5
848,1.1302,41.3307,4.7
849,1.4903,41.3607,4.5
850,-3.11,41.0007,33.5
851,-2.13,41.0707,8.0
852,-2.0199,41.0807,49.8
853,0.1602,41.2007,55.7
854,0.4002,41.2207,57.1
855,0.5102,41.2307,15.0
856,1.0402,41.2507,48.6
857,1.2602,41.2607,60.5
858,-3.09,40.5207,1.5
859,-2.12,40.5807,13.2
860,-1.9999,40.5907,0.5
861,-1.2599,41.0307,60.2
862,-0.3899,41.0707,62.2
863,0.0602,41.1107,34.9
864,0.1802,41.1207,27.1
865,-4.2701,40.3407,37.1
866,-2.45,40.4607,65.4
867,-2.33,40.4707,50.9
868,-2.22,40.4907,4.4
869,-1.0099,40.5707,80.3
870,-0.2598,41.0007,55.2
871,-4.3701,40.2407,42.7
872,-2.2,40.4007,22.7
873,-2.0799,40.4107,32.1
874,-0.4799,40.4907,40.6
875,-4.2301,40.1707,62.5
876,-2.0699,40.3307,0.5
877,-1.4399,40.3507,21.9
878,-1.0999,40.3907,50.1
879,-0.0098,40.4507,26.6
880,0.1002,40.4607,42.5
881,0.3302,40.4807,3.0
882,-4.3301,40.0807,28.0
883,-3.25,40.1607,45.8
884,-1.5399,40.2607,5.7
885,-1.3099,40.2807,6.4
886,-1.1999,40.2907,28.5
887,-0.3399,40.3307,62.6
888,-2.49,40.1107,36.8
889,-2.0399,40.1607,6.3
890,-1.5199,40.1707,34.5
891,-1.2899,40.2007,58.2
892,-1.1799,40.2107,27.9
893,-0.5499,40.2307,14.6
894,-0.4399,40.2407,7.3
895,-5.0301,39.4607,55.7
896,-2.0199,40.0807,2.6
897,-1.5099,40.0907,74.2
898,-1.2799,40.1107,73.3
899,-1.1699,40.1207,21.2
900,-0.5399,40.1407,3.5
901,-0.4199,40.1607,24.8
902,-5.3401,39.3307,38.2
903,-2.12,39.5807,1.1
904,-1.4899,40.0107,1.6
905,-1.2599,40.0307,19.0
906,-1.0399,40.0507,13.2
907,-0.5199,40.0607,18.6
908,-0.4099,40.0707,51.5
909,-4.2501,39.3407,38.1
910,-1.5899,39.5107,77.6
911,-1.3599,39.5307,19.4
912,-1.1399,39.5507,41.1
913,-0.5099,39.5807,13.2
914,-0.3999,39.5907,20.3
915,-4.5701,39.2107,13.5
916,-1.5699,39.4307,58.6
917,-1.4599,39.4407,23.8
918,-1.2299,39.4607,23.4
919,-1.0099,39.4807,18.6
920,-4.1001,39.1907,2.8
921,-3.48,39.2107,49.2
922,-1.3299,39.3607,9.9
923,-4.3101,39.0707,0.5
924,-2.28,39.2207,52.8
925,-1.3199,39.2807,5.5
926,-5.0201,38.5506,42.8
927,-1.1899,39.2107,61.5
928,-1.0799,39.2207,55.5
929,-0.5699,39.2307,24.4
930,-7.1202,38.2706,69.3
931,-2.58,39.0107,2.5
932,-4.3601,38.4106,24.9
933,-2.23,38.5706,36.0
934,-3.39,38.3906,69.0
935,-3.59,38.2806,18.5
936,-2.2,38.4006,12.2
937,-2.09,38.4106,2.8
938,-3.34,38.1406,83.4
939,-2.39,38.2106,35.2
940,-4.3701,37.5706,51.3
941,-2.48,38.1106,4.5
942,-2.37,38.1206,52.6
943,-2.26,38.1306,38.2
944,-2.15,38.1506,41.5
945,-1.5299,38.1706,57.9
946,-6.4502,37.3006,2.4
947,-2.57,38.0106,76.1
948,-2.46,38.0206,0.3
949,-2.35,38.0406,18.1
950,-2.14,38.0606,57.1
951,-3.5,37.4606,15.1
952,-2.56,37.5306,11.9
953,-2.34,37.5506,63.8
954,-2.23,37.5606,61.6
955,-2.0099,37.5906,58.9
956,-1.4999,38.0006,53.8
957,-6.4102,37.1306,0.9
958,-5.4701,37.2106,38.7
959,-3.27,37.4006,1.7
960,-2.54,37.4406,75.8
961,-2.1,37.4906,27.8
962,-3.47,37.2906,72.1
963,-2.52,37.3606,14.0
964,-4.0601,37.1806,12.1
965,-3.56,37.1906,74.6
966,-3.45,37.2106,48.0
967,-3.34,37.2206,90.5
968,-2.51,37.2706,26.8
969,-3.43,37.1206,92.8
970,-3.22,37.1506,1.0
971,-2.38,37.2006,3.6
972,1.2702,41.1707,12.2
973,1.5103,41.1907,7.3
974,1.3302,39.0106,44.4
975,-0.4599,42.5708,3.1
976,-0.0598,40.0207,5.4
977,-6.1668,36.9673,24.0
978,-6.0168,36.9339,15.8
979,-5.9335,36.9839,12.1
980,-5.7668,37.1839,8.6
981,-2.5501,37.7366,16.8
982,-5.4169,36.767,39.5
983,-5.4168,36.7673,0.3
984,-5.4168,36.7673,0.7
985,-5.3495,36.7499,17.9
986,-5.3502,36.7516,41.5
987,-5.3501,36.7506,0.9
988,-5.3497,36.7508,0.4
989,-5.3501,36.7506,0.6
990,-0.0498,38.7006,1.15
991,-0.0498,38.8006,3.2
992,-1.7999,38.1006,6.82
993,-0.6999,38.1006,54.0
994,-0.6999,38.1006,49.0
995,-1.2335,38.2507,35.8
996,-1.2332,38.2506,5.4
997,-1.2005,38.2707,23.6
998,-1.202,38.2675,54.02
999,-1.2,38.2673,41.28
1000,-1.2018,38.2786,40.52
1001,-1.1999,38.2673,21.64
1002,-1.2001,38.2675,46.56
1003,-1.2011,38.2673,18.48
1004,-1.2017,38.2674,52.36
1005,-1.2017,38.2674,18.82
1006,-1.1999,38.2686,42.42
1007,-1.2005,38.269,17.2
1008,1.999,41.3332,12.04
1009,0.0502,41.3674,2.86
1010,0.0502,41.3007,2.45
1011,0.0835,41.3841,6.53
1012,-1.2828,37.6004,11.3
1013,-1.2999,37.6005,6.7
1014,-1.3001,37.6008,0.2
1015,-1.3499,37.5673,2.4
1016,-1.2832,37.5969,58.2
1017,-1.2666,37.6339,33.7
1018,-1.2914,37.5974,53.8
1019,-1.2825,37.5982,6.3
1020,-1.3499,37.5999,25.7
1021,-1.2833,37.5999,67.1
1022,-2.0166,38.1506,34.5
1023,-1.9999,38.1673,1.7
1024,-1.9333,38.184,17.8
1025,-1.9499,38.184,49.4
1026,-1.8999,38.1006,46.0
1027,-1.8999,38.1506,37.6
1028,-2.0833,38.0173,62.1
1029,-1.8521,38.1005,74.5
1030,-1.8833,38.1173,44.3
1031,-1.7333,37.6674,2.0
1032,-1.6833,37.5839,7.4
1033,-1.6529,37.7173,5.0
1034,-1.5666,37.4839,0.1
1035,-1.6333,37.734,7.6
1036,-1.6501,37.7075,12.5
1037,-1.7331,37.6673,6.5
1038,-1.5499,37.6339,32.0
1039,-1.7999,37.5506,35.9
1040,-1.6499,37.6506,3.2
1041,-1.5999,37.5506,27.9
1042,-1.6666,37.6339,44.4
1043,-1.7333,37.6506,5.3
1044,-0.3999,38.4673,60.11
1045,-0.3757,38.5028,57.25
1046,0.6338,41.6341,3.4
1047,0.6335,41.6341,25.2
1048,0.6502,41.5507,9.2
1049,0.6502,41.5341,46.7
1050,0.9169,41.8674,6.7
1051,0.7669,41.6507,36.9
1052,0.7835,41.6507,26.7
1053,0.9669,41.5507,11.2
1054,0.5502,41.7507,22.5
1055,0.6335,41.8174,13.3
1056,0.6669,41.6507,5.9
1057,0.6335,41.7174,2.8
1058,0.6502,41.7007,4.8
1059,0.7502,41.334,10.4
1060,0.7669,41.7507,25.8
1061,0.8002,41.7341,10.9
1062,0.6169,41.7507,25.2
1063,0.7169,41.6007,6.3
1064,-0.5332,41.4674,62.6
1065,0.7669,41.8674,15.7
1066,0.7002,41.9174,22.7
1067,0.4853,41.6943,2.6
1068,0.6007,41.6007,2.2
1069,0.6669,41.5841,4.4
1070,0.6002,41.6015,4.5
1071,0.6002,41.5841,35.9
1072,0.7169,41.5174,56.8
1073,0.9669,41.4007,29.8
1074,0.8335,41.4341,37.5
1075,0.9502,41.8007,20.6
1076,-0.9332,41.7841,32.8
1077,-0.9342,41.7829,19.8
1078,-0.9329,41.7833,22.3
1079,0.8335,41.8841,25.9
1080,0.7835,41.8841,27.8
1081,-0.9666,41.5507,55.6
1082,-0.7499,41.4507,52.1
1083,-0.3665,41.2007,29.0
1084,-0.3332,41.1836,29.0
1085,-0.3336,41.1841,39.5
1086,-0.4665,41.0674,6.9
1087,-0.4665,41.1174,9.9
1088,-0.5497,41.1674,39.8
1089,-0.5499,41.1674,59.3
1090,-0.883,41.4353,17.0
1091,-0.8832,41.4341,37.5
1092,0.6668,41.6507,25.8
1093,0.6671,41.6507,14.6
1094,0.6665,41.6505,29.8
1095,-0.5663,41.4007,48.7
1096,-0.5665,41.4012,51.2
1097,-0.4332,41.3174,33.9
1098,-0.4332,41.3172,23.6
1099,-0.4665,41.334,14.8
1100,-0.4624,41.3344,9.2
1101,-0.4476,41.3372,18.4
1102,-0.4165,41.4174,61.3
1103,-0.4165,41.4175,31.9
1104,-0.4165,41.3841,7.8
1105,0.6669,41.6174,3.9
1106,0.6502,41.6007,26.1
1107,0.6669,41.6007,31.8
1108,-0.7499,38.484,12.9
1109,-0.7499,38.6173,12.7
1110,-0.6603,38.6002,21.2
1111,-0.7332,38.484,41.9
1112,-0.6844,38.5646,16.5
1113,-0.5665,38.534,58.5
1114,-0.6499,38.584,61.1
1115,-0.7614,38.6975,12.9
1116,-0.7165,38.534,57.6
1117,-0.7165,38.6673,65.5
1118,-0.6499,38.7173,35.3
1119,-0.5499,38.5506,8.6
1120,-0.6646,38.5521,65.4
1121,-0.6665,38.7006,21.5
1122,-0.7165,38.4673,70.1
1123,-0.6832,38.634,70.9
1124,1.501,42.0,32.9
1125,2.0015,41.3188,12.5
1126,2.0003,41.3174,18.21
1127,2.0,41.32,7.13
1128,1.9927,41.3187,1.71
1129,2.0003,41.3174,3.96
1130,2.0006,41.3219,25.21
1131,2.0005,41.3199,1.54
1132,0.0166,41.3507,7.75
1133,0.0168,41.3341,19.33
1134,0.0153,41.3341,3.54
1135,0.0167,41.334,1.67
1136,0.0166,41.3337,24.92
1137,0.0162,41.3341,41.0
1138,1.9926,41.3336,24.58
1139,0.0167,41.3507,20.58
1140,0.0169,41.351,27.92
1141,2.0019,41.338,19.92
1142,1.9827,41.3352,1.25
1143,2.0003,41.3349,1.71
1144,1.9985,41.3371,19.0
1145,1.9992,41.3341,3.5
1146,1.9939,41.333,12.04
1147,1.9986,41.3342,2.86
1148,-0.1335,42.6183,7.2
1149,-0.1314,42.6179,20.0
1150,-0.1281,42.6218,8.5
1151,-0.1349,42.6181,1.6
1152,-0.1333,42.6174,13.4
1153,-0.1307,42.6188,16.4
1154,-0.1271,42.619,4.0
1155,-0.1204,42.621,3.0
1156,-0.1329,42.6221,0.5
1157,-0.1137,42.617,4.8
1158,-0.1129,42.6207,0.9
1159,-2.3333,42.0674,24.0
1160,-0.8165,41.7341,30.77
1161,-0.7832,41.6674,23.43
1162,-0.8999,42.0507,36.54
1163,-0.6999,41.6174,24.02
1164,-1.6666,41.8341,0.84
1165,-3.6667,38.834,9.12
1166,-2.5512,37.7506,16.8
1167,-2.7333,37.5506,33.6
1168,-2.5645,37.5833,28.8
1169,-2.5704,37.584,24.9
1170,-2.5666,37.5839,38.9
1171,-2.5666,37.584,35.6
1172,-2.5662,37.5841,35.5
1173,-2.7,37.6006,46.1
1174,-3.7167,37.1005,23.4
1175,-3.718,37.0997,24.7
1176,-3.9167,37.0839,44.7
1177,-3.6,39.8673,21.9
1178,-3.4667,39.7673,13.9
1179,-1.9499,43.0008,0.68
1180,-2.0666,42.8175,2.52
1181,-2.3833,37.6173,25.8
1182,-2.2333,37.6506,70.7
1183,-2.3833,37.5506,1.7
1184,-2.4498,37.6006,26.4
1185,-2.4506,37.6006,22.8
1186,-2.45,37.5999,18.8
1187,-1.8666,37.0506,0.1
1188,-1.83,37.3808,9.37
1189,-1.8275,37.0504,49.7
1190,-1.8162,37.1673,37.3
1191,-1.8333,37.1339,3.7
1192,-1.8499,37.1339,2.5
1193,-1.8999,37.1673,0.64
1194,-1.7666,37.3173,17.4
1195,-1.816,37.1673,2.3
1196,-1.8333,37.1506,11.5
1197,-1.8499,37.1173,25.0
1198,-1.8333,37.1839,34.1
1199,-1.8333,37.2006,20.4
1200,-1.8999,37.0506,25.7
1201,-2.2166,36.7673,3.5
1202,-2.2,36.8173,1.5
1203,-2.05,36.8173,0.6
1204,-2.1166,36.7839,2.9
1205,-2.233,36.7854,9.1
1206,-2.2189,36.7643,0.3
1207,-2.2166,36.7673,1.2
1208,-2.1189,37.3665,13.7
1209,-1.8999,37.4839,20.3
1210,-2.0666,37.4673,25.5
1211,-2.3666,37.0506,4.8
1212,-1.8666,37.4673,31.7
1213,-2.1166,37.3673,3.8
1214,-2.1,37.684,60.0
1215,-2.1361,37.5039,77.7
1216,-1.8502,38.1017,77.4
1217,-2.5666,37.4839,46.0
1218,-1.7002,37.6643,7.6
1219,-1.7002,37.6675,31.3
1220,-2.45,37.7003,62.56
1221,-2.45,37.7006,62.89
1222,-2.4553,37.7007,53.73
1223,-2.8833,37.3173,1.7
1224,-3.1333,37.3009,22.0
1225,-2.8333,37.2839,36.2
1226,-3.1167,37.2839,20.0
1227,-2.9833,37.3173,61.0
1228,-2.95,37.3339,69.0
1229,-2.9992,37.1673,1.0
1230,-3.15,37.3006,1.0
1231,-3.1831,37.3173,1.0
1232,-2.8667,37.2173,4.0
1233,-2.8333,37.3839,32.0
1234,-2.7167,37.4673,2.0
1235,-2.8333,37.4173,12.0
1236,-2.5833,37.3339,4.0
1237,-2.7649,37.483,3.0
1238,-2.5833,37.3673,18.0
1239,-2.5833,37.4499,34.0
1240,-2.75,37.4576,40.0
1241,-2.749,37.4704,35.0
1242,-2.7644,37.4666,9.0
1243,-2.7667,37.4673,40.0
1244,-2.8167,37.1006,12.0
1245,-2.7667,37.3506,37.0
1246,-2.7499,37.4673,50.0
1247,-2.7,38.0006,25.7
1248,-2.7,38.0006,39.2
1249,-2.6998,37.9766,24.9
1250,-2.9266,37.9006,9.8
1251,-2.9,37.9006,41.1
1252,-2.9667,37.9006,7.07
1253,-2.9501,38.0673,15.44
1254,-2.9477,38.0662,7.76
1255,-2.9594,38.0673,13.22
1256,-2.9467,38.0667,1.89
1257,-2.6166,42.5174,37.4
1258,-2.9019,37.8985,2.37
1259,-2.8833,37.9006,9.37
1260,-2.95,38.0674,3.95
1261,-2.9003,37.9003,0.79
1262,-4.2667,43.0674,2.3
1263,-3.4334,40.1673,27.3
1264,-3.4294,40.1674,28.1
1265,-3.4167,40.1507,30.4
1266,-1.6164,41.9507,18.5
1267,-1.6833,41.8174,2.43
1268,-1.5999,41.8841,4.4
1269,-1.6006,41.8841,34.0
1270,-6.0668,37.0839,12.9
1271,-6.0668,37.0839,9.9
1272,1.9832,42.3174,0.5
1273,1.9837,42.3175,0.9
1274,1.9836,42.3174,0.5
1275,1.9836,42.3174,0.5
1276,1.9834,42.3183,0.6
1277,0.6013,41.7854,19.4
1278,0.5993,41.7674,22.9
1279,-0.2666,39.0674,4.9
1280,-6.4107,37.0862,1.4
1281,-6.473,36.8147,0.6
1282,-6.4781,37.0456,0.5
1283,-6.478,36.967,0.5
1284,-6.4784,37.016,0.5
1285,-6.3668,37.1673,0.5
1286,-6.4003,37.0784,0.5
1287,-6.3445,36.8179,15.4
1288,-6.3668,36.8173,12.2
1289,-6.3786,37.0768,0.1
1290,-6.3917,37.0857,9.8
1291,-6.479,37.0457,23.4
1292,-6.4848,37.0335,22.4
1293,-6.3669,37.2839,6.7
1294,-6.2327,37.3003,16.2
1295,-6.2329,37.3043,20.2
1296,-6.235,37.3108,19.7
1297,-6.2322,37.3007,12.5
1298,-6.2335,37.3006,23.9
1299,-6.3668,37.2839,7.8
1300,-6.5019,37.2506,0.7
1301,-6.2337,37.3052,23.5
1302,-6.5002,37.2506,18.0
1303,-6.5502,37.2506,21.7
1304,-6.2322,37.3006,7.2
1305,-6.2321,37.3137,29.7
1306,-6.3668,37.284,0.4
1307,-6.3668,37.2837,17.4
1308,-6.4168,37.0672,8.1
1309,-6.4928,37.079,1.5
1310,0.0335,42.2841,0.9
1311,0.0335,42.2841,0.5
1312,0.0337,42.2842,0.6
1313,0.0335,42.2841,0.5
1314,0.0334,42.2841,0.5
1315,2.6502,39.6831,10.33
1316,2.6501,39.6832,47.28
1317,2.6503,39.6842,56.8
1318,2.65,39.6826,13.04
1319,2.8003,39.5673,2.37
1320,3.0003,39.3507,30.99
1321,2.0003,41.3174,0.9
1322,0.0502,41.284,18.1
1323,0.0668,41.2674,3.3
1324,1.2502,42.1174,0.1
1325,-1.0666,39.1173,1.36
1326,-1.1166,39.084,40.77
1327,-1.1499,39.134,14.61
1328,-1.0832,39.0673,58.45
1329,-1.1999,39.0173,20.2
1330,-0.9832,39.0507,46.74
1331,-0.9832,39.084,42.72
1332,-0.9832,39.1673,39.29
1333,-1.2166,39.0673,8.1
1334,-0.9666,39.1007,5.47
1335,-0.9332,39.0173,0.1
1336,-1.1666,39.134,15.85
1337,-1.1832,39.134,7.57
1338,-0.8999,39.1673,8.46
1339,-0.8999,39.1007,14.39
1340,-1.2166,39.084,49.18
1341,-1.0999,39.0673,9.9
1342,-7.9453,41.8767,25.1
1343,1.7669,41.8841,40.8
1344,1.7169,41.8674,3.6
1345,1.717,41.8674,27.1
1346,1.7836,41.9507,24.8
1347,1.7837,41.9504,22.7
1348,0.8999,41.3341,46.0
1349,0.8836,41.3507,23.0
1350,0.8836,41.3508,6.0
1351,0.8502,41.3674,28.0
1352,0.8335,41.3674,59.0
1353,0.8502,41.3507,65.96
1354,0.9002,41.334,26.0
1355,0.8824,41.3504,8.0
1356,0.9002,41.3507,23.0
1357,1.9169,41.3174,24.33
1358,1.9169,41.3165,14.5
1359,1.9166,41.3176,20.8
1360,1.9175,41.3153,13.8
1361,1.917,41.3186,14.1
1362,-4.0667,39.9007,3.0
1363,-5.05,41.8841,20.0
1364,-5.1501,42.0341,1.4
1365,-5.0501,41.883,4.8
1366,-4.3167,41.5007,53.6
1367,-4.5514,41.4007,43.0
1368,-4.1167,41.5841,30.7
1369,-5.1835,41.784,46.0
1370,-4.2001,41.5007,0.78
1371,-4.5501,41.3999,6.9
1372,-4.4501,41.5173,5.5
1373,-4.9334,41.7841,6.2
1374,-4.4487,41.5174,46.4
1375,-4.6872,41.2831,1.6
1376,3.9671,40.0507,5.9
1377,3.9005,39.9841,8.33
1378,3.8837,40.0505,3.69
1379,3.9005,39.9839,41.25
1380,3.901,39.9836,54.75
1381,3.9004,40.0506,9.5
1382,3.9007,40.0504,29.71
1383,3.8837,40.0507,12.76
1384,3.884,40.0523,10.37
1385,3.9003,39.984,60.54
1386,3.9,39.984,10.25
1387,3.9004,39.9846,48.28
1388,-2.1166,36.8006,4.8
1389,-2.05,36.8339,5.2
1390,-0.5499,42.2007,24.56
1391,-0.4323,41.9506,23.6
1392,-0.4327,41.9507,23.83
1393,-0.4326,41.9503,24.7
1394,-0.15,41.4337,4.2
1395,-0.4333,41.9507,24.7
1396,-0.1499,41.4336,13.1
1397,-0.1498,41.4341,29.4
1398,-4.9501,40.934,9.3
1399,-3.1667,40.7674,9.3
1400,-2.55,41.1174,6.4
1401,-1.8666,40.984,32.0
1402,-3.0833,40.7507,6.2
1403,-3.15,40.734,0.5
1404,-2.6667,40.784,23.5
1405,-0.2332,41.5841,18.72
1406,-0.2332,41.5841,18.72
1407,-0.2998,41.5507,6.2
1408,-0.3999,41.5677,31.56
1409,-0.3999,41.5674,27.1
1410,-0.3665,41.5842,31.54
1411,-0.3665,41.5841,27.32
1412,-0.5665,42.7341,3.1
1413,-0.5665,41.5507,24.1
1414,-0.5665,41.5341,29.8
1415,-0.5156,41.534,30.49
1416,-0.6665,41.1174,24.7
1417,-0.6999,41.1174,32.1
1418,-0.6165,40.7507,51.5
1419,-0.5665,40.784,58.8
1420,0.1335,42.3674,13.8
1421,-1.851,38.1008,43.0
1422,-1.851,38.1006,63.4
1423,-1.8495,38.1007,46.6
1424,-1.8499,38.1018,42.8
1425,-1.8511,38.1011,53.1
1426,-2.7666,37.4838,19.0
1427,-2.7647,37.4839,36.0
1428,-2.7665,37.4832,3.0
1429,-2.7667,37.4839,42.0
1430,-2.7667,37.4839,38.0
1431,-2.7671,37.4843,48.0
1432,-2.767,37.4837,48.0
1433,-2.7659,37.4872,12.0
1434,-2.7673,37.4861,61.0
1435,-1.7001,37.6669,43.6
1436,-1.7001,37.6648,7.2
1437,-1.8166,37.5673,4.8
1438,-1.7,37.6673,42.8
1439,-2.7649,37.4873,5.0
1440,-1.6998,37.6672,2.0
1441,-1.4298,37.6011,28.2
1442,-4.6501,37.5173,15.6
1443,-1.6999,37.6678,12.1
1444,-1.2344,37.7341,26.7
1445,-1.4331,37.6022,35.2
1446,-2.1833,37.3506,23.6
1447,-2.15,37.3839,4.11
1448,-2.4666,37.3339,43.3
1449,-2.3666,37.3506,14.8
1450,-2.5,37.3506,26.6
1451,-2.4055,37.8026,12.7
1452,-2.2666,37.5839,29.82
1453,-1.9833,37.0006,27.1
1454,-2.6333,37.2839,4.6
1455,-1.9499,36.9506,56.3
1456,-2.05,36.8673,32.0
1457,-2.1166,36.8673,47.7
1458,-2.1333,36.9673,0.8
1459,-2.1333,36.8506,8.7
1460,-2.1255,36.9407,7.32
1461,-2.0666,36.9339,5.8
1462,-2.1166,36.9339,2.5
1463,-2.0166,36.8506,3.8
1464,-2.1186,36.7612,0.2
1465,-1.9604,37.0005,1.1
1466,-1.8333,37.2339,10.6
1467,-2.0833,37.684,48.67
1468,-0.9999,38.134,46.3
1469,-1.8666,37.8506,69.03
1470,-2.1666,37.7173,44.78
1471,-2.0333,37.8006,53.04
1472,-2.15,38.234,5.3
1473,-2.1006,38.2173,0.9
1474,-1.8999,38.3006,22.1
1475,-2.0935,38.2172,55.1
1476,-2.1,38.2174,50.0
1477,-2.1031,38.2173,57.9
1478,-1.8999,38.3173,18.3
1479,-3.2833,36.9006,13.43
1480,-3.3833,36.8839,10.6
1481,-3.3834,36.8839,2.19
1482,-3.0167,37.3339,41.9
1483,-3.0667,37.184,10.5
1484,-3.0667,37.1822,30.0
1485,-1.8999,39.9674,0.4
1486,-3.1333,37.1673,1.0
1487,-2.05,36.9506,7.0
1488,-2.4333,36.8339,9.13
1489,-2.2166,36.8839,12.12
1490,-2.0666,37.1839,4.55
1491,-1.8666,37.2506,10.92
1492,-2.1833,37.2839,8.31
1493,-2.1833,37.284,21.65
1494,-1.9794,37.2516,30.75
1495,-2.1833,37.3173,39.22
1496,-1.8102,37.2497,14.35
1497,-2.4406,37.5344,48.66
1498,-2.7167,37.7173,54.69
1499,-2.4515,37.5941,49.14
1500,-2.4333,37.5839,68.37
1501,-2.2,37.8006,59.0
1502,-2.1833,37.7173,83.92
1503,-2.4518,37.534,53.68
1504,-2.45,37.5339,41.28
1505,-2.4527,37.5898,40.73
1506,-2.4166,37.6173,43.08
1507,-2.443,37.5348,21.31
1508,-2.4833,37.5839,2.51
1509,-2.4497,37.534,17.46
1510,-2.4388,37.5339,24.34
1511,-2.4459,37.5956,54.21
1512,-2.3665,37.8174,57.42
1513,-2.3666,37.8173,51.18
1514,-2.2833,37.8173,58.43
1515,-2.45,37.53,66.43
1516,-2.4833,37.5339,8.0
1517,-2.2838,37.5688,22.7
1518,-2.4,37.6006,15.4
1519,-2.25,37.5506,1.0
1520,-2.3833,37.6006,11.0
1521,-1.8999,37.9506,61.2
1522,-1.8499,38.1002,31.1
1523,-1.8499,38.1006,37.7
1524,-1.6992,37.6672,58.7
1525,-1.8505,38.1004,57.7
1526,-1.8505,38.1007,43.7
1527,-1.8504,38.1009,51.3
1528,-3.1991,36.7839,0.1
1529,-3.2,36.7839,0.1
1530,-0.9999,41.8341,10.9
1531,-1.8333,41.4341,4.7
1532,-1.4666,41.7674,39.6
1533,-3.5167,36.7506,19.6
1534,-3.3167,36.7506,0.1
1535,-1.4996,37.7673,34.6
1536,-1.4157,37.8506,29.3
1537,-1.4149,37.8503,34.2
1538,-1.4999,37.7683,44.0
1539,-1.4166,37.8506,38.8
1540,-1.1861,37.7335,32.9
1541,-1.2666,37.6839,23.1
1542,-3.5,38.2006,0.96
1543,-3.3667,38.0173,43.48
1544,-3.9501,37.7173,35.97
1545,-0.9499,37.734,24.2
1546,-0.951,37.734,16.25
1547,-1.0332,37.5839,21.9
1548,-0.8166,37.6505,2.5
1549,-3.6334,37.1006,34.6
1550,-0.9832,37.7173,21.6
1551,-0.9666,37.7173,20.7
1552,-0.8163,37.6506,1.5
1553,-1.2332,37.7673,24.6
1554,-0.8173,37.6504,5.7
1555,-1.2332,37.7343,18.8
1556,-1.3888,37.8034,23.9
1557,-1.3888,37.7978,8.8
1558,-1.4082,37.7784,0.4
1559,-1.4096,37.7784,16.7
1560,-5.0334,41.8841,4.8
1561,-5.5501,41.0674,1.3
1562,-0.1665,42.0341,30.0
1563,-0.1665,42.0351,31.0
1564,-0.1658,42.034,4.0
1565,-0.1655,42.0343,4.7
1566,-0.166,42.0341,31.0
1567,-2.1833,42.6508,27.83
1568,-2.1833,42.6508,29.81
1569,-2.1837,42.6508,33.22
1570,-2.1333,42.6508,23.87
1571,-2.1833,42.6635,35.64
1572,-2.1833,42.6499,31.13
1573,-2.184,42.6508,21.58
1574,-2.1915,42.6524,36.48
1575,-3.2,38.2506,51.0
1576,0.1343,41.434,71.0
1577,0.1335,41.4348,24.0
1578,0.1335,41.4341,27.0
1579,-0.5999,41.5674,19.9
1580,-0.5165,41.5352,38.1
1581,-0.5995,41.5675,26.22
1582,-0.533,41.5341,39.6
1583,-0.7196,41.5716,22.2
1584,-0.5331,41.5373,31.5
1585,-0.4665,41.4841,19.42
1586,-0.8396,41.5721,24.28
1587,-0.4665,41.4341,23.05
1588,2.1804,41.6189,0.36
1589,2.1565,41.6201,37.09
1590,2.1448,41.6235,8.95
1591,1.9532,41.6288,14.27
1592,2.0728,41.6236,47.03
1593,1.8336,41.6341,2.57
1594,-0.9077,42.0007,10.9
1595,-0.8582,42.0007,36.7
1596,-2.4666,42.5674,50.0
1597,-1.0332,37.6673,17.8
1598,-1.2334,37.734,29.8
1599,-3.4167,40.184,23.0
1600,-3.4167,40.134,38.1
1601,-3.8501,42.0174,42.0
1602,-3.85,42.0174,41.0
1603,-4.5756,37.6506,36.0
1604,-4.7268,37.5556,52.1
1605,-4.6168,37.4673,27.0
1606,-4.5543,37.4631,67.3
1607,-4.5901,37.432,58.1
1608,-4.5801,37.5478,58.1
1609,-4.4901,37.5267,68.1
1610,-4.6168,37.4676,14.0
1611,-1.4996,42.2007,24.9
1612,-1.4999,42.2006,27.35
1613,-0.5677,42.7363,3.1
1614,-5.6834,41.4348,53.0
1615,-5.6794,41.4706,47.4
1616,-5.6903,41.4274,44.7
1617,-5.6278,41.296,36.1
1618,-5.6048,41.3874,45.8
1619,-5.6077,41.3958,45.1
1620,-5.6427,41.3466,28.7
1621,-5.6644,41.4114,36.6
1622,-5.6494,41.4499,24.7
1623,-5.6281,41.385,54.7
