,Longitude,Latitude,Litho [%] (Coarse material)
0,-5.0113,41.4899,0.05
1,-2.7363,42.4142,16.2
2,-4.267,41.3465,0.3
3,-6.6181,38.5071,22.67
4,-1.7449,41.7826,43.75
5,-3.1805,41.3507,10.98
6,-5.0324,41.5823,3.67
7,-2.0805,40.1132,1.43
8,-4.1922,43.1491,11.92
9,-5.9305,42.8624,63.3
10,-5.0741,40.2521,48.11
11,-2.2579,41.0124,37.19
12,-4.5457,41.3026,6.48
13,-1.2815,42.9428,13.18
14,-5.0051,40.3028,40.33
15,-3.9262,41.1259,32.42
16,-3.2111,42.3142,30.62
17,-2.7113,41.9461,52.01
18,-2.7784,42.0553,8.41
19,-2.8216,42.0153,56.85
20,-2.479,42.0504,15.98
21,-2.4564,41.9906,21.83
22,-1.8392,41.8179,68.96
23,-1.8564,41.8224,73.49
24,-2.55,42.8174,0.13
25,-2.65,42.6008,79.62
26,-2.6,42.7841,2.33
27,-1.8278,43.3536,1.05
28,-1.8778,43.3292,2.9
29,-1.8097,43.3272,6.21
30,-1.8053,43.2903,31.17
31,-1.8458,43.2856,19.95
32,-1.9423,43.1386,36.1
33,-2.0039,43.1434,28.23
34,-1.9619,43.222,2.55
35,-2.0256,43.2764,9.61
36,-2.1122,43.2458,8.17
37,-2.1597,43.2397,8.93
38,-2.3111,43.2703,7.36
39,-2.2597,43.1883,56.33
40,-2.4067,43.2347,13.97
41,-2.2039,43.1758,52.21
42,-2.3242,43.1697,16.04
43,-2.5042,43.1625,12.28
44,-2.1068,43.1096,1.76
45,-2.1082,43.1153,35.14
46,-2.3794,43.1286,0.31
47,-2.3939,43.1022,16.09
48,-2.0811,43.0619,8.03
49,-2.2722,43.0625,25.39
50,-2.4047,43.0406,36.87
51,-2.4792,43.0708,1.17
52,-2.1817,42.9764,0.08
53,-2.2883,42.9828,10.42
54,-2.5264,43.0064,10.71
55,-2.5644,42.9995,12.19
56,-2.47,42.8764,0.29
57,-2.5128,42.8961,0.87
58,-2.6256,43.0492,12.08
59,-2.6044,43.0245,2.8
60,-2.5411,43.0389,8.91
61,-2.5894,43.0106,15.21
62,-2.5439,43.0536,14.37
63,-2.6017,43.0092,7.97
64,-2.9528,43.0397,6.21
65,-2.9469,43.017,0.46
66,-3.0381,43.1083,3.99
67,-3.0772,43.0925,8.66
68,-3.0628,43.1217,76.86
69,-3.0314,43.1408,2.37
70,-2.8353,43.1508,25.84
71,-2.7644,43.3989,54.09
72,-2.7586,43.38,2.99
73,-2.6347,43.3717,0.8
74,-2.6931,43.312,48.88
75,-2.4728,43.2531,9.9
76,-2.5847,43.2981,27.0
77,-2.5828,43.2839,23.41
78,-2.6144,43.2933,7.61
79,-2.5833,43.1956,4.25
80,-2.6272,43.2064,9.12
81,-2.6222,43.2047,0.17
82,-2.6506,43.1683,4.52
83,-2.6611,43.1597,2.85
84,-2.6494,43.1439,3.61
85,-2.65,43.1917,4.59
86,-2.6503,43.1358,11.85
87,-2.6569,43.0772,4.48
88,-2.7069,43.0753,11.24
89,-2.7714,43.1267,6.04
90,-2.7961,43.1053,3.95
91,-2.7872,43.1122,7.48
92,-2.8333,43.2597,0.63
93,-2.8347,43.2586,0.57
94,-2.8528,43.2228,1.66
95,-2.87,43.2397,3.62
96,-2.8397,43.1467,5.51
97,-2.8394,43.1439,23.71
98,-2.9711,43.0953,34.89
99,-2.9367,43.132,6.16
100,-3.0986,43.2975,4.08
101,-3.0917,43.1995,3.05
102,-3.0828,43.1772,7.05
103,-3.0597,43.1764,1.43
104,-3.2214,43.2014,19.07
105,-3.1314,43.19,5.1
106,-3.1714,43.2617,39.98
107,-3.1772,43.2603,0.32
108,-3.2097,43.2142,0.16
109,-3.2481,43.2758,1.71
110,-3.2439,43.2731,8.09
111,-3.2592,43.2753,2.01
112,-3.3228,43.2106,29.72
113,-3.3678,43.2417,68.81
114,-3.1994,43.3103,20.52
115,-3.1717,43.3108,0.45
116,-3.2361,43.3422,36.15
117,-3.2772,43.3881,0.13
118,-5.2927,36.5603,31.75
119,-5.2752,36.566,34.55
120,-4.9962,41.1533,24.38
121,-4.5422,39.6631,42.54
122,-2.7006,43.2814,1.11
123,-4.4882,41.2676,8.46
124,-3.2814,43.3736,0.11
125,-3.2861,43.2981,0.24
126,-3.3278,43.3078,0.1
127,-3.8971,43.1429,27.04
128,-3.889,43.2828,51.4
129,-3.9195,43.2854,0.62
130,-3.9191,43.2566,3.04
131,-4.113,43.3033,0.72
132,-4.0138,43.2471,0.79
133,-4.0744,43.2264,41.69
134,-4.101,43.3043,0.55
135,-4.2708,43.3475,0.31
136,-4.2928,43.3439,2.25
137,-4.2844,43.3425,0.09
138,-5.2561,43.4453,1.34
139,-5.2147,43.4314,32.42
140,-5.2117,43.4356,61.38
141,-5.3128,43.3342,0.16
142,-5.4683,43.3433,2.25
143,-5.5061,43.4861,52.42
144,-5.4819,43.4856,69.08
145,-5.4911,43.4272,7.59
146,-5.535,43.4631,19.53
147,-6.1028,43.5144,80.6
148,-6.2792,43.417,10.34
149,-6.2869,43.3675,7.78
150,-6.2875,43.4433,2.71
151,-6.3458,43.4458,34.86
152,-6.398,43.4447,22.05
153,-7.0744,43.5192,37.5
154,-7.1403,43.46,14.4
155,-7.564,43.4731,5.74
156,-7.5662,43.6281,8.69
157,-7.6636,43.7008,7.89
158,-7.4244,43.1342,1.48
159,-7.8958,43.1197,1.93
160,-7.9032,43.1349,8.16
161,-8.0139,43.1403,38.21
162,-7.995,43.2258,16.87
163,-8.068,43.2053,10.36
164,-8.0783,43.2045,0.18
165,-8.1086,43.1797,34.32
166,-8.08,43.2281,18.18
167,-8.1575,43.4689,32.14
168,-7.9478,43.63,40.22
169,-8.1842,43.5681,32.74
170,-8.3983,43.227,69.43
171,-8.9372,43.155,13.9
172,-8.9478,43.162,25.04
173,-9.0894,42.875,20.64
174,-9.0686,42.8439,71.14
175,-8.4556,42.7609,69.72
176,-8.7061,42.8245,29.62
177,-8.7047,42.8131,14.9
178,-8.7389,42.7175,12.06
179,-8.8878,42.7017,7.94
180,-8.7294,42.6156,3.84
181,-8.7575,42.5656,30.52
182,-8.6203,42.5759,23.57
183,-8.7041,42.4842,0.72
184,-8.3491,42.5536,4.49
185,-8.5842,42.212,36.51
186,-8.58,42.2086,40.76
187,-8.573,42.2522,16.79
188,-7.9611,42.0425,6.2
189,-8.0005,42.2945,18.12
190,-7.3394,41.957,15.5
191,-7.1347,42.1175,24.28
192,-3.2225,43.3058,0.18
193,-3.3589,43.3125,3.18
194,-3.4475,43.1522,32.49
195,-3.4497,43.1483,0.01
196,-3.5839,43.1578,6.12
197,-3.5925,43.1608,1.96
198,-3.6053,43.2031,2.14
199,-3.63,43.2045,67.0
200,-3.6756,43.2239,3.17
201,-3.6906,43.2286,0.11
202,-3.6683,43.2467,2.4
203,-3.6478,43.2981,0.38
204,-3.7706,43.2669,25.18
205,-3.7433,43.2147,52.77
206,-3.7517,43.1178,63.92
207,-3.7528,43.1142,27.63
208,-3.8167,43.1731,0.49
209,-3.8175,43.0803,0.13
210,-3.8544,43.0464,56.76
211,-3.8597,43.042,2.3
212,-3.8894,43.0492,0.33
213,-3.9114,43.035,0.01
214,-3.9786,43.0361,13.1
215,-3.9572,43.0753,0.37
216,-3.9619,43.0895,53.04
217,-3.9731,43.2042,11.11
218,-4.1406,43.2014,6.0
219,-4.1242,43.1197,0.01
220,-4.0458,43.0961,5.84
221,-4.0447,43.0925,2.61
222,-4.0842,43.0767,0.96
223,-4.0617,43.0731,58.07
224,-4.0369,43.045,0.39
225,-4.0661,43.0345,5.77
226,-4.1042,43.0225,1.09
227,-3.8489,42.9236,13.77
228,-3.8867,42.9189,19.1
229,-3.9511,42.8936,6.44
230,-3.9011,42.8045,14.14
231,-3.913,42.7978,10.81
232,-3.9592,42.8114,0.4
233,-3.9961,42.8492,11.91
234,-4.0542,42.8114,7.71
235,-4.0464,42.8792,0.79
236,-4.0372,42.9195,25.93
237,-4.0592,42.9514,17.5
238,-4.1014,42.9347,29.56
239,-4.1255,42.967,1.4
240,-4.1436,42.9489,3.43
241,-4.2136,42.9681,10.49
242,-4.2472,42.9675,10.14
243,-4.2444,42.9728,28.1
244,-4.2292,43.0681,9.74
245,-4.275,43.1047,1.92
246,-4.3719,43.0433,63.31
247,-4.3897,43.07,10.95
248,-4.3286,43.2303,21.14
249,-4.3369,43.1867,0.67
250,-4.4678,43.2422,1.67
251,-4.4658,43.1236,32.69
252,-4.4953,43.1033,36.83
253,-4.5164,43.1336,31.01
254,-4.5422,43.1856,36.33
255,-4.6633,43.0561,52.07
256,-4.7561,43.0828,16.6
257,-4.7533,43.085,33.61
258,-4.7539,43.1022,35.75
259,-4.7864,43.167,13.22
260,-4.7594,43.182,0.1
261,-4.715,43.1508,35.85
262,-4.6589,43.2369,6.19
263,-4.6842,43.2258,63.77
264,-4.678,43.3536,0.42
265,-4.6889,43.3486,56.66
266,-4.7217,43.2961,21.65
267,-4.7258,43.2583,71.11
268,-4.755,43.2367,1.2
269,-4.7594,43.1947,1.95
270,-4.9975,43.4031,41.88
271,-4.9994,43.2889,2.38
272,-4.9872,43.2792,7.91
273,-4.993,43.2608,0.25
274,-4.9986,43.262,4.26
275,-5.013,43.2606,16.78
276,-5.0205,43.2642,7.92
277,-5.0172,43.2861,2.72
278,-5.195,43.4369,2.79
279,-5.2253,43.277,1.56
280,-5.2114,43.2025,10.93
281,-5.1564,43.1942,3.29
282,-5.1283,43.1458,18.08
283,-5.2164,43.1033,45.82
284,-5.2217,43.1106,41.29
285,-5.2914,43.1445,42.46
286,-5.3061,43.1008,23.67
287,-5.3217,43.1111,5.3
288,-5.3861,43.2756,13.14
289,-5.3967,43.2725,21.9
290,-5.368,43.2333,55.53
291,-5.4778,43.2156,26.16
292,-5.4517,43.1889,10.31
293,-5.4372,43.192,7.7
294,-5.4255,43.1967,7.75
295,-5.4781,43.1533,7.75
296,-5.4025,43.0597,6.4
297,-5.4606,43.0736,76.0
298,-5.5189,43.1028,30.22
299,-5.5889,43.0681,33.82
300,-5.525,43.2917,5.59
301,-5.6586,43.2222,34.31
302,-5.643,43.2228,47.15
303,-5.6244,43.1961,6.63
304,-5.6694,43.1325,21.61
305,-5.6903,43.1247,73.38
306,-5.675,43.1272,51.11
307,-5.6883,43.1147,32.88
308,-5.7611,43.01,39.4
309,-5.7658,43.0008,30.35
310,-5.7928,42.9864,58.07
311,-5.8011,42.9861,30.05
312,-5.7783,43.1836,28.84
313,-5.8336,43.2256,27.79
314,-5.9264,43.2392,2.15
315,-5.925,43.185,1.32
316,-5.9053,43.1442,17.18
317,-5.8961,43.1397,40.18
318,-5.9086,43.0611,22.03
319,-5.8925,42.9925,3.36
320,-6.0086,43.0625,34.14
321,-5.9856,43.0911,27.23
322,-5.9772,43.185,22.07
323,-6.0033,43.1639,43.83
324,-6.0728,43.137,18.63
325,-6.0472,43.0967,14.82
326,-6.0408,43.085,14.44
327,-6.1325,43.2378,52.38
328,-6.1078,43.1975,22.44
329,-6.1605,43.1633,14.56
330,-6.0942,43.0589,37.28
331,-6.1169,43.0536,0.4
332,-6.1455,43.0508,5.9
333,-6.2394,43.057,33.5
334,-6.2383,43.0336,22.75
335,-6.3233,43.0617,14.64
336,-6.32,43.0917,60.85
337,-6.3364,43.1431,57.79
338,-6.2911,43.2233,20.93
339,-6.253,43.2278,66.52
340,-6.2678,43.28,61.41
341,-6.2825,43.4531,15.6
342,-6.3544,43.3781,18.8
343,-6.3992,43.3717,0.01
344,-6.3742,43.3442,13.0
345,-6.47,43.3303,33.73
346,-6.3722,43.3097,64.51
347,-6.4286,43.2261,50.89
348,-6.4458,43.1781,15.06
349,-6.4658,43.0995,41.82
350,-6.4647,43.0711,48.41
351,-6.4697,43.05,27.32
352,-6.4283,43.07,52.2
353,-6.3772,43.06,35.3
354,-6.4275,42.9939,19.02
355,-6.4864,42.9739,48.82
356,-6.448,42.9461,69.18
357,-6.5264,42.9392,55.12
358,-6.5747,42.982,32.45
359,-6.6189,42.9542,67.66
360,-6.7872,42.9172,46.3
361,-6.743,42.9453,40.53
362,-6.7025,42.9425,52.15
363,-6.7472,43.0222,82.53
364,-6.7225,43.0428,80.8
365,-6.6789,43.0325,68.0
366,-6.6978,43.0125,61.74
367,-6.8869,42.9945,47.35
368,-6.8769,42.9992,20.42
369,-6.8247,43.065,73.25
370,-6.7958,43.1008,82.38
371,-6.6825,43.1614,32.97
372,-6.6742,43.1528,63.0
373,-6.5728,43.1842,11.3
374,-6.5553,43.2142,21.9
375,-6.5844,43.232,31.8
376,-6.6661,43.2631,29.8
377,-6.6758,43.2689,24.1
378,-6.79,43.2017,8.4
379,-6.7694,43.2292,31.3
380,-6.7319,43.2597,36.6
381,-6.6705,43.3086,0.6
382,-6.6458,43.4691,18.5
383,-6.7269,43.332,42.9
384,-6.7569,43.3706,19.2
385,-6.8219,43.4406,19.7
386,-6.8358,43.4364,11.8
387,-6.9519,43.3703,0.01
388,-7.0125,43.347,0.01
389,-7.0267,43.3208,36.5
390,-6.9691,43.275,17.9
391,-6.86,43.2436,34.0
392,-6.9453,43.1347,65.98
393,-6.9547,43.1689,18.9
394,-7.0322,43.2736,42.2
395,-7.6697,43.5136,38.8
396,-7.5197,43.5813,64.2
397,-7.6461,43.5361,53.1
398,-7.4186,43.5947,0.01
399,-7.4953,43.5836,2.0
400,-7.4586,43.593,9.4
401,-7.4342,43.5872,36.8
402,-7.46,43.4466,37.3
403,-7.4053,43.4541,7.9
404,-7.6181,43.4208,54.5
405,-7.6308,43.448,44.9
406,-7.5331,43.5925,28.3
407,-7.5628,43.548,16.3
408,-7.4897,43.4466,30.2
409,-7.5091,43.5183,33.4
410,-7.6908,43.3086,16.8
411,-7.6686,43.4947,47.7
412,-7.5828,43.5538,25.7
413,-7.5836,43.5141,20.2
414,-7.4253,43.4758,35.8
415,-7.635,43.4863,16.9
416,-7.5303,43.4647,2.6
417,-7.5464,43.4338,3.1
418,-7.5386,43.4902,22.2
419,-7.5881,43.4705,32.1
420,-7.5942,43.4619,37.5
421,-7.5539,43.4638,29.1
422,-7.5336,43.5508,4.3
423,-7.4164,43.5911,61.2
424,-7.5389,43.5563,15.2
425,-7.5114,43.5413,0.01
426,-7.4497,43.4627,20.5
427,-7.4461,43.4214,7.4
428,-8.8003,41.9341,51.49
429,-8.6783,42.0759,23.37
430,-8.7022,42.0448,7.85
431,-8.6208,42.5759,21.71
432,-8.7837,43.1647,10.08
433,-8.7337,43.1508,33.31
434,-8.9337,43.2369,37.89
435,-8.1292,41.9014,33.79
436,-8.1503,42.2341,57.25
437,-8.0336,42.4507,13.6
438,-7.3653,43.6147,62.22
439,-6.5203,43.5133,0.87
440,-6.1264,43.4947,45.55
441,-6.1483,43.5333,20.37
442,-7.8403,43.4481,2.33
443,-7.9697,43.4341,5.63
444,-7.9531,43.4174,61.26
445,-8.4198,42.9841,15.4
446,-8.3948,43.3174,31.53
447,-8.3323,43.3841,50.29
448,-8.3387,43.3974,19.31
449,-8.442,42.9508,24.41
450,-8.9698,43.0341,6.68
451,-8.342,43.3008,30.6
452,-2.2333,43.1008,9.2
453,-2.4694,43.2036,18.84
454,-1.9277,43.3174,35.67
455,-2.3286,42.937,7.16
456,-7.695,43.5247,4.3
457,-7.0502,43.0897,21.9
458,-7.3252,42.4507,43.58
459,-7.5503,43.2508,0.3
460,-7.2503,42.9758,24.8
461,-6.9002,42.8008,29.12
462,-7.4875,42.6781,42.9
463,-7.3503,42.9258,11.07
464,-7.1363,42.8841,12.19
465,-7.303,42.6674,3.31
466,-0.7499,42.4563,20.7
467,-0.7415,42.4535,71.3
468,0.0085,42.573,71.8
469,0.1585,42.5702,43.5
470,0.1891,42.5591,33.7
471,0.1919,42.4369,44.6
472,0.9836,42.323,74.2
473,1.3419,42.3035,63.5
474,1.7503,42.0369,49.1
475,1.2641,41.9868,25.2
476,1.4641,42.023,39.5
477,1.403,42.0535,38.4
478,1.4808,42.0896,48.3
479,1.4975,42.0424,19.0
480,1.3891,42.0063,11.5
481,1.3419,41.9521,23.0
482,1.6753,41.973,24.0
483,1.6503,41.8702,6.0
484,1.6919,41.8591,41.0
485,1.8892,42.0035,2.0
486,1.7058,42.0063,12.0
487,1.581,41.9652,9.0
488,1.6753,41.9535,15.1
489,1.9808,42.0063,11.9
490,1.9753,42.0563,16.1
491,2.1336,41.8896,4.6
492,2.067,41.8063,0.4
493,0.9641,41.3702,46.5
494,0.903,41.3229,35.3
495,0.3002,40.8368,71.7
496,0.3335,40.7735,67.5
497,0.3252,40.6824,41.3
498,0.2224,40.7896,56.9
499,-0.6276,40.6396,50.4
500,-0.6499,40.6229,55.4
501,-0.5249,40.2757,50.1
502,-0.6749,40.3062,71.0
503,-0.7026,40.3229,49.6
504,-1.0193,40.4063,70.7
505,-1.3527,40.3396,60.9
506,-1.3582,40.3201,42.8
507,-0.8943,40.0229,50.8
508,-1.0138,40.0368,37.7
509,-0.986,40.0396,64.6
510,-1.1832,40.1285,61.4
511,-1.2027,40.1785,77.5
512,-1.386,40.2618,56.3
513,-1.3444,40.1896,50.0
514,2.017,41.3341,20.3
515,-1.5039,43.2488,38.23
516,-1.5394,43.156,4.07
517,-1.6667,43.1463,4.96
518,-1.6695,43.1745,71.0
519,-1.6689,43.1806,21.06
520,-1.7787,43.0082,6.78
521,-2.004,43.0623,3.95
522,-1.902,43.2031,12.69
523,-1.902,43.2053,29.08
524,-1.8578,43.167,34.49
525,-1.682,43.2442,29.01
526,-1.7208,43.262,26.32
527,-1.6833,43.2531,48.39
528,-1.6608,43.2933,36.08
529,-1.6522,43.2597,21.21
530,2.8203,42.216,18.18
531,2.742,42.1396,4.32
532,3.0003,42.1202,44.75
533,2.9962,42.0574,11.17
534,3.174,41.8827,36.94
535,2.1684,41.9174,0.09
536,2.0114,41.9118,1.56
537,1.7475,41.6841,32.73
538,2.0892,41.6257,31.79
539,2.035,41.6049,13.15
540,2.1636,41.7007,9.1
541,2.1892,41.6424,35.66
542,2.2072,41.6035,22.98
543,1.5058,41.4729,40.21
544,1.5669,41.4882,0.01
545,1.4919,41.4479,32.78
546,1.8753,41.3313,17.8
547,1.9031,41.3146,9.82
548,1.8775,41.3299,14.21
549,1.4016,41.4563,40.26
550,1.3975,41.4646,23.79
551,1.3786,41.4224,14.72
552,0.7766,41.009,47.47
553,0.7724,41.009,20.27
554,-0.861,41.9938,24.2
555,-0.8527,41.9841,27.99
556,-1.0544,41.3398,65.42
557,-0.8999,41.4604,46.36
558,-0.0665,41.3591,40.5
559,-0.0693,41.3424,29.92
560,-0.5249,41.7674,3.15
561,-0.5443,41.7757,16.91
562,-0.3776,41.7007,55.63
563,-0.3971,41.7174,32.38
564,0.853,41.4702,18.84
565,0.8502,41.4646,17.3
566,0.8808,41.4535,32.85
567,-0.4193,41.1202,49.83
568,-0.3499,41.009,64.15
569,-0.1748,40.9229,35.79
570,0.1002,40.8507,19.25
571,0.0863,40.8646,17.79
572,-0.0248,40.8007,48.02
573,-0.0526,40.7952,30.58
574,-0.0776,40.784,39.02
575,-0.911,42.1341,18.52
576,-0.9319,42.2559,12.38
577,2.1855,42.3009,57.12
578,2.0692,42.2599,9.59
579,2.1142,42.2994,2.39
580,2.1281,42.298,6.74
581,2.1281,42.2835,13.16
582,2.1781,41.9118,1.56
583,2.1809,41.9118,1.72
584,2.2114,41.9618,15.29
585,2.3289,41.8993,36.66
586,2.4198,41.951,13.62
587,2.417,41.9355,17.74
588,2.4031,41.9591,21.41
589,2.0086,42.2341,35.39
590,2.0156,42.2327,24.73
591,1.86,42.2507,34.22
592,1.7578,42.2196,32.15
593,1.7286,42.2341,26.84
594,1.678,42.2257,26.14
595,1.2614,42.3341,65.51
596,1.7483,42.3285,55.33
597,1.7905,42.3341,73.34
598,1.3378,42.428,41.53
599,1.3169,42.4299,64.05
600,1.1794,42.448,58.67
601,1.3244,42.5952,38.76
602,1.3419,42.5377,67.82
603,0.2307,42.6346,60.42
604,-0.0717,42.6481,16.5
605,0.1991,42.6327,62.7
606,-0.6561,42.7453,21.99
607,-0.7195,42.7258,15.05
608,-0.795,42.7425,13.25
609,-0.8272,42.7356,15.63
610,-0.8625,42.9217,1.03
611,-1.0728,42.8953,6.4
612,-1.1389,42.9264,5.04
613,-1.4249,42.9437,0.66
614,-1.3706,42.8453,1.99
615,-1.1272,42.7036,9.99
616,-1.1939,42.7461,6.08
617,-1.0111,42.6617,26.44
618,-0.927,42.6642,2.56
619,-0.9792,42.4353,2.57
620,-0.9914,42.3814,18.21
621,-0.5292,42.5267,27.5
622,-0.6221,42.3494,48.23
623,-1.6583,40.4618,67.76
624,-1.6633,40.4945,0.01
625,-1.6328,40.5287,3.78
626,-1.6256,40.3878,47.35
627,-1.4416,40.2785,42.05
628,1.0872,41.3591,50.0
629,1.0511,41.3368,36.07
630,0.2974,40.7118,45.03
631,0.246,40.7474,47.04
632,-0.6889,40.4003,60.01
633,-0.6972,40.4076,52.74
634,-0.8416,40.4062,55.08
635,2.1503,41.4202,46.27
636,2.4059,41.5852,24.49
637,2.3975,41.5868,22.2
638,2.4086,41.5743,36.48
639,2.3734,41.6231,29.88
640,2.3531,41.6285,32.2
641,2.3684,41.6266,12.52
642,2.7309,41.7332,33.15
643,2.7239,41.6646,36.34
644,2.3856,41.9327,34.89
645,2.3036,41.8757,40.64
646,2.4475,41.7507,41.32
647,2.3836,41.7549,51.73
648,2.7225,41.8507,10.83
649,2.7003,41.871,23.96
650,2.6239,41.7924,18.72
651,2.8328,41.8446,26.61
652,2.6975,41.7466,29.34
653,3.1017,41.9652,10.74
654,3.192,41.9907,0.01
655,2.5525,41.8152,47.5
656,2.6753,42.1424,2.28
657,2.8339,42.2096,31.33
658,3.0651,41.8091,0.48
659,3.0434,41.7932,55.27
660,-1.4464,41.2995,56.37
661,-1.4369,41.2809,41.26
662,-1.4172,41.2964,52.56
663,-1.1014,41.1773,33.27
664,-1.0903,41.1953,77.82
665,-0.6911,40.2413,75.82
666,-0.7695,40.2699,59.01
667,-0.8125,40.3523,51.21
668,-1.2589,40.3517,75.41
669,-1.3883,40.5023,54.15
670,-1.3742,40.3931,60.88
671,2.9337,41.9507,76.98
672,2.8837,42.0007,61.39
673,1.8308,42.3507,35.5
674,2.5725,41.8604,33.24
675,3.1837,42.0841,12.5
676,-0.4526,42.3341,0.01
677,0.353,42.6674,34.25
678,-0.5332,42.4508,2.93
679,-0.286,42.6841,12.29
680,0.0335,42.6008,47.04
681,-0.5832,42.6841,20.55
682,-0.2526,42.6341,7.13
683,-0.2998,42.2341,42.2
684,0.6697,42.7841,52.21
685,0.8502,42.5174,40.82
686,-1.4249,40.0229,3.8
687,-1.511,39.9729,63.6
688,-1.6027,40.0896,3.1
689,-1.6305,40.0285,29.1
690,-1.8083,39.7896,30.4
691,-1.8333,39.7868,56.1
692,-1.9249,39.8757,62.9
693,-2.1,39.8562,42.0
694,-2.2472,39.9731,1.0
695,-2.0416,40.0229,10.8
696,-2.0416,40.0285,5.4
697,-2.3944,40.0729,5.1
698,-2.0444,40.1229,1.1
699,-2.0456,40.0495,72.7
700,-2.1861,40.1868,16.4
701,-1.9249,40.2257,33.6
702,-2.0138,40.259,14.8
703,-1.8333,40.3701,51.9
704,-1.8833,40.3896,76.0
705,-2.1583,40.3868,64.2
706,-2.2611,40.4451,14.4
707,-2.1583,40.459,3.2
708,-2.0916,40.4951,49.4
709,-2.0111,40.5896,54.7
710,-2.1027,40.5896,25.1
711,-2.0805,40.5868,49.6
712,-2.2777,40.5729,3.4
713,-2.1861,40.609,31.5
714,-2.25,40.7257,49.4
715,-2.3639,40.6424,71.6
716,-2.2138,40.6924,45.8
717,-2.1861,40.7229,0.01
718,-2.1527,40.7979,66.1
719,-2.1277,40.659,24.7
720,-2.1166,40.6563,58.9
721,-3.325,41.6452,71.8
722,-3.3139,41.6396,10.9
723,-4.8695,40.4563,39.3
724,-2.3639,38.6562,61.3
725,-2.35,38.6423,57.1
726,-2.3666,38.6118,33.3
727,-2.38,38.5562,66.8
728,-2.4027,38.5395,58.5
729,-2.2889,38.4729,5.4
730,-2.6805,38.4201,10.8
731,-2.2666,38.134,61.4
732,-2.3,38.0951,66.6
733,-1.2999,39.034,56.98
734,-2.7667,39.0007,38.68
735,-2.05,38.3315,15.4
736,-4.6474,40.3297,12.13
737,-4.4445,40.7424,6.74
738,-4.9787,40.391,38.71
739,-5.1923,40.1812,43.48
740,-5.0196,41.0007,57.0
741,-4.5951,40.384,34.79
742,-4.8696,40.284,22.3
743,-4.4931,40.6001,65.0
744,-4.3844,40.5259,34.0
745,-4.9862,40.1673,39.5
746,-5.0362,40.234,26.56
747,-5.1779,40.2174,18.0
748,-4.7362,41.0174,5.14
749,-4.9362,40.2007,24.03
750,-5.2501,40.4507,15.28
751,-4.4612,40.5965,24.14
752,-4.3945,40.6257,13.6
753,-4.3444,40.5814,35.31
754,-4.3489,40.5759,26.1
755,-4.5001,40.7174,22.42
756,-4.1832,40.6738,42.74
757,-4.2014,40.6148,17.86
758,-4.4195,40.5479,37.59
759,-4.5529,40.3174,28.94
760,-4.8998,40.2499,44.78
761,-4.6836,40.3184,22.31
762,-4.9001,40.259,29.5
763,-4.9696,40.2507,43.0
764,-4.6146,40.194,30.62
765,-4.719,40.9757,5.62
766,-4.6861,40.9648,10.0
767,-5.5863,40.334,45.47
768,-4.3529,40.5707,20.6
769,-4.5001,40.5007,65.0
770,-4.6737,40.8257,12.96
771,-4.5668,40.3507,35.7
772,-5.0362,40.234,38.21
773,-5.2668,40.684,28.54
774,-4.9834,40.4007,22.86
775,-4.9862,40.3174,46.0
776,-4.6195,40.2049,21.04
777,-4.5001,40.384,19.57
778,-4.5001,40.334,25.05
779,-3.175,42.8341,3.17
780,-3.9028,41.6507,65.36
781,-3.3334,42.3674,27.32
782,-3.5417,42.0674,50.28
783,-3.3167,42.0174,6.64
784,-3.125,41.9341,54.48
785,-3.1333,42.3091,17.81
786,-3.1611,42.2881,74.76
787,-3.2195,42.3007,64.53
788,-3.4393,42.0626,62.28
789,-3.3806,41.8923,3.96
790,-2.9667,41.9674,15.49
791,-3.6583,41.9481,27.79
792,-3.1861,42.3341,10.0
793,-3.7336,42.6247,2.18
794,-3.1153,42.6675,24.41
795,-3.7483,42.6267,10.0
796,-4.7445,40.4618,22.55
797,-4.5325,40.3259,33.4
798,-4.5319,40.3148,26.1
799,-4.5258,40.3245,7.9
800,-5.0086,40.2759,12.6
801,-5.0097,40.3031,56.4
802,-4.5533,42.4822,59.61
803,-4.5889,42.4981,68.66
804,-4.7444,42.5314,26.14
805,-4.4755,42.5437,32.34
806,-4.5208,42.5336,47.62
807,-4.5472,42.5934,62.38
808,-4.5417,42.5892,66.33
809,-4.5361,42.5831,15.29
810,-4.8111,42.4675,46.11
811,-4.9181,42.687,35.09
812,-4.9078,42.6939,32.52
813,-5.2339,42.7818,45.7
814,-4.95,42.6481,38.25
815,-4.9167,42.6989,62.27
816,-4.8361,42.655,34.93
817,-5.2551,42.7363,25.34
818,-5.2584,42.7061,19.1
819,-5.7342,42.6856,28.46
820,-5.6922,42.7875,59.74
821,-5.6778,42.7858,52.42
822,-5.6931,42.7772,10.37
823,-5.6806,42.7884,44.6
824,-5.6805,42.7842,59.03
825,-4.0042,40.7877,55.64
826,-4.0112,40.7707,22.81
827,-4.049,40.7596,74.96
828,-4.0684,40.7735,13.73
829,-4.1421,40.6231,45.22
830,-4.1672,40.6008,36.86
831,-4.1357,40.63,17.98
832,-4.1538,40.65,40.65
833,-4.0276,40.7338,36.92
834,-4.0812,40.7315,39.38
835,-4.156,40.6045,38.65
836,-4.199,40.5663,45.1
837,-4.1775,40.5818,59.21
838,-4.1768,40.5773,11.12
839,-4.1378,40.7088,45.7
840,-4.002,40.689,34.26
841,-4.0042,40.6901,23.64
842,-4.0565,40.7732,39.41
843,-4.1349,40.6156,14.56
844,-4.114,40.641,39.03
845,-4.0322,40.7328,30.47
846,-4.0801,40.7438,24.08
847,-4.1689,40.5976,56.31
848,-4.0392,40.6926,15.73
849,-4.0161,40.5779,10.31
850,-4.0051,40.6751,27.41
851,-3.9688,40.577,21.65
852,-4.1118,40.614,5.65
853,-4.0389,40.6899,6.74
854,-4.0825,40.589,16.68
855,-4.0101,40.6774,9.67
856,-3.9609,40.6036,47.71
857,-3.9603,40.5581,9.23
858,-4.0239,40.5094,49.59
859,-4.0341,40.517,24.19
860,-3.9767,40.5517,63.0
861,-3.9217,40.9318,5.98
862,-3.8385,40.8323,4.43
863,-3.8041,40.83,39.63
864,-3.7688,40.8537,35.82
865,-3.7762,40.8771,31.31
866,-3.7864,40.9401,20.23
867,-3.6427,40.9436,45.19
868,-3.7987,40.9742,36.52
869,-3.7475,41.0126,76.3
870,-3.8739,40.909,0.48
871,-3.9601,40.816,15.13
872,-3.9139,40.8329,47.6
873,-3.6753,41.0556,21.53
874,-3.8534,40.7867,40.88
875,-3.9992,40.8549,17.26
876,-4.0167,40.8674,23.17
877,-4.0462,40.8451,31.79
878,-3.9072,41.018,30.02
879,-4.1794,40.7079,41.66
880,-3.8443,41.0047,75.21
881,-3.807,41.0237,37.47
882,-3.8394,41.0622,13.67
883,-4.1256,40.7401,11.8
884,-4.1278,40.7732,48.15
885,-4.1759,40.7066,25.74
886,-4.0964,40.7785,66.0
887,-4.0937,40.7976,66.0
888,-4.187,40.7082,58.33
889,-3.8394,41.0145,6.89
890,-3.7992,40.9978,70.56
891,-3.8114,41.0126,45.0
892,-3.6125,41.1507,24.65
893,-3.5939,41.1638,27.82
894,-3.6935,41.0861,28.86
895,-3.7124,41.0887,16.53
896,-3.6565,41.1548,28.12
897,-3.6789,41.1083,22.64
898,-3.6843,41.1114,27.87
899,-3.6654,41.1318,75.24
900,-3.8608,41.0598,19.07
901,-3.8557,41.063,46.41
902,-4.0037,40.8821,33.13
903,-4.0439,40.88,39.35
904,-2.3959,40.7484,49.26
905,-2.4316,40.7215,47.9
906,-2.3283,40.5147,27.96
907,-2.3278,40.557,27.69
908,-2.0694,39.5299,39.02
909,-2.0772,39.5773,34.67
910,-1.6233,39.6156,43.52
911,-1.6144,39.6253,45.3
912,-1.649,39.5979,54.7
913,-2.2778,38.619,7.84
914,-2.1161,38.569,44.76
915,-2.081,38.5658,65.07
916,-2.9506,40.5739,37.4
917,-2.8756,40.4356,2.09
918,-1.2516,39.1872,51.43
919,-1.296,39.2689,42.13
920,-0.9954,38.7781,26.91
921,-1.0307,38.8052,43.04
922,-1.089,38.7795,22.25
923,-1.0786,38.7249,48.88
924,-3.2925,43.0492,0.23
925,-3.2017,42.8403,14.16
926,-3.1714,42.8208,17.2
927,-3.3806,42.7497,0.76
928,-3.0083,41.9757,28.59
929,-2.9713,42.0658,10.19
930,-3.1625,41.8384,0.04
931,-2.45,41.7591,45.71
932,-2.4333,41.7507,10.01
933,-2.4333,41.7757,64.72
934,-2.8528,41.9341,29.26
935,-2.85,41.9424,15.4
936,-2.8625,41.9341,5.15
937,-2.8083,41.8341,0.18
938,-3.0167,41.8257,17.75
939,-3.1333,41.7507,63.6
940,-1.7826,40.5994,73.15
941,-1.8161,40.4731,18.94
942,-1.7208,40.5745,57.12
943,-1.7333,40.5356,20.08
944,-1.7372,40.4998,20.27
945,-1.8889,40.4306,2.54
946,-1.8753,40.4338,14.15
947,-1.9044,40.379,49.37
948,-1.8692,40.3706,46.44
949,-1.7375,40.237,81.2
950,-1.684,40.2019,18.21
951,-1.7611,40.1473,2.12
952,-3.85,41.0507,46.59
953,-3.8334,41.0174,48.56
954,-3.8334,41.0007,43.84
955,-3.9833,40.8531,23.06
956,-3.9986,40.8717,52.84
957,-4.0369,40.8653,24.93
958,-4.1117,40.7592,27.61
959,-4.145,40.7175,50.56
960,-4.0714,40.7659,28.49
961,-4.5306,40.7606,42.12
962,-4.0606,40.7723,21.18
963,-4.1394,40.697,36.23
964,-4.1594,40.6845,11.63
965,-3.8711,40.8648,20.95
966,-3.8919,40.8448,63.67
967,-3.2195,41.2868,0.34
968,-3.2158,41.2203,56.94
969,-3.1347,41.2084,0.01
970,-5.3001,42.9841,24.19
971,-5.2882,42.9934,15.43
972,-5.2751,42.998,25.99
973,-1.9728,39.2551,6.58
974,-2.0625,39.349,36.19
975,-2.0816,38.5667,18.56
976,-1.4328,39.319,47.12
977,-2.0308,38.9349,46.29
978,-1.6556,39.2276,7.5
979,-1.6344,39.1315,39.96
980,-1.775,39.1537,35.44
981,-4.6824,40.9971,20.55
982,-4.3814,40.5162,20.29
983,-4.3833,40.4481,46.5
984,-4.3917,40.4587,33.04
985,-4.6856,40.2759,12.34
986,-4.6836,40.3178,46.22
987,-3.9472,41.6356,0.29
988,-3.9472,41.6295,3.68
989,-3.9094,41.6703,25.16
990,-3.9533,41.6245,15.84
991,-2.6175,39.3667,2.28
992,-2.55,39.3828,11.6
993,-2.1056,39.4176,58.65
994,-2.2028,39.3453,0.18
995,-2.3027,39.3465,55.5
996,-1.9092,39.4665,20.38
997,-1.9694,39.4326,71.17
998,-2.0702,39.4488,17.0
999,-1.6684,39.7963,13.74
1000,-2.4569,39.344,16.79
1001,-2.4236,39.3467,0.29
1002,-2.3869,39.3717,30.95
1003,-2.4044,39.3292,0.04
1004,-4.2847,40.4564,40.01
1005,-4.2667,40.3674,54.32
1006,-4.4111,40.2801,24.83
1007,-4.4047,40.4009,34.4
1008,-4.2969,40.3725,34.4
1009,-4.5658,41.262,11.53
1010,-4.5578,41.257,3.95
1011,-4.5059,41.1167,13.02
1012,-4.3705,40.2959,24.8
1013,-4.3522,40.2467,30.92
1014,-4.7658,41.572,9.14
1015,-4.7972,41.5828,1.06
1016,-4.8227,41.5481,0.06
1017,-4.7305,41.4725,2.59
1018,-5.0501,41.4007,21.54
1019,-4.9544,41.4707,1.83
1020,-4.9638,41.4642,0.27
1021,-4.568,41.4398,6.53
1022,-4.5236,41.5023,2.27
1023,-4.6097,41.6111,2.36
1024,-5.325,41.512,13.34
1025,-5.4736,41.5114,17.75
1026,-5.4694,41.5056,3.33
1027,-5.4992,41.5347,13.89
1028,-5.4547,41.3273,26.24
1029,-5.6167,41.2592,54.82
1030,-5.8147,41.5336,58.78
1031,-3.425,42.7591,28.13
1032,-3.5417,42.7425,41.46
1033,-3.4625,42.7064,10.92
1034,-3.3431,42.8875,45.04
1035,-2.9833,41.8341,8.94
1036,-2.9967,41.8445,72.44
1037,-2.7917,41.8507,24.98
1038,-2.2316,41.0249,81.17
1039,-2.1154,40.997,2.55
1040,-1.986,40.909,62.74
1041,-1.9377,39.7541,48.86
1042,-1.8808,39.6634,26.58
1043,-1.8125,39.812,6.35
1044,-1.8422,39.8103,3.73
1045,-1.675,39.9564,64.47
1046,-1.6258,39.9689,50.11
1047,-2.2222,40.0854,43.48
1048,-2.2875,40.0842,9.43
1049,-2.1903,40.2412,5.54
1050,-2.1903,40.2503,43.43
1051,-4.1408,40.6667,59.94
1052,-4.2589,40.5042,41.84
1053,-4.3881,40.5634,40.5
1054,-4.4208,40.5028,35.49
1055,-4.4764,40.2737,42.72
1056,-4.4339,40.8473,13.53
1057,-4.6094,40.4106,62.7
1058,-4.7144,40.3026,18.6
1059,-4.7975,40.2959,18.19
1060,-4.8235,40.2905,28.47
1061,-5.0908,40.2009,16.26
1062,-1.3111,38.4768,0.25
1063,-1.2694,38.5043,0.47
1064,-2.3604,38.3694,37.02
1065,-4.7287,40.9712,10.88
1066,-4.7444,41.0175,37.59
1067,-4.7778,41.5239,1.39
1068,-4.5944,41.5398,1.54
1069,-4.4417,41.46,28.2
1070,-4.5144,41.5717,0.02
1071,-4.7047,41.4384,0.36
1072,-4.5278,41.4217,1.22
1073,-4.775,41.3189,3.12
1074,-4.505,41.2634,7.4
1075,-4.2078,41.255,1.54
1076,-4.0328,41.2064,0.11
1077,-3.6256,41.4564,13.4
1078,-3.5514,41.7264,0.24
1079,-3.6056,41.7634,0.49
1080,-3.6161,41.7245,0.56
1081,-3.8478,41.7731,7.68
1082,-3.8478,41.7661,0.05
1083,-2.6975,41.626,1.26
1084,-2.8936,41.5147,2.68
1085,-2.925,41.5028,0.79
1086,-2.975,41.5336,41.39
1087,-2.8647,41.512,0.25
1088,-6.2252,42.3174,17.48
1089,-6.2502,42.3091,3.03
1090,-6.2002,42.2507,12.31
1091,-4.5001,38.8173,53.19
1092,-4.1361,38.9481,67.01
1093,-3.9861,38.7176,43.31
1094,-3.4861,38.4315,40.48
1095,-3.9862,39.0507,67.1
1096,-4.3347,39.1612,39.92
1097,-4.4167,39.0007,44.7
1098,-4.3944,39.1745,70.46
1099,-3.7,39.234,37.6
1100,-3.7834,38.6173,44.7
1101,-3.1461,39.169,40.08
1102,-4.5334,39.134,45.97
1103,-4.1528,39.384,9.7
1104,-4.4195,39.4007,47.05
1105,-1.8666,40.2174,1.38
1106,-2.032,40.4065,55.25
1107,-1.9694,40.3648,5.3
1108,-1.8811,40.1346,35.42
1109,-1.8967,40.1321,24.71
1110,-2.3666,40.084,2.43
1111,-2.0195,40.2981,2.04
1112,-2.3583,40.5007,42.26
1113,-2.0926,40.182,12.73
1114,-1.6814,39.9481,77.46
1115,-2.0092,40.2467,9.9
1116,-2.8528,39.8673,31.37
1117,-2.8591,40.1553,36.26
1118,-1.9505,40.4479,9.4
1119,-1.6556,40.0037,0.23
1120,-1.9244,40.3305,10.5
1121,-2.161,39.6297,29.27
1122,-2.15,40.2507,0.31
1123,-2.3666,40.384,14.2
1124,-2.3333,41.0174,4.88
1125,-2.8528,41.1674,9.0
1126,-2.3431,41.0309,3.85
1127,-2.3,40.7507,33.4
1128,-2.3601,40.7752,22.42
1129,-2.3666,41.0174,50.15
1130,-2.9808,40.3174,27.7
1131,-1.9999,40.6674,1.43
1132,-2.7278,40.5564,25.39
1133,-1.7092,40.5884,4.67
1134,-2.7629,40.8038,40.8
1135,-2.7528,40.634,7.22
1136,-2.7986,40.7678,34.87
1137,-2.716,40.6685,57.24
1138,-3.1528,40.8648,40.0
1139,-3.4,41.0674,31.18
1140,-2.1689,40.9001,42.29
1141,-2.9645,40.7049,47.5
1142,-1.8916,40.5924,1.9
1143,-2.5998,40.7674,40.0
1144,-2.6333,40.6424,23.67
1145,-3.4,40.8507,5.52
1146,-3.1,41.1924,45.7
1147,-2.95,40.9757,11.29
1148,-2.9694,40.8537,0.86
1149,-3.3334,41.2507,45.27
1150,-3.3667,40.8507,28.49
1151,-3.1611,40.6981,1.26
1152,-3.1654,40.5516,11.79
1153,-3.1182,40.5967,47.0
1154,-3.0472,40.4527,28.09
1155,-2.9051,40.849,73.74
1156,-3.15,40.8674,30.36
1157,-3.1528,40.8674,25.02
1158,-3.135,40.8456,40.0
1159,-3.0197,40.8814,10.98
1160,-2.1211,41.0027,38.26
1161,-2.2166,40.9674,0.41
1162,-3.35,41.0341,2.94
1163,-2.2292,40.8194,37.23
1164,-2.217,40.8467,57.33
1165,-2.2194,40.8175,65.27
1166,-2.3666,40.8007,31.4
1167,-2.4166,40.7674,20.01
1168,-2.9169,40.9031,37.2
1169,-3.3167,40.8481,14.55
1170,-3.0943,40.4166,65.3
1171,-2.9644,40.8492,16.03
1172,-2.8833,40.4007,3.86
1173,-2.0944,40.3674,18.93
1174,-2.8528,40.4231,1.7
1175,-2.1194,40.6674,1.01
1176,-1.9361,40.6174,11.71
1177,-2.975,42.0007,18.5
1178,-5.0668,40.3007,45.27
1179,-4.5834,40.2174,31.33
1180,-5.1207,40.1426,31.25
1181,-2.4688,40.5145,12.89
1182,-2.1,41.0007,1.67
1183,-2.6028,41.0674,66.65
1184,-2.6071,41.0916,24.3
1185,-2.1361,40.934,70.45
1186,-2.0299,40.6648,17.01
1187,-3.2834,40.9257,67.89
1188,-2.8889,41.2564,5.7
1189,-2.5944,40.7674,70.14
1190,-2.2694,40.9507,8.46
1191,-2.5333,40.8757,8.61
1192,-2.3496,40.631,17.5
1193,-3.3,41.0007,54.22
1194,-1.9113,40.6818,32.52
1195,-3.223,41.0265,49.24
1196,-3.2167,41.0174,31.05
1197,-2.9333,40.5507,11.19
1198,-3.0611,40.7231,35.14
1199,-2.6553,40.9837,31.05
1200,-2.65,40.6541,9.15
1201,-2.0986,40.8365,23.3
1202,-3.3833,40.984,46.12
1203,-3.33,40.9362,32.0
1204,-2.5917,40.9481,3.4
1205,-2.917,40.831,59.34
1206,-1.9861,40.7731,2.22
1207,-2.2527,40.6674,30.86
1208,-3.071,40.6689,33.05
1209,-2.0045,40.7817,37.15
1210,-2.3725,40.7122,51.12
1211,-3.0667,40.984,42.92
1212,-3.2167,41.2674,0.01
1213,-2.9169,40.9031,46.0
1214,-2.8703,40.4526,29.64
1215,-3.3361,40.834,34.99
1216,-2.1166,40.734,41.31
1217,-6.2335,42.2674,11.35
1218,-6.2335,42.5577,70.37
1219,-6.2835,42.9174,73.9
1220,-5.1335,43.0008,20.16
1221,-5.5335,42.9508,10.0
1222,-6.2196,42.3007,17.55
1223,-5.7863,42.8008,7.59
1224,-4.9501,42.7008,63.55
1225,-6.8336,42.7174,35.28
1226,-3.9862,40.7174,43.5
1227,-4.2279,40.334,35.2
1228,-3.4361,40.284,53.07
1229,-3.3472,40.4868,0.01
1230,-3.6667,40.5507,10.88
1231,-3.8167,40.8965,11.7
1232,-3.6195,41.0924,18.13
1233,-3.5945,40.5257,13.7
1234,-3.725,40.859,37.01
1235,-3.5789,40.8814,27.84
1236,-3.8612,40.409,15.9
1237,-3.9911,40.7245,81.2
1238,-3.9858,40.7246,43.07
1239,-3.7695,40.984,7.71
1240,-3.7667,40.8965,40.05
1241,-3.7862,40.884,27.06
1242,-4.4168,40.3313,16.79
1243,-4.4029,40.3174,11.26
1244,-4.0445,40.6924,30.79
1245,-4.0667,40.7896,32.24
1246,-4.0695,40.7674,30.76
1247,-4.0528,40.7674,42.52
1248,-3.9334,40.634,41.63
1249,-4.2001,40.484,16.97
1250,-3.8334,40.6174,36.93
1251,-3.6,40.8674,34.93
1252,-3.55,41.0674,14.66
1253,-3.725,40.9424,24.0
1254,-3.9334,40.5507,16.05
1255,-4.1028,40.734,18.4
1256,-3.5834,40.3007,16.38
1257,-3.5667,41.034,49.63
1258,-3.45,41.084,40.59
1259,-3.65,40.784,18.52
1260,-4.1362,40.684,35.9
1261,-4.1528,40.6924,31.0
1262,-4.1362,40.6841,15.32
1263,-4.0695,40.7674,30.92
1264,-4.1362,40.684,21.6
1265,-4.0862,40.0007,38.1
1266,-3.9106,40.6258,28.11
1267,-4.0334,40.7257,10.9
1268,-3.5036,41.08,40.1
1269,-4.1084,40.4451,19.21
1270,-3.8983,40.3345,16.46
1271,-3.7834,40.8007,29.31
1272,-3.8492,40.4809,15.98
1273,-3.9028,40.7174,34.62
1274,-3.9667,40.3007,21.7
1275,-4.0333,40.6523,12.3
1276,-3.7112,40.8174,27.95
1277,-3.9862,40.7507,57.0
1278,-4.3751,40.3674,38.03
1279,-3.4667,41.034,40.61
1280,-3.5292,41.0146,4.1
1281,-3.575,41.1243,34.09
1282,-4.2334,40.491,0.75
1283,-3.85,40.884,48.07
1284,-3.7611,40.4287,16.26
1285,-3.9834,40.3674,16.34
1286,-0.1415,40.6896,68.1
1287,-0.2193,40.5535,54.0
1288,-0.2415,40.5701,72.2
1289,-0.2276,40.5396,71.3
1290,-0.3443,40.3229,27.2
1291,-0.3582,40.259,1.3
1292,-2.5166,38.3423,21.5
1293,-2.5833,38.3784,5.1
1294,-2.5166,38.309,0.01
1295,-2.5305,38.2729,33.1
1296,-2.6139,38.2562,64.7
1297,-2.5861,38.2534,17.1
1298,-2.5972,38.2423,0.9
1299,-2.6,38.2284,20.0
1300,-2.6305,38.2284,45.3
1301,-2.7528,38.0895,62.5
1302,-2.9528,37.9701,0.01
1303,-2.9167,37.9395,0.01
1304,-2.8028,37.9201,0.01
1305,-2.8361,37.8228,63.2
1306,-2.975,37.8562,0.01
1307,-2.9778,37.8395,11.4
1308,-3.0056,37.7562,15.0
1309,-2.9861,37.7117,16.4
1310,-2.55,37.9228,15.0
1311,-2.4944,37.9756,64.5
1312,-2.4389,38.0562,36.5
1313,-0.6165,38.5506,61.81
1314,-0.5377,38.659,1.87
1315,-0.5165,38.7743,60.24
1316,-0.8832,38.2673,79.35
1317,-2.46,36.92,19.95
1318,-2.9661,36.8718,45.62
1319,-2.6666,37.0006,28.6
1320,-2.4361,37.0648,58.27
1321,-5.9002,38.734,22.39
1322,-4.8334,39.2173,29.84
1323,2.5714,39.5415,34.87
1324,-5.9502,38.7507,2.82
1325,-6.8335,38.634,18.7
1326,-5.9418,38.7423,28.9
1327,-4.8584,39.234,65.6
1328,-6.8835,38.4506,24.1
1329,-2.9756,36.8034,61.79
1330,-2.5806,37.2759,50.3
1331,-2.5814,37.2726,49.2
1332,-2.5797,37.2657,50.5
1333,-2.5811,37.2521,60.7
1334,-2.5811,37.2634,61.2
1335,-2.5825,37.2543,60.9
1336,-2.5819,37.2682,59.6
1337,-2.5819,37.2701,51.6
1338,-2.5678,37.2496,53.4
1339,-2.575,37.2548,32.1
1340,-2.57,37.2526,52.1
1341,-2.58,37.2801,62.2
1342,-2.63,37.2843,52.1
1343,-2.6356,37.2848,55.4
1344,-0.171,40.734,48.09
1345,-0.1806,40.7142,41.81
1346,-0.4499,40.0479,37.47
1347,-0.4499,40.0562,46.54
1348,-0.6377,39.7923,40.6
1349,-0.6082,39.7673,53.39
1350,-1.0832,39.8868,59.49
1351,-1.0832,39.8785,53.42
1352,-1.1182,39.7923,44.3
1353,-1.0877,39.7979,60.76
1354,-0.411,38.8506,55.18
1355,-0.4999,38.859,53.6
1356,-3.75,37.684,77.12
1357,-3.1589,37.7357,4.22
1358,-3.1722,37.7351,17.61
1359,-3.1077,37.6817,3.84
1360,-3.0444,37.7645,33.85
1361,-2.941,37.7277,48.93
1362,-2.9125,37.788,33.3
1363,-2.95,37.9506,58.05
1364,-2.7953,38.0923,7.4
1365,-2.7753,38.1465,38.43
1366,-2.7611,38.1367,22.97
1367,-2.7472,38.1506,60.41
1368,-2.5861,38.1617,21.14
1369,-2.8294,38.0506,25.36
1370,-2.5878,38.3784,17.54
1371,0.0288,40.0729,11.72
1372,0.0288,40.0743,25.15
1373,-0.3472,39.667,37.03
1374,-0.4749,39.6693,26.24
1375,-0.8432,39.1437,26.73
1376,-0.9918,39.1595,21.39
1377,-1.1194,39.144,51.53
1378,-1.1091,39.1145,43.36
1379,-2.8605,37.6924,48.3
1380,-2.6072,37.9284,27.13
1381,-2.6161,37.9145,58.45
1382,-2.8559,37.4283,48.08
1383,-2.2501,37.819,41.69
1384,-2.0877,37.7589,20.4
1385,-1.9544,37.7473,38.68
1386,-1.8016,38.0595,24.54
1387,-1.744,37.9841,62.78
1388,-1.5166,37.8812,35.94
1389,-1.5111,37.8509,14.82
1390,-1.446,38.1215,51.02
1391,-1.4314,38.1393,20.13
1392,-1.2648,38.2655,25.33
1393,-1.2909,38.2655,55.29
1394,-1.1696,38.4474,57.7
1395,-0.2682,38.5348,5.14
1396,-0.3,38.4926,3.1
1397,-4.85,36.8648,60.26
1398,-4.8528,36.8482,54.53
1399,-3.95,36.8148,31.33
1400,-3.95,36.8149,48.97
1401,-3.7,36.8173,21.38
1402,-3.4208,37.2171,28.7
1403,-3.4685,37.098,5.16
1404,-3.4629,37.1012,15.49
1405,-5.9708,36.1796,0.08
1406,-5.9574,36.2061,0.44
1407,-5.9439,36.1982,0.05
1408,-6.1058,36.3129,0.1
1409,-6.1157,36.5311,15.47
1410,-6.3069,36.8565,0.01
1411,-6.3292,36.7965,0.01
1412,-5.0708,38.0268,21.14
1413,-4.8083,37.9493,25.38
1414,-4.8283,37.9809,36.31
1415,-4.8,37.9709,42.2
1416,-6.4389,37.7712,15.08
1417,-7.1481,37.3643,4.86
1418,-7.1619,37.3454,9.78
1419,-7.1194,37.3509,6.79
1420,-7.1472,37.2659,0.01
1421,-7.0263,37.2293,51.46
1422,-7.0369,37.3134,0.04
1423,-6.8392,37.1759,11.8
1424,-6.8556,37.1576,0.07
1425,-6.8278,37.2073,26.28
1426,-6.6097,37.2148,0.06
1427,-6.525,37.239,1.26
1428,-6.5042,37.1565,0.24
1429,-6.5335,37.6881,62.22
1430,-3.9847,38.142,65.77
1431,-6.3089,37.2298,2.13
1432,-6.1789,37.3112,0.02
1433,-6.1761,37.2454,1.36
1434,-6.1931,37.2398,23.14
1435,-6.2078,37.2773,0.16
1436,-0.3228,39.8573,56.66
1437,-0.2856,39.8801,39.37
1438,-0.35,39.9031,65.89
1439,-0.6472,40.0838,55.87
1440,-0.836,39.1423,69.48
1441,-0.8877,38.9229,40.58
1442,-6.6439,40.2189,52.36
1443,-6.488,40.2981,46.18
1444,-5.5064,40.0523,0.15
1445,-2.9178,37.9409,2.18
1446,-2.915,37.939,17.49
1447,-2.9083,37.952,58.05
1448,-2.7211,38.134,17.51
1449,-2.8306,38.0895,61.16
1450,-2.725,38.309,47.84
1451,-2.7083,38.2117,41.55
1452,-2.5211,38.334,60.23
1453,-3.5481,37.2599,12.55
1454,-3.8653,37.264,24.36
1455,-3.5111,37.2645,36.99
1456,-3.9536,37.2446,23.13
1457,-3.9583,37.2112,56.33
1458,-3.9758,37.2232,28.7
1459,-3.9236,36.8298,58.2
1460,-3.6857,36.9536,66.48
1461,-3.7335,36.9583,66.77
1462,-5.1492,36.4926,60.37
1463,-5.1419,36.5051,51.19
1464,-5.2042,36.5079,70.0
1465,-5.1847,36.4746,39.56
1466,-5.4589,36.5718,24.87
1467,-5.5322,36.5135,15.42
1468,-0.0196,38.8256,61.72
1469,-0.7349,38.3326,58.77
1470,-0.7432,38.3345,66.4
1471,-0.7961,38.4934,53.29
1472,-0.7583,38.4981,65.96
1473,-0.7167,38.5301,54.78
1474,-2.7877,37.3644,61.42
1475,-2.7775,37.3585,65.17
1476,-2.7643,37.3705,35.84
1477,-5.6113,40.084,15.13
1478,-5.9029,40.0901,58.01
1479,-5.7585,40.084,22.97
1480,-5.8021,40.334,37.07
1481,-5.8779,40.259,20.8
1482,-5.7196,39.7007,47.92
1483,-5.0501,39.4193,3.2
1484,-5.3807,40.1896,35.21
1485,-5.3862,40.134,18.94
1486,-4.9862,39.3673,46.42
1487,-6.6863,39.3507,42.7
1488,-6.6862,39.3507,46.1
1489,-6.4613,39.5257,38.37
1490,-6.7085,40.209,44.33
1491,-5.3644,36.7501,63.0
1492,-5.6696,36.6173,24.31
1493,0.0502,40.584,56.9
1494,0.1127,40.1135,39.19
1495,0.0502,40.6507,16.2
1496,-4.9334,38.1173,68.7
1497,-4.2167,38.2423,28.85
1498,-6.3526,40.193,35.51
1499,-7.2986,39.3637,27.84
1500,-7.2699,39.3433,30.36
1501,-7.2459,39.3262,16.15
1502,-5.3603,39.4826,41.19
1503,-5.3445,39.4051,45.17
1504,-5.4103,39.5904,68.42
1505,-5.4536,39.5129,42.22
1506,-5.585,39.3876,65.69
1507,-5.3444,39.4717,56.92
1508,-5.3523,39.4523,59.23
1509,-5.3374,39.4138,53.35
1510,-6.7818,40.2219,36.98
1511,-6.7876,40.1947,38.98
1512,-6.2985,40.2963,62.11
1513,-5.8679,40.2676,29.06
1514,-5.8767,40.2586,31.82
1515,-5.7869,40.0565,29.56
1516,-6.3382,40.3398,64.7
1517,-6.7846,40.2259,40.16
1518,-6.2772,40.2967,28.36
1519,-5.8621,40.3267,34.3
1520,-5.8295,40.3221,19.72
1521,-5.3355,39.4713,42.82
1522,-6.2772,40.4092,54.8
1523,-6.3869,40.3813,52.11
1524,-6.2635,40.3586,52.81
1525,-6.7783,40.2392,66.89
1526,-5.67,40.2689,54.86
1527,-5.7373,40.2164,46.73
1528,-3.4833,37.2648,26.44
1529,-3.4334,36.9673,53.0
1530,-3.4,36.9506,49.33
1531,-2.8694,37.3839,36.74
1532,-3.5069,37.1713,44.33
1533,-3.4334,37.1506,38.27
1534,-3.2167,37.1339,33.15
1535,-6.4155,39.007,27.2
1536,-5.9002,40.2174,25.2
1537,-6.4481,37.5801,43.29
1538,-6.403,37.2506,0.11
1539,-6.7502,37.1173,0.01
1540,-3.0167,37.884,16.7
1541,-2.7833,38.1173,24.79
1542,-2.8603,38.2173,34.5
1543,-3.6045,37.7006,49.14
1544,-3.4361,38.2756,22.57
1545,-3.0378,37.7842,29.0
1546,-3.3695,38.3506,65.0
1547,-3.2611,38.2756,32.05
1548,-3.65,40.984,0.9
1549,-3.22,40.4618,56.48
1550,-3.4917,40.859,62.5
1551,-3.6167,40.7757,45.1
1552,-3.8225,40.9374,4.4
1553,-3.8,40.4007,12.43
1554,-3.8834,40.866,33.97
1555,-3.8814,40.9282,18.79
1556,-3.5695,40.2757,32.27
1557,-3.5834,40.8396,6.27
1558,-3.8806,40.5674,26.05
1559,-3.225,40.5138,46.81
1560,-4.3504,40.2904,41.3
1561,-3.9334,40.3757,8.45
1562,-4.1727,40.517,44.0
1563,-4.1501,40.6007,31.03
1564,-4.1667,40.609,28.7
1565,-4.3306,40.3785,36.88
1566,-4.3126,40.3299,40.85
1567,-4.3001,40.3507,53.02
1568,-4.3501,40.284,40.55
1569,-4.3029,40.4007,27.72
1570,-3.7473,41.0452,30.27
1571,-4.0306,40.3604,30.58
1572,-3.8056,40.7496,35.84
1573,-4.3917,40.3757,54.67
1574,-4.2862,40.5513,15.11
1575,-3.7084,41.0452,18.93
1576,-4.0809,36.9345,46.6
1577,-4.9168,36.6206,24.45
1578,-5.0168,36.6989,75.73
1579,-4.9692,36.752,22.41
1580,-4.9354,37.0103,4.0
1581,-0.8416,37.6012,42.0
1582,-1.9805,38.1484,35.7
1583,-1.5627,37.8423,80.0
1584,-2.2027,42.9341,3.8
1585,-2.0805,42.7591,36.82
1586,-1.5166,43.0508,32.65
1587,-0.9193,42.8563,19.16
1588,-1.6695,43.1667,48.39
1589,-1.5194,43.2674,37.24
1590,-2.1478,42.9247,7.1
1591,-7.9864,42.1452,7.86
1592,-6.2002,43.5675,51.28
1593,-4.9001,43.4341,40.95
1594,-5.1682,43.4536,13.9
1595,-4.7168,42.9174,55.37
1596,-4.3334,42.9358,11.46
1597,-4.4001,42.5591,43.1
1598,-4.8833,42.8009,27.51
1599,-4.7779,42.6194,67.8
1600,-4.7334,42.5563,19.04
1601,-4.8834,42.8535,36.5
1602,-8.6531,42.4174,11.21
1603,-8.8003,42.1507,14.6
1604,-8.7448,42.0257,9.2
1605,-2.42,42.1563,24.26
1606,-2.5194,42.4494,29.67
1607,-2.5833,42.0774,28.42
1608,-2.5889,42.2758,9.7
1609,-2.7194,42.2007,20.5
1610,-2.6861,42.1841,27.89
1611,-2.8333,42.3027,40.2
1612,-2.5569,42.3216,29.88
1613,-2.3694,42.1507,43.5
1614,-6.0699,40.434,31.99
1615,-6.1502,40.5424,21.79
1616,-5.7529,40.334,25.59
1617,-6.353,40.8674,13.29
1618,-5.9174,40.5799,15.88
1619,-6.1946,40.5493,45.65
1620,-6.0593,40.479,29.67
1621,-6.528,40.3687,30.73
1622,-3.9195,43.3966,4.87
1623,-3.9612,43.3841,4.37
1624,-4.0001,43.4341,0.01
1625,-4.0251,43.2508,23.41
1626,-4.2936,43.124,4.49
1627,-4.089,41.2424,0.76
1628,-4.4029,41.0257,8.3
1629,-4.2834,41.0549,13.82
1630,-4.4195,40.8674,5.53
1631,-4.0001,41.3007,0.01
1632,-3.8653,41.1924,18.37
1633,-4.2834,41.3674,0.01
1634,-4.2279,40.7007,58.39
1635,-4.2006,40.7063,20.31
1636,-4.234,40.7007,8.4
1637,-4.2195,41.5007,25.14
1638,-4.1737,40.741,10.9
1639,-3.6723,41.2946,32.23
1640,-4.3917,41.3216,0.01
1641,-4.1723,41.3313,0.93
1642,-4.2626,41.3216,0.25
1643,-4.507,40.8721,25.2
1644,-4.1167,40.8674,12.9
1645,-4.1281,40.956,29.22
1646,-4.1028,41.3132,1.93
1647,-3.6,41.5507,54.51
1648,-4.2862,40.7757,4.58
1649,-4.1445,40.8007,43.31
1650,-3.9667,40.9174,39.55
1651,-3.8081,41.1368,50.74
1652,-4.3001,41.1674,1.15
1653,-3.45,41.2841,9.9
1654,-3.9417,41.1757,10.69
1655,-3.4278,41.5007,13.77
1656,-3.4611,41.2382,1.86
1657,-3.5417,41.3257,13.78
1658,-3.4095,41.2174,73.39
1659,-4.4195,41.4452,0.13
1660,-4.0723,40.8332,57.07
1661,-4.0112,40.7896,52.4
1662,-4.1501,40.884,40.7
1663,-3.9431,40.9859,16.03
1664,-3.5584,41.1715,47.38
1665,-3.7639,41.3016,0.79
1666,-3.7351,41.3009,24.46
1667,-4.3956,41.4118,31.75
1668,-4.0195,40.7507,30.76
1669,-4.5284,41.159,4.47
1670,-3.9962,40.9507,35.29
1671,-4.0278,41.2007,0.6
1672,-3.9689,41.2818,65.06
1673,-4.1278,40.9785,8.45
1674,-6.0418,37.8006,42.43
1675,-5.7015,37.809,3.76
1676,-6.0296,37.3526,0.38
1677,0.3419,40.7885,49.56
1678,1.1227,41.3188,49.2
1679,-1.6249,40.2924,0.66
1680,-1.3999,40.534,30.24
1681,-1.6194,40.5174,0.01
1682,-1.0582,40.8257,32.32
1683,-1.5666,40.934,38.77
1684,-1.3527,40.3174,60.94
1685,-1.3582,40.384,19.41
1686,-0.6983,40.4009,41.93
1687,-1.1,40.3481,43.78
1688,-2.4833,42.0096,28.82
1689,-2.4061,41.0924,0.79
1690,-2.4029,42.0841,39.32
1691,-2.8517,41.8388,18.21
1692,-2.8611,41.9499,22.27
1693,-3.1946,41.8007,29.35
1694,-2.1695,41.7174,9.42
1695,-2.7833,41.8757,57.54
1696,-2.7311,42.1119,41.57
1697,-3.0179,41.8507,59.62
1698,-3.2028,41.5674,3.11
1699,-2.5528,42.0035,36.51
1700,-2.7,41.9619,39.1
1701,-2.6694,41.9424,26.6
1702,-3.2467,41.4243,28.53
1703,-2.8055,41.9102,46.18
1704,-3.0569,41.8216,38.91
1705,-2.9194,41.8674,0.01
1706,-2.7917,41.8271,20.3
1707,-3.0445,41.3424,3.36
1708,-1.8222,41.8035,21.42
1709,-2.6194,41.5674,7.17
1710,-2.5666,41.9507,6.58
1711,-2.6436,41.4202,45.81
1712,-2.7639,41.9077,0.2
1713,-2.8,41.9341,54.14
1714,-2.3263,42.1205,45.6
1715,-4.7195,40.134,54.3
1716,-4.3779,40.284,35.7
1717,-4.3694,40.2759,44.2
1718,-4.2592,39.8537,37.97
1719,-4.0126,39.8215,11.68
1720,-3.5528,39.4981,77.15
1721,-4.7876,39.6215,66.6
1722,-4.414,39.5651,64.27
1723,-4.1701,40.2759,29.3
1724,-4.5195,39.9173,28.52
1725,-3.8878,39.8009,14.11
1726,-4.4579,39.5987,66.25
1727,-4.6456,39.6007,34.24
1728,-4.5279,40.0868,17.25
1729,-3.5167,39.9648,18.0
1730,-4.0195,39.9185,14.79
1731,-4.0167,39.8507,16.77
1732,-4.364,39.5104,58.12
1733,-4.1512,39.6543,32.99
1734,-3.9917,39.8423,10.84
1735,-4.2209,39.5118,46.2
1736,-3.9028,39.3365,25.37
1737,-4.0902,39.4008,51.28
1738,-4.0084,39.4651,46.87
1739,-4.0917,39.4007,77.0
1740,-4.0913,39.4006,48.94
1741,-0.471,39.684,21.66
1742,-5.2361,41.4398,4.24
1743,-4.8228,41.548,1.06
1744,-3.0403,42.9939,0.23
1745,-2.7105,43.3772,20.72
1746,-3.2195,43.2508,0.01
1747,-2.5055,43.3313,20.0
1748,-2.6294,43.1977,7.62
1749,-3.2195,43.3008,5.5
1750,-6.4196,42.1799,18.33
1751,-0.8556,42.3689,25.29
1752,-0.9588,42.4091,13.07
1753,0.3141,41.284,17.05
1754,-1.1027,42.4174,5.5
1755,-0.9332,41.9341,32.8
1756,-2.7333,42.6841,2.69
1757,-1.6333,39.8007,1.65
1758,-4.4167,40.8507,18.43
1759,-4.4667,40.734,17.55
1760,-3.2334,41.0174,1.98
1761,-4.2501,40.784,16.17
1762,-4.5334,39.7173,74.56
1763,-2.6,40.7675,6.63
1764,-3.5978,39.3426,74.94
1765,-4.1994,40.6714,26.5
1766,-5.3835,39.634,38.2
1767,-3.9834,40.9674,17.67
1768,-2.8666,41.0913,14.75
1769,-3.3334,41.9174,3.67
1770,-4.7334,39.4173,39.24
1771,-1.2999,42.0674,8.78
1772,-3.6167,42.8841,6.61
1773,-5.1405,36.6011,14.63
1774,-5.1304,36.6506,54.29
1775,-4.9488,36.6637,39.61
1776,-4.9475,36.7264,46.08
1777,-3.3997,37.1384,66.88
1778,-3.1656,37.1764,54.68
1779,-3.4742,36.9344,60.74
1780,-3.2786,36.9637,40.16
1781,-3.0089,42.4065,57.48
1782,-2.9361,42.3852,65.0
1783,-3.0446,42.3401,54.6
1784,-2.9818,42.3127,24.23
1785,-2.6874,42.3101,65.61
1786,-2.672,42.3087,50.16
1787,-2.8447,42.2998,75.08
1788,-2.8945,42.2614,25.0
1789,-2.7812,42.2824,77.24
1790,-2.734,42.25,21.24
1791,-2.578,42.2541,21.57
1792,-2.2339,42.2698,78.97
1793,-3.0875,42.2081,68.0
1794,-3.0694,42.1686,68.5
1795,-2.9,42.2208,78.9
1796,-2.845,42.2306,70.26
1797,-2.5743,42.2294,43.2
1798,-2.7185,42.1737,26.32
1799,-2.6033,42.168,29.98
1800,-2.5182,42.1292,49.62
1801,-2.4651,42.1431,65.0
1802,-1.8048,41.7949,76.74
1803,-0.8361,42.8303,14.38
1804,-0.1637,42.4836,23.47
1805,-3.7233,38.5773,27.43
1806,-2.6019,40.5718,26.0
1807,-4.8644,40.5681,27.2
1808,-4.9668,40.4007,41.74
1809,-4.5063,40.8852,31.8
1810,-3.9334,41.3507,0.01
1811,-2.6025,41.0682,68.85
1812,-3.1781,40.5814,27.42
1813,-2.016,39.8629,28.77
1814,-3.9277,41.0166,11.82
1815,-4.5261,40.4038,50.16
1816,-1.509,41.0895,44.7
1817,-2.808,41.1912,6.02
1818,-5.7485,40.2182,10.11
1819,-4.7769,41.5239,1.82
1820,-3.2087,41.1993,4.97
1821,-4.3953,40.3412,33.4
1822,-1.5697,40.4836,33.6
1823,-4.5616,40.9765,5.0
1824,-3.1333,41.2007,13.38
1825,-2.598,40.6398,10.73
1826,-3.6867,43.2889,5.53
1827,-5.1547,41.6963,52.09
1828,-2.4788,40.0641,3.97
1829,-3.679,40.5363,5.94
1830,-3.9285,40.7598,24.84
1831,-2.6734,41.8728,3.24
1832,-4.4673,39.3351,19.44
1833,-4.6635,41.3343,14.38
1834,-4.6031,41.4054,17.65
1835,-3.2017,40.1012,14.94
1836,-5.1672,41.4412,5.0
1837,-4.9745,40.4089,18.61
1838,-6.5027,42.1,47.42
1839,-1.8571,40.1839,17.79
1840,-1.7117,40.541,34.77
1841,-3.8891,40.8898,37.2
1842,-4.3834,39.5173,42.3
1843,-3.6,38.534,65.5
1844,-4.4501,40.7507,13.71
1845,-3.4826,41.148,35.01
1846,-5.3668,39.584,72.93
1847,-1.0999,42.7841,5.68
1848,-4.1501,40.734,17.96
1849,-1.8666,43.2508,14.42
1850,-1.7666,41.3507,22.91
1851,-4.1501,40.8007,21.31
1852,-2.9078,37.0318,68.94
1853,-1.9659,40.0961,32.06
1854,-5.2001,40.634,32.38
1855,-4.5001,41.1174,10.35
1856,-2.4838,40.1001,15.1
1857,-4.4834,40.3507,31.01
1858,-5.0668,40.2174,7.7
1859,-3.0333,40.5674,3.54
1860,-5.7668,40.034,8.67
1861,-3.1833,41.0674,29.85
1862,-4.0667,40.9174,13.35
1863,-0.8207,38.4762,34.84
1864,-6.8836,43.5008,83.49
1865,-0.7499,38.5173,48.96
1866,-2.3138,40.6668,24.06
1867,-4.5667,41.5481,2.56
1868,-3.9334,41.2507,3.4
1869,-5.0001,40.284,18.24
1870,-2.7417,41.9174,1.55
1871,-0.6715,38.5193,25.65
1872,-3.9334,41.0007,43.49
1873,-5.5001,41.517,1.32
1874,-3.3634,41.1482,50.91
1875,-1.9666,40.2007,72.7
1876,-5.5014,41.5174,49.24
1877,-0.5006,38.7518,62.91
1878,-4.5668,40.3174,49.89
1879,-4.5167,41.3314,4.92
1880,-2.8833,40.684,47.15
1881,-4.5167,41.4148,10.64
1882,-4.5334,40.0674,29.19
1883,-6.9002,39.4507,8.79
1884,-0.8332,38.5506,2.8
1885,-3.7334,38.434,46.61
1886,-4.95,41.4981,0.01
1887,-4.3042,42.9975,50.54
1888,-1.7166,40.8674,49.09
1889,-2.6,41.0674,1.15
1890,-1.8907,43.1138,16.25
1891,-1.8509,43.144,58.84
1892,-1.7341,43.2285,58.7
1893,-1.717,42.985,10.5
1894,-1.6724,43.0075,60.8
1895,-1.7218,43.0211,11.52
1896,-1.7592,43.0238,4.06
1897,-1.6054,43.0814,57.4
1898,-1.2802,43.1135,33.24
1899,-1.3117,43.073,60.0
1900,-1.2411,43.0084,4.89
1901,-1.2873,42.9337,22.25
1902,-1.4343,43.1301,49.28
1903,-1.4637,43.1824,2.14
1904,-1.6212,43.1825,62.79
1905,-1.9198,42.9389,1.41
1906,-2.1223,42.8844,0.01
1907,-1.7264,43.2382,32.97
1908,-3.1981,41.7981,2.2
1909,-0.0498,40.7007,57.01
1910,-5.7516,39.5367,16.43
1911,-5.0473,41.344,7.4
1912,-3.9667,41.2841,0.01
1913,-1.934,39.9973,0.85
1914,-2.7,42.2007,30.6
1915,-2.0999,40.9174,12.8
1916,-2.9339,37.889,1.91
1917,-3.0667,41.2031,27.06
1918,-6.0204,39.8601,62.75
1919,-4.3296,41.0256,4.51
1920,-4.6178,41.3648,3.05
1921,-4.0217,40.8607,38.23
1922,-3.7953,41.2941,18.28
1923,-5.4146,43.4705,0.44
1924,-0.9149,41.5896,23.86
1925,-3.4081,43.1188,65.0
1926,-4.7351,40.1487,26.76
1927,-2.4411,41.0188,1.89
1928,-4.3309,41.191,14.92
1929,-4.7119,41.4039,13.84
1930,-5.3243,40.2094,44.6
1931,-5.2485,40.4768,26.4
1932,-4.6868,40.7179,40.49
1933,-2.9397,40.5896,38.8
1934,0.0022,38.8616,31.77
1935,-0.6832,42.5174,7.0
1936,-8.5712,42.1902,24.15
1937,-3.8597,38.3671,47.78
1938,-1.6205,40.4976,4.76
1939,-3.8698,38.3499,70.82
1940,-5.0668,40.184,42.4
1941,-4.2994,41.1669,29.1
1942,-1.7222,40.2279,2.91
1943,-6.2335,42.2507,61.38
1944,-4.2347,38.4088,27.8
1945,-5.9819,38.7603,14.14
1946,-0.6238,42.7411,19.14
1947,-4.3207,41.6342,27.48
1948,-4.7491,39.6349,74.42
1949,-5.3278,43.1095,18.41
1950,-5.0478,41.5846,41.78
1951,-5.0474,41.5848,41.78
1952,-1.8869,37.0329,40.6
1953,-6.5669,40.434,20.4
1954,-2.9481,41.9309,41.96
1955,-6.2665,41.4507,3.13
1956,-3.9237,40.9841,60.43
1957,-4.7766,39.6147,41.51
1958,-5.45,41.5167,21.82
1959,2.5359,41.9461,33.98
1960,2.5703,41.9372,40.45
1961,2.5706,41.9372,37.83
1962,2.5338,41.902,39.13
1963,2.5031,41.8716,25.64
1964,2.5187,41.8218,50.98
1965,2.5195,41.8718,23.13
1966,2.4569,41.871,33.85
1967,2.4887,41.8117,35.18
1968,2.541,41.9002,34.57
1969,2.4779,42.1398,8.74
1970,2.5251,42.1475,46.34
1971,2.7436,42.4097,15.56
1972,2.5896,41.6599,56.52
1973,2.5618,41.6733,40.18
1974,2.4386,41.8962,39.43
1975,2.4469,41.9052,35.57
1976,2.7168,41.9951,67.14
1977,2.7145,42.0065,46.04
1978,2.9215,41.9878,48.85
1979,2.5976,41.9715,50.76
1980,2.5884,41.9706,29.76
1981,2.5564,42.0171,71.24
1982,2.6002,41.8786,53.01
1983,2.693,41.8012,45.33
1984,2.625,41.786,42.55
1985,2.6013,41.8213,40.85
1986,2.5953,41.8328,22.91
1987,0.7219,42.8466,44.79
1988,0.8088,42.8133,26.65
1989,0.814,42.7782,61.03
1990,0.8404,42.776,28.88
1991,0.7139,42.674,84.35
1992,0.7701,42.6213,55.73
1993,1.7645,42.28,54.0
1994,1.8322,42.2915,24.37
1995,1.9496,42.2341,9.17
1996,1.756,42.0961,56.03
1997,2.1003,42.2705,5.29
1998,2.1822,42.2566,12.04
1999,2.1917,42.2558,0.01
2000,2.3509,42.1981,2.66
2001,2.4106,42.2012,3.66
2002,2.2959,42.108,3.14
2003,2.3769,42.1051,48.74
2004,2.3807,42.1077,12.42
2005,2.4334,42.0757,0.01
2006,2.4824,42.1395,2.54
2007,2.5121,42.1512,81.43
2008,2.9421,42.4689,12.64
2009,2.4479,41.7935,30.19
2010,2.4828,41.7982,23.61
2011,-7.362,43.4262,28.09
2012,-7.683,42.9848,15.25
2013,-7.5327,42.9995,13.11
2014,-6.9807,42.9688,33.09
2015,-7.2153,42.8518,28.85
2016,-6.9018,42.8397,63.98
2017,-7.0949,42.8186,44.9
2018,-7.0424,42.8145,38.56
2019,-7.6085,42.7856,10.08
2020,-7.2748,42.7413,20.68
2021,-7.1977,42.5883,35.08
2022,-7.2009,42.4244,43.58
2023,-8.2177,42.8164,38.04
2024,-8.1637,42.7788,41.24
2025,-8.11,42.636,54.33
2026,-7.79,42.7141,28.4
2027,-7.7196,42.5633,44.07
2028,-7.4735,42.4112,26.02
2029,-7.0779,42.4574,46.17
2030,-7.2789,42.3637,22.07
2031,-7.1597,42.3055,52.34
2032,-7.1052,42.1673,23.57
2033,-1.54,42.6916,0.01
2034,-1.1831,42.6541,8.6
2035,-1.5756,43.0009,11.0
2036,-1.5698,42.9873,31.7
2037,-1.5795,42.9929,24.6
2038,-1.6166,43.0311,19.2
2039,-1.6431,43.0436,17.7
2040,-0.8324,42.9247,0.01
2041,-0.8335,42.9181,6.5
2042,-0.903,42.9365,67.0
2043,-0.8986,42.9214,0.01
2044,-2.0177,42.9731,8.8
2045,-2.0057,42.9604,0.01
2046,-1.9798,42.9665,0.01
2047,-1.9454,42.9698,0.01
2048,-1.8906,42.9513,0.01
2049,-1.8723,42.9421,10.4
2050,-1.8878,43.0386,0.01
2051,-1.8815,43.0457,0.01
2052,-1.5075,43.0775,28.1
2053,-1.5338,43.0553,7.5
2054,-1.6382,43.0548,7.7
2055,-1.5875,43.0723,17.1
2056,-1.4158,43.2023,48.4
2057,-1.4448,43.2243,36.9
2058,-1.4581,43.2335,30.7
2059,-1.4132,43.1618,4.0
2060,-1.4806,43.0231,12.0
2061,-1.5318,43.0373,29.7
2062,-1.4305,43.0143,29.2
2063,-1.1526,42.9931,0.01
2064,-1.1837,42.9773,0.01
2065,-1.2557,42.9028,33.8
2066,-1.6612,43.0695,22.7
2067,-1.6992,43.0753,16.4
2068,-1.7271,43.1486,36.1
2069,-1.7705,43.0716,0.01
2070,-1.8053,43.1143,29.0
2071,-1.8825,43.125,47.3
2072,-1.0982,42.4456,70.2
2073,-0.8393,42.866,12.9
2074,-0.8374,42.8688,0.7
2075,-2.1809,42.7826,58.2
2076,-2.2148,42.8063,0.01
2077,-2.238,42.8145,0.01
2078,-1.2515,42.8767,0.01
2079,-1.3111,42.9361,7.6
2080,-1.3454,43.0302,22.5
2081,-1.4029,42.9914,0.01
2082,-1.3793,43.0001,0.01
2083,-2.0636,42.7988,0.01
2084,-2.0511,42.7972,25.7
2085,-1.4493,42.6544,12.1
2086,-1.0755,42.9855,0.01
2087,-1.0119,42.9638,1.2
2088,-1.2038,42.9597,31.3
2089,-1.2633,42.9804,61.4
2090,-2.4623,42.6114,45.3
2091,-2.14,42.7364,45.9
2092,-2.2547,42.7462,0.01
2093,-2.0354,42.7842,0.01
2094,-2.0625,42.9339,9.8
2095,-1.9383,42.9579,0.01
2096,-1.9998,42.8676,15.3
2097,-2.1039,42.864,22.7
2098,-1.7565,43.0366,0.01
2099,-1.7537,42.9913,0.01
2100,-1.8519,43.0508,49.8
2101,-1.8143,42.8388,0.01
2102,-1.8039,42.9333,33.1
2103,-2.0932,42.8417,5.7
2104,-1.2919,43.0105,5.9
2105,-2.0966,42.9432,6.3
2106,-1.7037,42.9772,0.7
2107,-2.5746,42.765,66.0
2108,-2.5171,42.7854,0.01
2109,-2.4079,42.6967,3.3
2110,-2.3632,42.7694,19.9
2111,-2.3105,42.7808,42.4
2112,-2.2333,42.8459,0.4
2113,-2.3273,42.9231,15.7
2114,-2.9179,42.9602,1.5
2115,-2.8713,42.9269,4.6
2116,-2.8859,42.98,1.7
2117,-2.8613,43.0295,10.3
2118,-2.6303,43.0632,1.0
2119,-2.6674,43.0237,1.5
2120,-2.7361,43.0239,6.2
2121,-2.6075,42.9866,9.2
2122,-3.2302,42.8664,1.5
2123,-3.2217,42.8889,56.0
2124,-2.7463,42.6286,31.4
2125,-2.6573,42.6238,0.3
2126,-2.0452,43.0994,27.0
2127,-2.3649,43.0773,48.9
2128,-2.5537,42.9675,35.8
2129,-1.894,43.2404,14.4
2130,-1.8248,43.2523,10.3
2131,-2.2794,42.9328,6.0
2132,-2.2104,42.9584,6.5
2133,-2.0728,42.979,5.9
2134,-6.6861,37.8888,25.72
2135,-6.6814,37.8932,41.05
2136,-6.6791,37.8967,21.07
2137,-6.6666,37.8956,23.97
2138,-6.6049,37.9043,15.91
2139,-6.5528,37.8969,18.67
2140,-6.5686,37.9017,17.73
2141,-6.5653,37.8981,17.47
2142,-5.728,37.9493,37.33
2143,-5.4316,37.8972,37.62
2144,-5.5722,37.9177,38.18
2145,-5.2609,36.5785,75.59
2146,-3.5869,43.1156,44.95
2147,-3.4266,43.126,60.0
2148,-3.2952,43.1769,32.72
2149,-3.3427,43.0651,10.63
2150,-3.191,43.0232,0.4
2151,-2.9979,42.9449,0.01
2152,-3.832,42.9415,0.46
2153,-3.6978,42.9633,1.37
2154,-4.1167,42.7147,0.35
2155,-3.8529,42.6857,47.36
2156,-3.3372,42.7094,41.01
2157,-3.1895,42.7045,61.88
2158,-3.1981,42.35,6.12
2159,-3.1429,42.3387,48.82
2160,-5.1983,36.5804,42.42
2161,-0.9617,38.5381,24.62
2162,-0.9417,38.534,19.41
2163,-0.9719,38.5387,41.86
2164,-1.4722,43.0149,12.79
2165,-6.0488,40.5023,57.29
2166,-4.9744,40.3899,20.99
2167,-2.7032,40.6316,48.66
2168,-2.7255,40.6649,11.37
2169,-4.5272,41.1258,3.95
2170,-3.2449,40.9857,18.59
2171,-4.9906,40.1859,45.71
2172,-4.9403,40.2391,33.48
2173,-2.1085,40.766,17.09
2174,-4.141,39.4316,42.71
2175,-3.2555,40.9524,22.96
2176,-4.3328,40.3698,60.52
2177,-4.1386,40.6116,6.08
2178,-4.9956,40.3885,48.6
2179,-2.2536,40.9709,44.3
2180,-1.8857,40.2599,9.23
2181,-3.227,40.3658,11.24
2182,-3.544,40.9973,23.48
2183,-1.8702,41.0147,55.05
2184,-4.1574,40.5181,22.77
2185,-2.7403,40.5163,47.91
2186,-4.0001,40.9007,22.72
2187,-3.2878,41.1351,47.15
2188,-4.967,40.3888,39.02
2189,-3.2536,41.6901,53.1
2190,-4.4335,40.3241,40.33
2191,-3.4995,40.857,32.72
2192,-3.4636,40.8959,20.33
2193,-2.6186,41.1749,4.26
2194,-0.0949,40.4364,72.9
2195,-0.0852,40.436,73.5
2196,-5.7551,41.1798,9.8
2197,-5.7952,41.1923,29.7
2198,-5.7835,41.1927,40.9
2199,-5.7627,41.1735,10.6
2200,-5.7836,41.1933,28.0
2201,-5.7734,41.1943,41.4
2202,-0.0975,40.9304,19.1
2203,-0.099,40.9312,17.1
2204,-0.0977,40.9336,22.4
2205,-0.0977,40.9341,14.0
2206,-0.3182,41.3213,46.9
2207,-0.3469,41.3691,32.1
2208,-0.3456,41.3724,59.0
2209,-5.8941,41.2324,56.4
2210,-0.023,41.5819,32.2
2211,-0.0196,41.5801,69.8
2212,-0.4292,40.5975,8.2
2213,-0.0908,40.4345,48.4
2214,-5.8138,41.2706,57.5
2215,-5.8087,41.2662,47.9
2216,-0.4165,40.6645,49.2
2217,-0.4186,40.6619,47.0
2218,-0.3771,40.4925,54.6
2219,-0.6281,40.5224,30.6
2220,-0.6338,40.5268,34.0
2221,-0.5694,40.668,64.0
2222,-0.4086,40.5901,49.2
2223,-5.7249,41.1644,35.9
2224,-4.0382,40.8579,35.19
2225,-5.158,40.2357,51.2
2226,-0.0922,40.4093,36.58
2227,-4.0072,40.7537,62.81
2228,-3.6813,40.8334,15.59
2229,-3.7627,40.8501,25.19
2230,-2.4997,37.9451,37.6
2231,-5.3009,39.9861,26.39
2232,-4.5027,41.1996,4.91
2233,-4.9909,40.3741,38.15
2234,-4.1396,40.6128,50.66
2235,-4.7204,40.9839,5.84
2236,-4.5601,41.3158,2.3
2237,-3.8283,40.707,60.0
2238,-4.2159,40.7138,13.34
2239,-3.6698,41.0399,16.86
2240,-4.7353,40.1438,25.6
2241,-3.8977,40.4698,16.98
2242,-4.7801,41.3127,7.9
2243,-4.0271,41.4996,3.89
2244,-5.0334,40.4174,17.08
2245,-4.0263,40.8903,30.4
2246,-3.6274,40.5752,18.85
2247,-5.1079,39.9863,5.51
2248,-1.7378,40.6067,3.98
2249,-3.65,40.8,33.78
2250,-3.651,41.1089,34.14
2251,-4.2015,40.3063,15.5
2252,-4.1838,40.651,41.44
2253,-4.09,38.9425,40.49
2254,-4.5791,40.3051,45.94
2255,-8.727,42.6713,13.2
2256,-8.0234,42.794,42.5
2257,-8.3198,42.6363,9.3
2258,-8.3193,42.6228,16.3
2259,-8.6419,42.6053,7.3
2260,-8.5533,42.5519,18.4
2261,-7.9439,42.6492,20.0
2262,-8.2613,42.7336,23.9
2263,-8.7419,42.6177,8.89
2264,-8.1276,42.644,7.9
2265,-8.7011,42.3511,9.4
2266,-8.3384,42.6008,27.0
2267,-8.6401,42.7174,5.6
2268,-8.4304,42.7472,14.5
2269,-8.6677,42.5793,42.2
2270,-8.2466,42.6322,11.7
2271,-8.0632,42.7439,17.1
2272,-8.2939,42.7653,6.4
2273,-8.134,42.5733,13.5
2274,-2.4961,42.0549,36.0
2275,-2.5372,42.0259,37.4
2276,-2.5482,42.0254,39.2
2277,-2.552,42.002,55.7
2278,-2.5436,41.9984,37.4
2279,-2.4631,42.0908,82.4
2280,-5.1262,41.2312,18.2
2281,-5.2794,41.2093,26.2
2282,-4.8907,41.3988,31.9
2283,-4.2252,41.569,1.2
2284,-4.5222,41.3714,10.0
2285,-4.366,41.621,9.3
2286,-4.6181,41.4768,3.2
2287,-4.5877,41.4578,2.1
2288,-4.4339,41.5409,1.0
2289,-4.7289,41.2297,5.6
2290,-4.791,41.1882,28.1
2291,-4.6125,41.299,0.72
2292,-4.6126,41.3521,4.7
2293,-4.7083,41.5372,45.4
2294,-4.5826,41.3976,23.9
2295,-4.5776,41.4368,9.1
2296,-5.1986,41.3613,24.0
2297,-4.5482,41.3566,0.35
2298,-4.9135,41.2601,10.8
2299,-4.6789,41.4899,1.2
2300,-4.6144,41.2782,8.6
2301,-4.6845,41.4979,4.4
2302,-5.2252,41.3331,61.1
2303,-4.8569,41.4718,60.6
2304,-4.0784,41.6106,42.4
2305,-5.0293,41.3361,23.3
2306,-5.0697,41.2151,14.0
2307,-4.7025,41.2706,11.9
2308,-3.4121,40.3438,10.0
2309,-3.2471,40.3533,8.0
2310,-3.2353,40.2903,18.0
2311,-3.2817,40.119,8.0
2312,-3.5998,40.2619,6.0
2313,-4.2841,40.3825,6.0
2314,-3.5922,40.7394,15.0
2315,-2.5024,40.7669,16.0
2316,-3.5229,40.965,17.0
2317,-3.8082,40.9723,5.0
2318,-3.7722,40.9456,18.0
2319,-3.4377,40.659,5.0
2320,-3.5054,40.2263,12.0
2321,-3.6259,40.5411,5.0
2322,-3.5539,40.4063,24.0
2323,-3.1575,40.7354,45.7
2324,-2.5425,41.1256,47.8
2325,-1.8732,40.9778,38.5
2326,-3.0888,40.7544,48.7
2327,-1.6524,40.7876,20.8
2328,-1.7073,40.7661,47.8
2329,-3.2311,40.7813,39.8
2330,-2.9879,40.7788,44.6
2331,-3.1059,40.2905,43.7
2332,-2.9644,40.7752,49.6
2333,-3.1421,40.4593,40.3
2334,-3.383,40.8169,41.6
2335,-2.6991,38.6132,40.0
2336,-2.7001,38.6087,40.0
2337,-2.7002,38.6106,40.0
2338,-2.7025,38.6105,15.0
2339,-4.3688,40.2563,37.0
2340,-4.1282,39.7192,45.0
2341,-3.7092,39.5865,75.0
2342,-4.978,39.8961,6.0
2343,-4.4989,39.5943,20.0
2344,-4.6414,39.7608,30.0
2345,-4.6716,39.609,6.0
2346,-4.6676,39.6379,8.0
2347,-3.7036,39.3747,39.0
2348,-3.9129,39.5801,63.0
2349,-4.5005,39.6438,16.0
2350,-4.6606,36.6928,0.6
2351,-4.6987,36.6945,3.0
2352,-4.6254,36.7495,6.6
2353,-4.6234,36.72,4.7
2354,-4.5923,36.6867,29.5
2355,-4.5906,36.7634,36.5
2356,-4.5695,36.6887,28.5
2357,-4.6584,36.7089,3.0
2358,-4.5134,36.9598,45.0
2359,-4.5426,36.9559,20.0
2360,-4.5498,36.9517,12.0
2361,-4.5568,36.9539,14.0
2362,-2.8333,43.0508,2.8
2363,-2.7167,42.9341,2.0
2364,-2.4747,42.7347,10.0
2365,-2.5166,39.2007,43.3
2366,-2.4277,39.2498,38.0
2367,-2.3486,39.2396,19.6
2368,-2.375,39.1721,15.8
2369,-2.7814,39.1479,60.0
2370,-2.6667,39.134,33.6
2371,-2.7333,39.0868,17.1
2372,-2.5,39.084,51.4
2373,-2.45,39.0618,61.8
2374,-2.4166,39.0007,34.0
2375,-2.7333,38.984,22.6
2376,-2.6,38.9173,13.2
2377,-1.8333,38.9173,40.0
2378,-1.8944,38.7256,17.7
2379,-1.8999,38.734,25.0
2380,-1.7333,38.8006,24.0
2381,-2.6427,38.5734,40.0
2382,-2.55,38.6506,17.0
2383,-2.55,38.5673,37.0
2384,-2.5,38.6173,25.0
2385,-0.9166,38.5673,51.0
2386,-0.6332,38.534,46.1
2387,-0.2999,38.534,5.1
2388,-0.2332,38.5173,3.1
2389,-0.9332,38.4006,26.6
2390,-2.2333,37.8173,4.7
2391,-2.2833,37.7006,26.8
2392,-2.1166,37.8173,20.1
2393,-2.15,37.7673,41.7
2394,-2.0666,37.734,40.2
2395,-2.1333,37.5506,56.6
2396,-2.5166,37.3506,3.0
2397,-2.4166,37.4173,20.3
2398,-2.35,37.4673,1.2
2399,-2.2333,37.4339,25.7
2400,-2.1387,37.3839,44.4
2401,-2.0833,37.4839,30.8
2402,-1.8999,37.5006,42.2
2403,-2.7667,37.1173,5.7
2404,-2.7333,37.0006,13.9
2405,-2.5666,37.0339,25.0
2406,-2.35,37.0839,18.5
2407,-2.25,37.1506,50.0
2408,-2.2333,37.0839,10.0
2409,-2.1333,37.1506,75.1
2410,-2.7667,36.9839,34.9
2411,-2.7667,36.8839,43.6
2412,-2.7167,36.8339,53.5
2413,-2.5166,36.8839,29.2
2414,-2.4833,36.9506,0.5
2415,-2.3333,37.0006,43.0
2416,-2.2166,36.9173,34.5
2417,-2.7333,36.7673,65.9
2418,-2.6833,36.7173,30.4
2419,-2.6333,36.7506,8.6
2420,-6.9836,43.5175,25.8
2421,-6.5169,43.5341,0.9
2422,-6.5002,43.4175,12.2
2423,-6.1169,43.4841,45.5
2424,-5.2668,43.4508,22.9
2425,-5.0835,43.3008,23.3
2426,-4.8334,41.0674,5.1
2427,-4.9501,41.1007,26.8
2428,-5.0501,40.884,29.1
2429,-4.9668,40.9674,7.7
2430,-4.6001,40.5674,62.7
2431,-5.2501,40.134,5.0
2432,-5.0834,39.3673,15.0
2433,-5.0668,39.2673,20.0
2434,-6.9502,39.084,61.0
2435,-6.9157,39.0507,26.0
2436,-6.853,39.0812,80.0
2437,-6.8483,38.794,17.0
2438,-6.8463,38.7893,19.5
2439,-6.6169,38.8673,75.0
2440,-6.5835,38.834,19.5
2441,-7.0335,38.7673,10.0
2442,-6.9669,38.7173,16.1
2443,-6.6835,38.8006,39.7
2444,-6.4335,38.8006,6.1
2445,-6.6835,38.684,34.7
2446,-6.5169,38.7673,13.3
2447,-5.8502,38.784,16.9
2448,-6.9002,38.5506,8.2
2449,-6.8335,38.5465,9.4
2450,-6.4835,38.6173,15.0
2451,-5.7335,38.6506,15.0
2452,-6.8169,38.4173,25.6
2453,-6.6002,38.434,25.6
2454,-7.0835,38.234,42.0
2455,-7.0002,38.284,32.8
2456,-6.7835,38.3173,39.5
2457,-6.6896,38.2251,11.0
2458,-6.6558,38.194,17.8
2459,-6.4835,38.2173,24.1
2460,-6.5669,38.134,7.7
2461,-6.5335,38.034,4.7
2462,1.8003,42.1841,32.1
2463,1.8669,42.2341,36.2
2464,2.0336,42.2341,35.4
2465,2.167,41.8841,1.7
2466,2.1836,41.9341,1.5
2467,2.2003,41.9674,15.7
2468,2.3003,41.9507,0.1
2469,2.417,41.9674,21.4
2470,2.4336,41.9507,17.7
2471,2.467,41.9007,13.6
2472,2.3336,41.8841,36.7
2473,1.8003,41.7007,32.7
2474,2.0336,41.6674,31.8
2475,2.237,41.8213,8.6
2476,2.3253,41.8118,49.8
2477,2.3892,41.7785,6.5
2478,2.3336,41.7674,36.6
2479,2.3947,41.7285,16.0
2480,2.4392,41.7618,10.0
2481,1.5183,41.6202,7.8
2482,1.5169,41.5174,40.2
2483,2.0336,41.6174,13.1
2484,2.367,41.534,18.0
2485,2.317,41.5007,6.3
2486,2.3586,41.5368,21.3
2487,2.3586,41.5229,21.2
2488,1.553,41.4515,62.2
2489,1.6269,41.3515,70.7
2490,1.8669,41.4007,65.0
2491,1.9305,41.3889,70.3
2492,1.9503,41.334,75.0
2493,1.9169,41.3007,17.8
2494,1.967,41.284,18.7
2495,1.967,41.3174,50.3
2496,2.0108,41.3302,69.0
2497,1.9528,41.2882,43.0
2498,1.9455,41.2696,46.0
2499,-3.4,42.9674,45.0
2500,-3.45,42.7341,11.0
2501,-3.4334,42.7674,38.0
2502,-3.1667,42.8174,17.0
2503,-3.0167,41.9841,10.2
2504,-4.0167,41.7341,12.8
2505,-3.9334,41.7507,17.0
2506,-3.9167,41.7174,5.8
2507,-3.8834,41.7007,50.6
2508,-3.7667,41.7341,30.9
2509,-3.7334,41.7007,1.7
2510,-3.6834,41.7174,5.8
2511,-3.6334,41.7341,1.2
2512,-3.6167,41.7841,0.8
2513,-3.55,41.7174,0.2
2514,-3.4834,41.8174,1.1
2515,-3.5,41.7507,19.0
2516,-3.5167,41.7007,4.6
2517,-3.45,41.7007,12.0
2518,-3.8167,41.6507,2.4
2519,-3.5834,41.6174,6.0
2520,-3.5667,41.6341,2.5
2521,-3.5167,41.6841,3.3
2522,-3.9667,41.8174,0.6
2523,-3.9501,41.7507,3.6
2524,-5.6001,39.934,18.9
2525,-6.5669,40.0174,10.0
2526,-5.1168,36.9673,12.0
2527,-5.7335,36.7339,0.5
2528,-5.6668,36.7673,2.8
2529,-5.6168,36.8006,7.7
2530,-0.1665,40.7507,48.1
2531,-0.4665,40.0507,37.5
2532,-0.4332,40.0174,46.5
2533,0.0668,40.134,11.7
2534,0.0668,40.1007,25.1
2535,0.1002,40.084,55.9
2536,-0.4499,39.9174,65.9
2537,-0.4165,39.9007,39.4
2538,-0.2165,39.884,56.7
2539,-0.5665,39.8007,40.6
2540,-4.887,39.4451,40.0
2541,-4.7801,39.4465,60.0
2542,-2.9333,39.3507,15.0
2543,-3.2417,39.1118,39.6
2544,-3.8334,38.834,15.0
2545,-3.3947,38.837,34.0
2546,-3.0167,38.7006,10.0
2547,-3.4639,39.259,14.0
2548,-4.9001,38.0173,20.0
2549,-4.8334,38.0506,32.8
2550,-4.8501,37.9673,32.4
2551,-4.8001,37.984,54.0
2552,-8.8337,43.1341,33.3
2553,-8.8003,43.1674,10.1
2554,-8.7003,43.1674,1.3
2555,-8.5003,43.1174,28.7
2556,-9.017,42.9508,37.9
2557,-8.6503,42.9841,17.8
2558,-8.1336,42.9341,41.8
2559,-8.4003,42.8008,49.7
2560,-1.8666,40.4007,0.1
2561,-1.8333,40.2507,0.3
2562,-2.9,39.8173,41.0
2563,-1.7963,40.4118,0.1
2564,-1.7708,40.2124,0.3
2565,2.1336,42.2341,9.6
2566,2.1503,42.3007,2.4
2567,2.2003,42.3174,57.1
2568,2.1836,42.2841,13.2
2569,2.167,42.2507,6.7
2570,2.4892,42.2602,42.2
2571,2.4906,42.2144,32.7
2572,2.2003,42.3174,18.2
2573,2.5198,42.1521,28.2
2574,2.7337,42.1341,4.3
2575,2.4281,41.8424,32.4
2576,2.4225,41.8396,46.8
2577,2.7837,41.9507,4.0
2578,2.7503,41.9285,17.9
2579,3.017,41.9507,7.0
2580,3.0337,41.9341,58.0
2581,3.1672,41.9201,36.9
2582,2.4378,41.8479,26.6
2583,2.7156,41.7696,41.0
2584,-2.45,37.7506,5.3
2585,-2.4333,37.8173,1.3
2586,-2.7667,37.4839,41.0
2587,-2.7667,37.3673,49.0
2588,-2.5833,37.4506,32.0
2589,-3.7334,37.2173,0.4
2590,-3.55,37.2506,72.0
2591,-3.55,37.2673,16.7
2592,-4.1001,37.3173,31.0
2593,-3.1833,37.3172,33.0
2594,-3.0667,37.3173,25.0
2595,-3.1833,37.2673,40.0
2596,-2.8833,37.2506,55.0
2597,-3.0167,37.1839,50.0
2598,-4.0834,37.1673,22.0
2599,-4.0834,37.0506,3.0
2600,-3.4834,37.0506,19.0
2601,-3.4667,37.1006,71.0
2602,-3.25,37.1506,15.0
2603,-3.2833,37.0173,58.0
2604,-3.8,36.9839,52.0
2605,-3.5334,37.0006,65.0
2606,-3.35,36.9339,64.0
2607,-3.3,36.9006,47.0
2608,-3.2833,36.9839,51.0
2609,-3.3653,36.7806,54.0
2610,-3.3686,36.7609,41.0
2611,-3.3661,36.7417,42.0
2612,-3.2333,41.0507,38.0
2613,-3.1667,41.134,59.0
2614,-3.2167,40.9674,50.0
2615,-2.7167,40.884,10.0
2616,-2.4166,43.2174,14.0
2617,-2.35,43.2841,7.4
2618,-2.15,43.2341,8.9
2619,-2.0833,43.2841,1.8
2620,-2.0999,43.2841,8.0
2621,-1.8994,43.2445,19.9
2622,-2.5,43.0341,1.2
2623,-2.8333,43.2675,1.8
2624,-2.7,43.3175,0.3
2625,-2.2166,43.1508,52.2
2626,-2.1166,43.0508,8.0
2627,-1.9333,43.1508,36.1
2628,-2.3,42.9674,10.4
2629,-7.1669,37.984,19.2
2630,-6.3502,37.4673,50.0
2631,-0.7165,42.8508,15.0
2632,-0.8165,42.7341,15.6
2633,-0.3332,42.6008,62.7
2634,-0.0498,42.6008,16.5
2635,0.2335,42.6341,60.4
2636,-0.5832,42.4674,27.5
2637,-0.6499,42.3007,48.2
2638,-0.7499,42.0007,66.0
2639,-0.5832,42.0341,50.0
2640,-0.7665,41.9674,12.0
2641,-0.6832,42.0007,52.0
2642,-0.1998,41.8868,1.0
2643,-0.4499,41.7507,55.6
2644,-0.4165,41.7507,32.4
2645,-0.1832,42.6174,10.0
2646,0.0168,42.5841,20.0
2647,-0.1332,42.5341,20.0
2648,0.3002,42.6008,20.0
2649,0.3502,42.5841,40.0
2650,-2.7592,38.509,30.0
2651,-2.6166,38.5006,17.0
2652,-3.9042,38.3145,6.0
2653,-3.6534,38.3251,0.1
2654,-3.8175,37.7645,38.0
2655,-3.0192,37.6545,76.0
2656,-2.0166,42.1174,22.0
2657,-1.9499,42.1174,18.0
2658,-5.6168,42.4008,20.0
2659,-5.5835,42.3507,20.0
2660,-5.5001,42.4008,25.0
2661,-5.4668,42.4174,20.0
2662,-6.1168,42.3007,9.6
2663,-6.0502,42.3007,3.1
2664,-6.0502,42.1841,8.5
2665,-5.9668,42.3007,1.5
2666,-5.6668,42.3007,15.0
2667,-5.5668,42.2341,5.0
2668,-5.4001,42.3007,20.0
2669,-5.4001,42.2841,20.0
2670,-5.3835,42.2674,15.0
2671,-5.8168,42.1507,3.7
2672,-5.3668,42.2841,20.0
2673,1.4003,42.5508,48.8
2674,1.3503,42.5174,67.8
2675,1.2169,42.4341,58.7
2676,1.3336,42.4174,64.0
2677,1.3503,42.4174,42.5
2678,1.7169,42.3507,33.5
2679,1.8003,42.3507,65.5
2680,1.6669,42.2174,26.1
2681,1.6003,42.3174,55.3
2682,1.4341,41.8796,1.3
2683,1.3752,41.7196,26.8
2684,1.2975,41.6052,0.8
2685,-7.3336,43.5841,55.9
2686,-7.2669,43.5175,14.0
2687,-7.0669,43.5341,14.0
2688,-7.7336,43.2174,21.1
2689,-7.6003,43.2674,18.2
2690,-7.5336,43.2674,16.5
2691,-7.6003,43.2008,30.8
2692,-7.4836,43.2674,3.1
2693,-7.4336,43.2008,4.5
2694,-7.6169,43.1508,60.7
2695,-7.6003,43.1008,21.7
2696,-7.4669,43.1508,56.3
2697,-7.4836,43.1174,26.6
2698,-7.7669,42.5841,11.0
2699,-7.123,42.6658,19.0
2700,-7.4725,43.4302,7.0
2701,-7.3669,43.4341,35.0
2702,-3.9167,40.8674,9.0
2703,-3.8667,40.884,8.0
2704,-3.9001,40.8007,50.0
2705,-3.7334,40.5507,6.0
2706,-3.6667,40.3507,0.5
2707,-3.5334,40.4174,15.4
2708,-3.6334,40.784,1.9
2709,-4.4668,40.284,42.7
2710,-3.8833,40.2007,6.5
2711,-3.6,40.3174,5.5
2712,-3.7667,39.934,3.0
2713,-3.7834,39.934,20.0
2714,-4.6501,37.1006,6.0
2715,-4.6501,37.0006,57.0
2716,-4.5134,36.9653,45.0
2717,-4.6234,36.72,4.7
2718,-4.5906,36.7634,36.5
2719,-4.6987,36.6945,3.0
2720,-4.6584,36.7089,3.0
2721,-4.5923,36.6867,29.5
2722,-4.6606,36.6934,0.6
2723,-4.6254,36.7495,6.6
2724,-4.5695,36.6887,28.5
2725,-4.5426,36.9559,20.0
2726,-4.5498,36.9517,12.0
2727,-4.5568,36.9539,14.0
2728,-1.4999,38.234,51.0
2729,-1.4666,38.2006,20.1
2730,-1.7999,38.0173,24.4
2731,-0.7999,37.8506,8.2
2732,-1.9666,37.784,38.7
2733,-1.6249,37.4839,13.9
2734,-1.0735,37.7692,10.0
2735,-1.7999,37.6673,51.2
2736,-1.7666,37.6006,33.7
2737,-1.7699,37.6403,16.9
2738,-1.6999,37.6339,24.7
2739,-0.7332,37.6339,26.4
2740,-1.7666,43.0091,1.4
2741,-8.067,42.4507,13.6
2742,-7.3669,42.3674,35.0
2743,-6.9669,42.4008,45.0
2744,-8.1003,42.2174,57.3
2745,-7.8169,42.2841,41.7
2746,-7.7336,42.3341,20.4
2747,-7.6003,42.3174,10.3
2748,-7.6503,42.2341,14.2
2749,-7.4836,42.3341,14.2
2750,-7.3628,42.1924,22.2
2751,-7.0336,42.2341,63.0
2752,-8.067,42.1341,24.4
2753,-7.8169,42.0841,23.5
2754,-7.4503,42.0507,4.7
2755,-7.3377,42.1341,31.8
2756,-7.3044,42.1174,4.2
2757,-6.9836,42.0507,71.1
2758,-8.1003,41.9507,33.8
2759,-7.4003,41.9674,34.9
2760,-6.8927,42.4633,44.0
2761,-4.7501,42.5674,26.1
2762,-4.5668,42.6008,15.3
2763,-4.5334,42.5841,62.4
2764,-4.5668,42.5174,68.7
2765,-4.5168,42.5508,47.6
2766,-4.5001,42.5508,32.3
2767,-8.317,42.7508,6.4
2768,-8.0336,42.7508,17.1
2769,-8.7003,42.6508,13.2
2770,-8.6871,42.6548,8.9
2771,-8.6861,42.6548,30.5
2772,-8.6359,42.6257,7.3
2773,-8.6503,42.5674,42.2
2774,-8.5503,42.5341,18.4
2775,-8.3503,42.5674,4.5
2776,-8.3503,42.6174,27.0
2777,-8.117,42.6508,7.9
2778,-8.167,42.6008,13.5
2779,-7.9336,42.6341,20.0
2780,-8.767,42.5007,21.0
2781,-8.7003,42.4674,0.4
2782,-8.6503,42.4674,8.0
2783,-8.667,42.3841,9.4
2784,-8.5003,42.3841,23.9
2785,-8.5503,42.2344,40.8
2786,-8.5519,42.234,4.5
2787,-8.417,42.3174,16.8
2788,-8.3003,42.2341,16.7
2789,-8.6337,42.1341,33.0
2790,-8.6503,42.0674,7.0
2791,-8.2503,42.1674,8.0
2792,-8.8503,41.9341,51.5
2793,-8.767,41.9507,7.8
2794,-6.7502,40.9674,23.3
2795,-6.1835,40.684,50.8
2796,-6.1168,40.7007,43.0
2797,-5.6001,40.7007,46.1
2798,-5.6001,40.6674,1.2
2799,-5.3668,40.7674,22.0
2800,-6.2669,40.6174,67.6
2801,-6.1835,40.6507,36.1
2802,-5.8002,40.3674,36.9
2803,-5.7668,40.3507,26.1
2804,-5.7502,40.3674,35.9
2805,-5.7168,40.3507,23.3
2806,-5.2835,40.834,22.0
2807,-5.2168,40.9007,13.0
2808,-5.5668,41.084,9.0
2809,-5.2335,41.084,9.0
2810,-5.3335,41.0674,40.0
2811,-5.5168,41.1507,24.0
2812,-3.7834,41.5174,16.8
2813,-3.5834,41.4841,13.4
2814,-3.5167,41.184,43.0
2815,-3.4667,41.3507,58.8
2816,-4.5168,41.2507,7.4
2817,-4.4501,41.284,5.4
2818,-3.5834,41.3174,12.0
2819,-3.5667,41.284,73.7
2820,-3.5,41.284,17.0
2821,-3.45,41.2674,12.0
2822,-3.4834,41.234,47.7
2823,-3.9667,40.884,23.1
2824,-4.3834,40.8174,3.5
2825,-4.1167,40.7674,50.6
2826,-4.0834,40.8007,27.6
2827,-5.9835,37.9673,24.1
2828,-5.6835,37.984,40.5
2829,-5.7001,37.934,28.8
2830,-5.5835,37.8506,13.7
2831,-2.7667,42.0841,45.7
2832,-2.7167,42.0841,64.7
2833,-2.9833,41.8674,0.2
2834,-2.8333,41.9507,15.4
2835,-2.6333,41.8507,20.0
2836,-3.3167,41.7007,30.0
2837,-2.5444,41.5674,15.0
2838,-2.525,41.5841,15.0
2839,-2.8667,41.4841,0.2
2840,-3.1667,41.6007,5.4
2841,-3.5,41.5674,15.3
2842,-3.4,41.6174,17.1
2843,1.0336,41.3841,36.1
2844,1.0336,41.3674,50.0
2845,1.0124,41.3396,8.0
2846,1.2502,41.384,40.3
2847,1.2502,41.3507,23.8
2848,0.9961,41.3327,3.3
2849,1.2502,41.3007,14.7
2850,0.6335,41.0507,47.5
2851,0.6669,41.034,20.3
2852,0.2669,40.734,47.0
2853,0.5835,40.734,80.0
2854,0.6002,40.7451,8.0
2855,0.6335,40.7507,70.0
2856,0.6669,40.784,13.0
2857,0.6849,40.7785,10.0
2858,1.2041,41.3799,4.0
2859,1.1847,41.3904,1.1
2860,-0.5665,40.984,49.8
2861,-0.5499,40.884,44.1
2862,-0.1165,40.884,35.8
2863,-0.0665,40.784,47.0
2864,-0.1332,40.8507,19.3
2865,-0.7727,40.8157,26.0
2866,-0.7704,40.8149,23.0
2867,-0.7035,40.7674,14.0
2868,-0.0998,40.8007,30.6
2869,-0.0665,40.7674,39.0
2870,-1.5999,40.5507,3.8
2871,-1.5499,40.634,67.8
2872,-1.6833,40.5674,47.3
2873,-1.6666,40.534,42.0
2874,-1.3332,40.5174,60.9
2875,-1.3666,40.584,54.1
2876,-1.1999,40.534,75.4
2877,-0.8666,40.6507,55.1
2878,-0.7832,40.5507,51.2
2879,-0.6499,40.534,60.0
2880,-0.5999,40.5174,52.7
2881,-1.4166,40.2007,16.0
2882,-0.7499,40.284,75.8
2883,-0.7165,40.2674,59.0
2884,-0.1832,40.834,11.0
2885,-0.7688,40.8026,12.0
2886,-0.7785,40.8076,8.0
2887,-0.7821,40.8046,9.0
2888,-0.7838,40.8026,4.0
2889,-0.7868,40.8013,62.0
2890,-0.7777,40.7888,5.0
2891,-0.7079,40.7693,15.0
2892,-4.3334,39.834,7.0
2893,-3.4167,39.6673,30.0
2894,-3.4167,39.6507,10.0
2895,-4.6356,39.484,60.0
2896,-4.9501,39.7507,45.0
2897,-0.4332,39.584,8.5
2898,-0.5999,39.384,21.5
2899,-0.6332,39.484,7.9
2900,-0.5332,39.484,15.5
2901,-0.4332,39.4507,8.6
2902,-0.4499,39.334,5.8
2903,-0.5499,39.2673,17.1
2904,-1.0666,39.1007,51.5
2905,-0.9666,39.1507,21.4
2906,-0.8332,39.084,26.7
2907,-0.6665,39.084,4.2
2908,-0.5165,39.0173,4.0
2909,-0.8832,38.934,40.6
2910,-0.6832,38.984,27.6
2911,-5.1501,42.1841,0.2
2912,-5.2501,42.1674,5.1
2913,-5.3001,41.9007,1.3
2914,-4.9668,41.9174,3.1
2915,-4.8501,41.8841,2.3
2916,-5.3335,41.7841,39.5
2917,-5.2168,41.7507,1.6
2918,-4.7168,41.7841,25.9
2919,-4.6834,41.8007,2.9
2920,-4.6334,41.8174,42.0
2921,-4.6168,41.8007,69.4
2922,-4.6334,41.7507,53.8
2923,-4.6001,41.7507,44.8
2924,-4.3167,41.7507,1.5
2925,-4.1501,41.7841,0.5
2926,-4.1334,41.7341,28.7
2927,-5.1168,41.5341,6.7
2928,-4.9834,41.5507,2.2
2929,-4.9668,41.5174,14.7
2930,-4.7001,41.5341,1.2
2931,-4.5001,41.6341,1.8
2932,-4.4501,41.6007,14.0
2933,-4.4668,41.5674,1.0
2934,-4.3667,41.6174,9.3
2935,-4.2834,41.6341,55.6
2936,-4.2501,41.6507,55.6
2937,-4.2001,41.5674,1.2
2938,-5.1835,41.4007,19.9
2939,-5.0334,41.3674,23.3
2940,-4.8501,41.4507,60.6
2941,-4.5334,41.3674,0.3
2942,-4.2167,41.4674,10.0
2943,-5.2835,41.234,26.2
2944,-5.1168,41.2174,8.3
2945,-5.0501,41.234,1.4
2946,-4.8001,41.2007,28.1
2947,-4.7168,41.2674,12.2
2948,-4.7001,41.234,3.1
2949,-4.6334,41.3007,0.7
2950,-4.8668,41.4674,60.6
2951,-5.2166,41.3173,13.0
2952,-4.9168,41.4174,61.0
2953,-4.9501,41.2007,9.0
2954,-4.7001,41.5507,45.4
2955,-5.0501,41.2674,18.9
2956,-5.1166,41.2174,18.2
2957,-4.6857,41.284,42.3
2958,-2.82,43.4227,7.0
2959,-3.0583,43.1911,10.0
2960,-2.8944,43.2891,7.5
2961,-2.8055,43.3077,4.0
2962,-2.5034,43.2675,34.0
2963,-6.9836,42.0674,19.9
2964,-5.6168,42.0202,8.4
2965,-6.5335,41.7841,24.6
2966,-6.5002,41.7507,10.5
2967,-6.5169,41.7341,18.6
2968,-5.3835,41.234,18.0
2969,-5.4168,41.3674,8.0
2970,-1.7499,41.9174,6.4
2971,-1.6999,41.9007,10.0
2972,-1.7499,41.8841,16.0
2973,-1.6999,41.8716,5.0
2974,-0.5499,41.8007,16.9
2975,-0.5332,41.7507,3.1
2976,-1.3499,41.3674,52.6
2977,-1.0832,41.184,77.8
2978,-8.4903,43.1508,3.59
2979,-8.0203,43.2208,4.17
2980,-6.2402,43.2808,7.85
2981,-6.0102,43.3108,3.42
2982,-8.4403,42.5908,21.23
2983,-8.3203,43.0108,6.38
2984,-7.4503,43.0808,3.33
2985,-7.1002,43.1308,3.96
2986,-6.5802,43.1508,17.53
2987,-6.3402,43.1808,3.23
2988,-5.4601,43.2408,1.83
2989,-5.2201,43.2708,17.8
2990,-7.1902,43.0308,11.63
2991,-6.5502,43.0608,45.1
2992,-5.2001,43.1908,7.91
2993,-8.1503,42.4607,47.77
2994,-7.4003,42.5107,9.32
2995,-7.2802,42.5308,2.01
2996,-7.1602,42.5508,39.82
2997,-5.5401,43.0608,14.75
2998,-5.4201,43.0808,50.32
2999,-4.0601,43.2008,1.82
3000,-8.3603,42.3407,28.76
3001,-8.2403,42.3607,20.83
3002,-7.2602,42.4508,10.47
3003,-6.1502,42.5508,45.92
3004,-5.1601,43.0308,17.5
3005,-4.4001,43.0708,0.28
3006,-3.29,43.1508,2.88
3007,-3.05,43.1708,10.53
3008,-2.41,43.2008,7.99
3009,-8.4503,42.2407,13.91
3010,-7.5803,42.3107,74.55
3011,-6.2502,42.4508,11.56
3012,-5.4901,42.5008,37.91
3013,-4.2601,43.0008,5.88
3014,-3.27,43.0708,1.81
3015,-3.02,43.1008,15.77
3016,-2.51,43.1108,4.42
3017,-2.38,43.1208,13.48
3018,-2.27,43.1308,13.1
3019,-7.3302,42.2607,18.56
3020,-5.5901,42.4008,3.31
3021,-5.3501,42.4308,40.45
3022,-5.1201,42.4608,2.02
3023,-4.4801,42.4908,7.41
3024,-4.1201,42.5308,18.56
3025,-3.37,42.5708,4.29
3026,-2.37,43.0408,25.29
3027,-2.25,43.0508,7.45
3028,-2.1299,43.0608,43.64
3029,-1.4899,43.0808,24.03
3030,-1.65,43.1314,1.87
3031,-7.1802,42.2007,28.24
3032,-6.3202,42.2707,6.76
3033,-5.0901,42.3808,26.19
3034,-4.5801,42.3908,18.86
3035,-3.35,42.4908,41.29
3036,-3.11,42.5208,1.29
3037,-2.59,42.5308,18.03
3038,-2.1199,42.5808,15.86
3039,-1.3599,43.0108,1.09
3040,-6.1802,42.2007,33.33
3041,-4.4401,42.3208,0.66
3042,-2.34,42.4708,4.64
3043,-2.0999,42.4908,0.74
3044,-1.3399,42.5308,2.59
3045,-1.2199,42.5408,7.5
3046,-1.0999,42.5508,3.4
3047,-0.5799,42.5608,49.25
3048,-6.2702,42.1007,37.16
3049,-5.0501,42.2107,60.53
3050,-4.1801,42.2708,0.34
3051,-2.56,42.3608,12.75
3052,-2.0799,42.4108,1.38
3053,-1.4399,42.4308,10.27
3054,-1.0899,42.4708,32.13
3055,-6.2502,42.0207,0.34
3056,-1.3099,42.3608,1.49
3057,-1.1899,42.3708,34.05
3058,-0.3198,42.4108,1.56
3059,-0.1998,42.4208,0.4
3060,-5.4801,41.5807,74.83
3061,-5.3601,42.0007,0.34
3062,-3.27,42.1607,3.85
3063,-3.16,42.1707,28.14
3064,-2.52,42.1907,0.41
3065,-1.1799,42.2908,0.69
3066,-1.0599,42.3007,0.19
3067,-0.4199,42.3207,30.99
3068,0.5202,42.4008,42.62
3069,1.0402,42.4008,6.25
3070,-6.2002,41.4507,11.14
3071,-5.5701,41.4807,82.7
3072,-3.14,42.0907,72.32
3073,-3.02,42.1007,55.12
3074,-1.0399,42.2207,11.38
3075,-0.5199,42.2307,60.45
3076,-0.1698,42.2607,23.08
3077,-0.0498,42.2707,42.13
3078,1.0502,42.3207,33.7
3079,-6.0602,41.3807,14.46
3080,-5.0901,41.4607,7.79
3081,-3.12,42.0007,17.74
3082,-2.9679,42.0107,20.96
3083,-2.37,42.0407,1.94
3084,-2.25,42.0507,1.95
3085,-1.3799,42.1007,12.55
3086,-1.0299,42.1307,1.02
3087,-0.5099,42.1407,20.0
3088,-0.1498,42.1707,34.76
3089,0.0702,42.1907,1.9
3090,0.1902,42.2007,42.24
3091,0.3102,42.2107,52.8
3092,1.0602,42.2407,12.79
3093,1.3002,42.2507,65.82
3094,1.4203,42.2607,18.66
3095,-6.1602,41.2907,0.64
3096,-2.47,41.5407,11.69
3097,-2.23,41.5707,7.91
3098,0.3202,42.1307,55.17
3099,0.4402,42.1407,1.52
3100,1.0802,42.1507,28.21
3101,1.1902,42.1607,2.3
3102,1.3102,42.1707,65.47
3103,1.4303,42.1807,67.23
3104,2.0703,42.1907,32.13
3105,2.4303,42.2107,27.0
3106,2.5403,42.2207,46.76
3107,-5.2701,41.2707,58.57
3108,-4.1801,41.3507,0.41
3109,-3.08,41.4307,0.93
3110,-2.57,41.4507,13.58
3111,-0.9999,41.5607,14.7
3112,0.3302,42.0407,15.03
3113,1.2102,42.0807,78.61
3114,1.3202,42.0807,27.76
3115,1.4403,42.0907,13.23
3116,1.5603,42.1007,2.34
3117,2.0803,42.1107,1.87
3118,2.2003,42.1107,0.36
3119,2.3203,42.1207,23.94
3120,2.4303,42.1307,2.34
3121,-2.32,41.3907,14.88
3122,-2.0799,41.4107,21.34
3123,0.3502,41.5607,76.28
3124,0.5802,41.5807,27.37
3125,1.1002,41.5807,47.5
3126,1.2202,41.5907,46.34
3127,1.3402,42.0007,0.46
3128,1.4503,42.0107,0.43
3129,1.5703,42.0207,0.2
3130,2.0903,42.0207,2.56
3131,2.2103,42.0307,12.92
3132,2.4403,42.0407,14.83
3133,2.5603,42.0507,9.08
3134,-6.0902,41.0407,3.75
3135,-5.4601,41.0707,0.16
3136,1.3502,41.5207,34.2
3137,1.4603,41.5207,3.93
3138,2.1003,41.5407,10.77
3139,2.2203,41.5507,49.57
3140,2.3403,41.5507,39.64
3141,2.4503,41.5607,1.22
3142,-5.2101,41.0207,2.5
3143,-4.2401,41.0907,1.9
3144,-4.1201,41.1007,0.27
3145,-4.0101,41.1207,1.5
3146,-3.26,41.1607,15.14
3147,-2.17,41.2307,43.76
3148,-1.5299,41.2607,15.38
3149,1.5903,41.4507,17.59
3150,2.1103,41.4507,54.47
3151,2.2303,41.4607,24.37
3152,2.517,41.8174,12.31
3153,-5.5301,40.4906,15.13
3154,-2.38,41.1307,4.36
3155,-2.0299,41.1607,36.09
3156,-1.2899,41.2007,33.16
3157,-0.5399,41.2307,82.72
3158,1.1302,41.3307,35.66
3159,1.4903,41.3607,11.97
3160,2.1203,41.3707,16.52
3161,-6.2502,40.3507,13.32
3162,-6.0202,40.3907,2.74
3163,-5.5101,40.4007,9.76
3164,-5.4001,40.4207,15.62
3165,-3.11,41.0007,30.05
3166,-2.13,41.0707,13.36
3167,-2.0199,41.0807,36.24
3168,0.1602,41.2007,0.75
3169,0.4002,41.2207,30.28
3170,0.5102,41.2307,42.27
3171,1.2602,41.2607,37.28
3172,1.3802,41.2607,19.1
3173,-6.3402,40.2507,23.62
3174,-5.3801,40.3307,0.41
3175,-2.12,40.5807,2.16
3176,-1.9999,40.5907,64.9
3177,-1.2599,41.0307,36.15
3178,-0.3899,41.0707,0.74
3179,0.1802,41.1207,5.88
3180,1.0402,41.1507,44.74
3181,-6.5502,40.1407,78.64
3182,-6.4302,40.1507,65.73
3183,-6.2102,40.1907,2.24
3184,-5.4701,40.2407,45.67
3185,-5.3601,40.2507,26.06
3186,-4.2701,40.3407,11.61
3187,-2.45,40.4607,14.38
3188,-2.33,40.4707,63.07
3189,-2.22,40.4907,76.1
3190,-2.0999,40.5007,18.55
3191,-1.4699,40.5207,2.88
3192,-1.0099,40.5707,59.27
3193,-0.2598,41.0007,10.14
3194,0.1902,41.0407,14.08
3195,-5.1101,40.2007,23.26
3196,-4.3701,40.2407,34.25
3197,-2.2,40.4007,71.66
3198,-2.0799,40.4107,11.71
3199,-0.4799,40.4907,5.87
3200,-0.0198,40.5307,23.79
3201,-6.0502,40.0407,18.15
3202,-5.5401,40.0507,19.15
3203,-4.2301,40.1707,8.51
3204,-2.0699,40.3307,54.24
3205,-1.4399,40.3507,25.31
3206,-1.0999,40.3907,44.86
3207,-0.0098,40.4507,76.58
3208,0.1002,40.4607,44.53
3209,0.3302,40.4807,0.9
3210,-6.2502,39.5207,1.58
3211,-5.4001,39.5807,6.27
3212,-5.0701,40.0307,8.41
3213,-4.3301,40.0807,26.76
3214,-3.25,40.1607,28.09
3215,-2.0499,40.2507,21.85
3216,-1.5399,40.2607,36.19
3217,-1.4199,40.2707,12.14
3218,-1.3099,40.2807,48.96
3219,-1.1999,40.2907,55.26
3220,-0.3399,40.3307,60.01
3221,-2.49,40.1107,26.72
3222,-2.0399,40.1607,36.9
3223,-1.2899,40.2007,54.76
3224,-1.1799,40.2107,4.02
3225,-0.5499,40.2307,37.7
3226,-0.4399,40.2407,37.85
3227,-0.3199,40.2507,28.04
3228,-7.0502,39.2907,14.27
3229,-6.4302,39.3207,16.74
3230,-5.1401,39.4507,16.19
3231,-5.0301,39.4607,42.46
3232,-2.0199,40.0807,29.93
3233,-1.5099,40.0907,16.49
3234,-1.2799,40.1107,49.77
3235,-1.1699,40.1207,52.52
3236,-0.5399,40.1407,73.83
3237,-0.4199,40.1607,11.74
3238,-0.3099,40.1707,58.1
3239,-7.1402,39.1907,24.65
3240,-7.0302,39.2007,17.1
3241,-5.3401,39.3307,51.87
3242,-1.4899,40.0107,53.57
3243,-1.2599,40.0307,44.34
3244,-1.0399,40.0507,72.72
3245,-0.5199,40.0607,26.04
3246,-0.4099,40.0707,42.54
3247,-0.1798,40.0907,64.7
3248,-6.2802,39.1707,21.98
3249,-4.2501,39.3407,32.48
3250,-1.5899,39.5107,24.98
3251,-1.3599,39.5307,72.4
3252,-0.5099,39.5807,18.1
3253,-0.3999,39.5907,9.89
3254,-0.2798,40.0007,42.46
3255,-6.3702,39.0707,70.99
3256,-4.5701,39.2107,73.28
3257,-1.5699,39.4307,69.42
3258,-1.4599,39.4407,12.01
3259,-1.2299,39.4607,42.29
3260,-1.0099,39.4807,58.32
3261,-0.4999,39.4907,0.7
3262,-0.4999,39.4907,0.32
3263,-4.1001,39.1907,68.7
3264,-3.48,39.2107,44.61
3265,-1.3299,39.3607,37.46
3266,3.8337,40.034,1.87
3267,4.0604,40.0107,59.6
3268,-4.3101,39.0707,15.98
3269,-2.28,39.2207,53.88
3270,-1.3199,39.2807,41.18
3271,2.9669,39.7673,38.87
3272,-7.1402,38.3506,56.37
3273,-6.0802,38.4506,48.81
3274,-5.5701,38.4706,40.87
3275,-5.0201,38.5506,22.15
3276,-1.1899,39.2107,22.39
3277,-1.0799,39.2207,40.33
3278,-0.5699,39.2307,17.76
3279,2.517,39.6178,15.86
3280,-7.1202,38.2706,61.23
3281,-2.58,39.0107,18.38
3282,2.7306,39.8041,15.87
3283,-5.5301,38.3006,30.06
3284,-4.3601,38.4106,55.11
3285,-2.23,38.5706,44.75
3286,-0.4299,39.0707,27.67
3287,-6.4502,38.1406,23.27
3288,-5.2901,38.2506,60.93
3289,-3.39,38.3906,25.65
3290,-2.21,38.4806,41.23
3291,-5.2701,38.1606,30.55
3292,-5.0501,38.2006,21.05
3293,-4.5401,38.2106,36.19
3294,-4.3201,38.2406,21.4
3295,-3.59,38.2806,24.54
3296,-2.2,38.4006,60.96
3297,-2.09,38.4106,29.2
3298,-1.4699,38.4306,59.64
3299,-7.1302,37.5206,20.92
3300,-6.5202,37.5506,56.28
3301,-6.4102,37.5706,44.5
3302,-6.3002,37.5806,32.26
3303,-6.1902,38.0006,13.11
3304,-5.2501,38.0806,44.04
3305,-5.0301,38.1106,80.44
3306,-4.4101,38.1406,21.62
3307,-4.3001,38.1606,34.03
3308,-4.1901,38.1706,27.75
3309,-4.0801,38.1806,50.41
3310,-3.35,38.2306,33.5
3311,-2.51,38.2806,40.59
3312,-6.5002,37.4706,24.22
3313,-5.3401,37.5806,61.67
3314,-5.1201,38.0106,23.42
3315,-4.5001,38.0406,26.01
3316,-4.3901,38.0606,43.35
3317,-4.2801,38.0706,28.61
3318,-4.0601,38.1006,13.04
3319,-3.56,38.1106,33.33
3320,-3.34,38.1406,38.87
3321,-2.39,38.2106,57.45
3322,-0.9999,38.3106,23.75
3323,-7.2002,37.3306,20.34
3324,-7.0902,37.3506,30.72
3325,-6.5802,37.3706,19.17
3326,-6.3702,37.4006,20.8
3327,-6.2602,37.4206,35.7
3328,-5.1001,37.5306,34.09
3329,-4.4801,37.5606,40.07
3330,-4.3701,37.5706,26.11
3331,-2.48,38.1106,0.21
3332,-2.37,38.1206,71.6
3333,-2.26,38.1306,62.07
3334,-2.15,38.1506,40.53
3335,-1.5299,38.1706,53.62
3336,-0.5799,38.2306,24.92
3337,-6.4502,37.3006,1.45
3338,-2.57,38.0106,39.53
3339,-2.46,38.0206,45.15
3340,-2.35,38.0406,6.67
3341,-2.14,38.0606,82.15
3342,-1.2999,38.1106,38.9
3343,-3.5,37.4606,19.97
3344,-2.56,37.5306,55.39
3345,-2.34,37.5506,20.7
3346,-2.23,37.5606,59.97
3347,-2.0099,37.5906,59.38
3348,-1.4999,38.0006,48.57
3349,-1.0599,38.0506,0.37
3350,-6.4102,37.1306,1.46
3351,-5.4701,37.2106,17.16
3352,-3.27,37.4006,53.31
3353,-2.54,37.4406,22.52
3354,-2.1,37.4906,18.66
3355,-3.47,37.2906,11.92
3356,-2.52,37.3606,52.41
3357,-4.0601,37.1806,48.1
3358,-3.56,37.1906,41.22
3359,-3.45,37.2106,37.23
3360,-3.34,37.2206,38.97
3361,-2.51,37.2706,1.01
3362,-3.43,37.1206,31.99
3363,-3.22,37.1506,29.46
3364,-2.38,37.2006,22.51
3365,-4.0301,37.0106,52.28
3366,-3.09,37.0806,39.38
3367,-2.58,37.0906,48.82
3368,-5.3501,36.3106,20.86
3369,-5.3301,36.2206,1.92
3370,1.5103,41.1907,13.33
3371,1.1702,41.0807,56.69
3372,1.3302,39.0106,11.22
3373,-0.4599,42.5708,41.74
3374,-0.0598,40.0207,31.57
3375,-1.2335,38.2507,66.9
3376,-1.2332,38.2506,1.66
3377,-1.2005,38.2707,44.9
3378,-1.202,38.2675,53.4
3379,-1.2,38.2673,56.7
3380,-1.2018,38.2786,60.6
3381,-1.1999,38.2673,56.3
3382,-1.2001,38.2675,72.63
3383,-1.2011,38.2673,65.5
3384,-1.2017,38.2674,61.8
3385,-1.2017,38.2674,52.2
3386,-1.1999,38.2686,58.3
3387,-1.2005,38.269,25.5
3388,1.999,41.3332,78.42
3389,0.0502,41.3674,48.98
3390,0.0502,41.3007,82.99
3391,0.0835,41.3841,60.0
3392,0.0172,41.3508,66.0
3393,0.0168,41.3509,48.03
3394,1.7003,41.8341,10.0
3395,0.7835,41.6341,29.7
3396,0.6338,41.6341,37.4
3397,0.6335,41.6341,11.5
3398,0.6502,41.5507,33.7
3399,0.6502,41.5341,18.0
3400,0.7835,41.6507,20.0
3401,0.9669,41.5507,43.3
3402,0.5502,41.7507,39.5
3403,0.6335,41.8174,2.2
3404,0.6669,41.6507,0.8
3405,0.6335,41.7174,26.8
3406,0.6502,41.7007,42.5
3407,0.7008,41.6343,1.5
3408,0.7502,41.334,3.2
3409,0.7669,41.7507,61.6
3410,0.8002,41.7341,5.9
3411,0.6169,41.7507,62.1
3412,0.7169,41.6007,14.5
3413,-0.5332,41.4674,0.1
3414,0.7669,41.8674,3.9
3415,0.7002,41.9174,2.9
3416,0.5501,41.9341,0.1
3417,0.5669,41.8674,1.3
3418,0.4853,41.6943,3.7
3419,0.6007,41.6007,3.4
3420,0.6669,41.5841,43.6
3421,0.6002,41.6015,69.6
3422,0.6002,41.5841,34.7
3423,0.7169,41.5174,43.9
3424,0.9669,41.4007,67.0
3425,0.8335,41.4341,13.3
3426,0.9502,41.8007,3.2
3427,-0.9332,41.7841,6.5
3428,-0.9342,41.7829,58.9
3429,-0.9329,41.7833,20.1
3430,0.8335,41.8841,7.0
3431,0.7835,41.8841,33.7
3432,-0.9666,41.5507,6.8
3433,-0.7499,41.4507,24.2
3434,-0.3665,41.2007,83.9
3435,-0.3332,41.1836,34.5
3436,-0.3336,41.1841,33.9
3437,-0.4665,41.0674,4.4
3438,-0.4665,41.1174,42.5
3439,-0.5497,41.1674,78.4
3440,-0.5499,41.1674,1.2
3441,-0.883,41.4353,69.6
3442,-0.8832,41.4341,67.4
3443,0.6668,41.6507,0.4
3444,0.6665,41.6505,0.6
3445,-0.5663,41.4007,2.3
3446,-0.5665,41.4012,36.6
3447,-0.4332,41.3174,68.8
3448,-0.4332,41.3172,44.5
3449,-0.4665,41.334,10.6
3450,-0.4624,41.3344,15.3
3451,-0.4476,41.3372,55.6
3452,-0.4165,41.4174,59.1
3453,-0.4165,41.4175,13.0
3454,-0.4165,41.3841,41.6
3455,0.6669,41.6007,1.3
3456,2.8341,42.0174,3.21
3457,2.8335,42.0174,0.58
3458,2.8712,42.0177,0.32
3459,2.8337,42.0173,0.45
3460,2.8659,42.0165,1.25
3461,2.8654,42.0173,0.38
3462,2.867,42.0174,0.88
3463,2.8669,42.0158,0.77
3464,2.8675,42.0174,1.16
3465,2.8676,42.0172,2.46
3466,2.8663,42.0166,1.22
3467,2.8659,42.0173,0.81
3468,2.8654,42.0173,10.0
3469,2.8663,42.0173,26.8
3470,2.867,42.0174,82.0
3471,2.8669,42.0175,71.4
3472,2.8668,42.0174,42.4
3473,2.8837,42.0174,46.9
3474,2.8837,42.0174,6.5
3475,1.501,42.0,34.79
3476,1.5003,42.0007,7.37
3477,1.5001,42.0176,1.58
3478,2.0017,41.3353,47.2
3479,1.9928,41.326,31.5
3480,2.0015,41.3188,35.4
3481,1.9926,41.3235,18.32
3482,2.0003,41.3174,23.21
3483,1.9982,41.3198,26.97
3484,1.9974,41.3185,49.3
3485,1.9919,41.3238,30.31
3486,2.0027,41.3246,21.2
3487,1.9982,41.3175,22.14
3488,2.0003,41.3174,19.76
3489,2.0,41.32,34.73
3490,1.9927,41.3187,36.67
3491,2.0003,41.3174,59.12
3492,2.0009,41.3176,51.93
3493,2.0013,41.3194,30.21
3494,2.0006,41.3219,33.2
3495,2.0005,41.3199,19.13
3496,0.0166,41.3507,37.85
3497,0.0168,41.3341,78.09
3498,0.0153,41.3341,86.93
3499,0.0166,41.3337,62.9
3500,0.0162,41.3341,64.0
3501,1.9926,41.3336,68.66
3502,0.0167,41.3507,53.26
3503,0.0169,41.351,69.56
3504,2.0019,41.338,41.64
3505,2.0004,41.3341,75.45
3506,2.0004,41.333,62.96
3507,1.9992,41.3348,78.75
3508,2.0004,41.3347,40.91
3509,2.0006,41.3333,56.0
3510,1.9827,41.3352,50.61
3511,2.0003,41.3349,73.43
3512,0.0169,41.334,36.93
3513,1.9985,41.3371,43.03
3514,1.9992,41.3341,20.2
3515,1.9939,41.333,83.17
3516,1.9986,41.3342,48.98
3517,1.9994,41.333,73.0
3518,2.0,41.3341,48.03
3519,-0.1257,42.637,4.0
3520,-0.1312,42.6184,7.2
3521,-0.1331,42.6188,18.6
3522,-0.13,42.6194,1.3
3523,-0.1335,42.6183,11.0
3524,-0.1314,42.6179,60.8
3525,-0.1281,42.6218,17.9
3526,-0.1337,42.6175,37.7
3527,-0.1349,42.6181,29.3
3528,-0.1333,42.6174,73.4
3529,-0.1291,42.6177,11.5
3530,-0.133,42.6171,1.2
3531,-0.133,42.6171,13.3
3532,-0.1354,42.6175,3.4
3533,-0.1307,42.6188,15.5
3534,-0.1271,42.619,6.6
3535,-0.1302,42.6197,8.6
3536,-0.1332,42.6176,35.5
3537,-0.1323,42.6203,40.0
3538,-0.1325,42.6202,3.0
3539,-0.1245,42.6181,13.6
3540,-0.1324,42.6181,22.3
3541,-0.1298,42.6255,2.3
3542,-0.1315,42.6197,50.8
3543,-0.1326,42.6183,15.1
3544,-0.1282,42.6182,25.2
3545,-0.1301,42.6191,5.5
3546,-0.1331,42.6175,21.7
3547,-0.1309,42.6306,24.7
3548,-0.1328,42.6201,6.0
3549,-0.1204,42.621,31.5
3550,-0.1256,42.6172,2.9
3551,-0.1266,42.6144,1.2
3552,-0.1206,42.618,1.8
3553,-0.1195,42.6172,1.6
3554,-0.1329,42.6221,17.1
3555,-0.1137,42.617,18.7
3556,-0.1129,42.6207,12.8
3557,-0.1318,42.6192,1.6
3558,-1.8177,41.8007,5.0
3559,-0.6999,41.6174,5.0
3560,-8.267,42.7008,14.6
3561,-2.3833,37.6173,40.7
3562,-2.2333,37.6506,56.3
3563,-2.3833,37.5506,37.7
3564,-2.4498,37.6006,49.0
3565,-2.4506,37.6006,36.5
3566,-2.45,37.5999,57.9
3567,-2.1189,37.3665,61.8
3568,-1.8999,37.4839,42.2
3569,-2.0666,37.4673,51.7
3570,-2.3666,37.0506,30.8
3571,-1.8666,37.4673,53.1
3572,-2.1166,37.3673,44.4
3573,-2.45,37.7003,3.6
3574,-2.45,37.7006,3.7
3575,-2.4553,37.7007,26.8
3576,-2.8833,37.3173,41.0
3577,-2.8667,37.2839,39.0
3578,-3.1333,37.3009,25.0
3579,-2.8333,37.2839,34.0
3580,-3.1167,37.2839,30.0
3581,-2.9833,37.3173,61.0
3582,-2.95,37.3339,58.0
3583,-2.9667,37.2673,30.0
3584,-3.0833,37.3173,5.0
3585,-2.8834,37.2504,55.0
3586,-2.9992,37.1673,50.0
3587,-3.15,37.3006,8.0
3588,-3.1831,37.3173,33.0
3589,-2.8667,37.2173,44.0
3590,-3.1333,37.3006,36.0
3591,-2.8333,37.3839,17.0
3592,-2.7167,37.4673,9.0
3593,-2.8333,37.4173,83.0
3594,-2.5833,37.3339,44.0
3595,-2.7649,37.483,51.0
3596,-2.7667,37.4673,38.0
3597,-2.5833,37.3673,15.0
3598,-2.5833,37.4499,32.0
3599,-2.75,37.4576,49.0
3600,-2.749,37.4704,57.0
3601,-2.7644,37.4666,70.0
3602,-2.7667,37.4673,56.0
3603,-2.8167,37.1006,34.0
3604,-2.7667,37.3506,49.0
3605,-2.7499,37.4673,66.0
3606,-5.4001,38.0506,29.5
3607,-6.5835,37.7506,20.2
3608,-4.6001,41.2674,8.6
3609,-4.6334,41.5174,4.4
3610,-5.051,41.2674,18.9
3611,-3.4,41.2507,50.0
3612,-1.8499,41.7674,4.07
3613,-1.8154,41.7999,82.0
3614,-1.8166,41.8006,57.92
3615,-1.8166,41.7507,65.0
3616,-1.7833,41.8341,16.66
3617,-1.6833,41.8174,2.43
3618,-1.5999,41.8841,28.5
3619,-1.6006,41.8841,55.1
3620,-0.1164,42.7015,17.7
3621,-0.1165,42.7008,16.8
3622,-0.1165,42.7008,55.3
3623,-0.4499,42.6507,0.7
3624,-0.4498,42.6508,4.0
3625,-0.8499,42.7841,5.4
3626,-0.8665,42.8008,12.4
3627,-0.9165,42.7841,34.4
3628,-0.9332,42.435,46.6
3629,-0.9329,42.4341,44.0
3630,-0.7832,42.6341,21.2
3631,-0.7666,42.6341,31.1
3632,-0.7665,42.6342,40.1
3633,-0.7332,42.8838,18.5
3634,-0.7332,42.8841,20.7
3635,-0.7305,42.884,2.4
3636,-0.1831,42.7016,45.7
3637,-0.1831,42.7008,31.0
3638,-0.1833,42.7008,34.8
3639,0.5836,42.5843,36.3
3640,0.5835,42.5841,32.5
3641,0.6335,42.6008,39.7
3642,0.6835,42.7174,14.0
3643,0.6834,42.7008,18.3
3644,0.6835,42.7008,26.1
3645,1.9832,42.3174,14.9
3646,1.9837,42.3175,42.8
3647,1.9836,42.3174,25.5
3648,1.9834,42.3183,4.3
3649,-0.2659,39.0673,6.33
3650,-0.2666,39.0674,28.13
3651,0.0335,42.2841,42.8
3652,0.0337,42.2842,4.3
3653,0.0335,42.2841,25.5
3654,0.0334,42.2841,14.9
3655,2.0003,41.3174,69.0
3656,0.0502,41.284,43.0
3657,0.0668,41.2674,46.0
3658,1.6336,41.6841,40.0
3659,0.9836,41.3674,8.0
3660,1.9003,41.4341,14.3
3661,1.9006,41.4345,21.3
3662,1.9003,41.434,17.3
3663,1.9008,41.4357,24.9
3664,1.8996,41.4355,13.7
3665,-7.7669,42.5841,11.0
3666,-7.8336,43.4342,3.0
3667,1.8836,41.434,14.3
3668,1.8837,41.4341,21.3
3669,1.8808,41.418,17.3
3670,1.8837,41.4175,24.9
3671,1.8836,41.4174,13.7
3672,-7.9453,41.8767,2.23
3673,1.7669,41.8841,37.3
3674,1.7169,41.8674,7.47
3675,1.717,41.8674,7.01
3676,1.7836,41.9507,0.51
3677,1.7837,41.9504,51.32
3678,0.8999,41.3341,53.1
3679,0.8836,41.3507,15.0
3680,0.8836,41.3508,69.8
3681,0.8502,41.3674,65.0
3682,0.8335,41.3674,37.8
3683,0.8502,41.3507,47.6
3684,0.9002,41.334,83.0
3685,0.8824,41.3504,45.22
3686,0.9002,41.3507,2.0
3687,1.9169,41.3174,12.0
3688,1.9169,41.3165,6.73
3689,1.9166,41.3176,5.83
3690,1.9175,41.3153,0.05
3691,1.917,41.3186,0.17
3692,1.9169,41.3174,1.13
3693,-3.8834,40.2022,6.5
3694,-7.6003,42.3341,18.0
3695,3.9671,40.0507,9.1
3696,3.9005,39.9841,51.15
3697,3.8837,40.0505,20.83
3698,3.901,39.9836,46.56
3699,3.8837,40.0507,0.2
3700,3.9003,39.984,10.27
3701,3.9337,39.9507,6.59
3702,3.8504,39.934,41.04
3703,-2.6667,40.784,3.0
3704,-1.6333,40.784,40.0
3705,-1.6333,40.784,40.0
3706,-0.2332,41.5841,2.8
3707,-0.2332,41.5841,2.8
3708,-0.2998,41.5507,2.9
3709,-0.3999,41.5677,0.3
3710,-0.3999,41.5674,0.3
3711,-0.3665,41.5842,2.9
3712,-0.3665,41.5841,2.9
3713,-0.5832,42.7508,10.0
3714,-0.0309,42.6007,5.0
3715,-0.5832,42.7174,20.0
3716,-0.0329,42.5995,4.0
3717,-0.0329,42.5995,4.0
3718,-0.5665,42.7508,10.0
3719,-0.0496,42.638,6.0
3720,-0.5665,42.7341,80.0
3721,-0.0498,42.6341,51.0
3722,-0.5999,42.7674,2.0
3723,-0.0165,42.6674,7.0
3724,-0.5665,41.5507,25.0
3725,-0.5665,41.5341,2.5
3726,-0.5156,41.534,2.0
3727,0.9669,41.3674,53.9
3728,0.1669,42.6341,25.5
3729,0.4169,42.468,50.0
3730,0.1335,42.4174,40.0
3731,0.1335,42.3674,50.0
3732,-2.7666,37.4838,41.0
3733,-2.7647,37.4839,38.0
3734,-2.7665,37.4832,50.0
3735,-2.7667,37.4839,21.0
3736,-2.7667,37.4839,16.0
3737,-2.7671,37.4843,35.0
3738,-2.767,37.4837,49.0
3739,-2.7659,37.4872,34.0
3740,-2.7673,37.4861,36.0
3741,-2.7671,37.4839,43.0
3742,-2.7678,37.4795,27.0
3743,-2.7649,37.4873,42.0
3744,-2.1833,37.3506,3.0
3745,-2.15,37.3839,4.7
3746,-2.4666,37.3339,0.7
3747,-2.3666,37.3506,1.2
3748,-2.5,37.3506,2.3
3749,-2.4055,37.8026,5.2
3750,-2.2666,37.5839,6.5
3751,-2.0833,37.684,48.5
3752,-0.9999,38.134,31.3
3753,-1.6998,37.6673,41.4
3754,-1.8666,37.8506,28.9
3755,-2.1666,37.7173,47.01
3756,-2.0333,37.8006,37.8
3757,-3.2167,36.8339,60.0
3758,-3.2833,36.9006,32.0
3759,-3.3833,36.8839,15.0
3760,-3.3834,36.8839,18.0
3761,-3.3,36.9006,61.0
3762,-3.2167,36.8339,52.0
3763,-3.0167,37.3339,54.0
3764,-3.0667,37.1839,39.0
3765,-3.0661,37.1839,14.0
3766,-3.0667,37.184,36.0
3767,-3.0667,37.1822,57.0
3768,-1.8999,39.9674,44.0
3769,-3.15,37.1839,49.0
3770,-3.1333,37.1673,29.0
3771,-2.05,36.9506,0.45
3772,-2.4333,36.8339,5.63
3773,-2.2166,36.8839,34.11
3774,-2.0666,37.1839,55.0
3775,-1.8666,37.2506,1.0
3776,-2.1833,37.2839,9.0
3777,-2.1833,37.284,17.0
3778,-1.9794,37.2516,31.0
3779,-2.1833,37.3173,35.0
3780,-1.8102,37.2497,49.0
3781,-2.4406,37.5344,4.3
3782,-2.7167,37.7173,3.9
3783,-2.4515,37.5941,5.3
3784,-2.4333,37.5839,3.4
3785,-2.2,37.8006,4.7
3786,-2.1833,37.7173,5.6
3787,-2.4518,37.534,39.4
3788,-2.45,37.5339,57.1
3789,-2.4527,37.5898,4.5
3790,-2.4166,37.6173,15.0
3791,-2.443,37.5348,34.1
3792,-2.4833,37.5839,4.7
3793,-2.4497,37.534,7.9
3794,-2.4388,37.5339,1.3
3795,-2.4459,37.5956,3.0
3796,-2.3665,37.8174,10.1
3797,-2.3666,37.8173,17.2
3798,-2.2833,37.8173,12.5
3799,-2.45,37.53,4.1
3800,-2.4833,37.5339,11.1
3801,-2.2838,37.5688,40.0
3802,-2.4,37.6006,32.6
3803,-2.25,37.5506,47.3
3804,-2.3833,37.6006,7.5
3805,-1.6992,37.6672,2.3
3806,-3.1991,36.7839,41.3
3807,-3.2,36.7835,47.9
3808,-3.2,36.7839,38.6
3809,-3.4167,36.7839,49.6
3810,-3.5167,36.7506,0.88
3811,-3.3167,36.7506,73.4
3812,-3.1999,36.7837,48.3
3813,-3.2,36.7847,53.1
3814,-0.4665,41.4841,8.48
3815,-0.8396,41.5721,45.78
3816,2.1565,41.6201,2.0
3817,2.0728,41.6236,15.0
3818,1.8336,41.6341,1.0
3819,-5.1001,41.2174,18.2
3820,-5.2168,41.3174,61.1
3821,-5.4835,43.3508,35.8
3822,-4.8501,41.284,8.9
3823,-5.2168,41.2174,20.6
3824,-5.1501,41.2007,8.3
3825,-4.6833,41.2775,42.3
3826,-0.59,42.762,10.0
3827,-5.9698,42.6092,5.0
3828,-0.5841,42.6988,20.0
3829,-5.9723,42.6117,4.0
3830,-0.5662,42.7453,10.0
3831,-6.0518,42.6528,6.0
3832,-0.5677,42.7363,80.0
3833,-6.0602,42.6393,51.0
3834,-0.6005,42.7739,2.0
3835,-5.9848,42.6683,7.0
3836,-5.6834,41.4348,24.0
3837,-5.6794,41.4706,20.2
3838,-5.6903,41.4274,28.0
3839,-5.6278,41.296,33.8
3840,-5.6048,41.3874,6.8
3841,-5.6077,41.3958,25.0
3842,-5.6427,41.3466,39.0
3843,-5.6644,41.4114,7.7
3844,-5.6494,41.4499,77.8
3845,-5.6281,41.385,7.7
