,Longitude,Latitude,Mg [mg/kg]
0,-1.8278,43.3536,136.0
1,-1.8778,43.3292,114.0
2,-1.8097,43.3272,250.0
3,-1.8053,43.2903,250.0
4,-1.8458,43.2856,162.0
5,-1.9423,43.1386,250.0
6,-2.0039,43.1434,200.0
7,-1.9619,43.222,94.0
8,-2.0256,43.2764,250.0
9,-2.1122,43.2458,79.0
10,-2.1597,43.2397,250.0
11,-2.3111,43.2703,250.0
12,-2.2597,43.1883,250.0
13,-2.4067,43.2347,168.0
14,-2.2039,43.1758,250.0
15,-2.3242,43.1697,250.0
16,-2.5042,43.1625,250.0
17,-2.1068,43.1096,250.0
18,-2.1082,43.1153,250.0
19,-2.3794,43.1286,250.0
20,-2.3939,43.1022,250.0
21,-2.0811,43.0619,250.0
22,-2.2722,43.0625,250.0
23,-2.4047,43.0406,250.0
24,-2.4792,43.0708,186.0
25,-2.1817,42.9764,250.0
26,-2.2883,42.9828,191.0
27,-2.5264,43.0064,231.0
28,-2.5644,42.9995,225.0
29,-2.47,42.8764,250.0
30,-2.5128,42.8961,250.0
31,-2.6256,43.0492,59.0
32,-2.6044,43.0245,250.0
33,-2.5411,43.0389,250.0
34,-2.5894,43.0106,250.0
35,-2.5439,43.0536,250.0
36,-2.6017,43.0092,250.0
37,-2.9528,43.0397,65.0
38,-2.9469,43.017,250.0
39,-3.0381,43.1083,168.0
40,-3.0772,43.0925,250.0
41,-3.0628,43.1217,203.0
42,-3.0314,43.1408,341.0
43,-2.8353,43.1508,250.0
44,-2.7644,43.3989,178.0
45,-2.7586,43.38,161.0
46,-2.6347,43.3717,250.0
47,-2.6931,43.312,250.0
48,-2.4728,43.2531,195.0
49,-2.5847,43.2981,178.0
50,-2.5828,43.2839,142.0
51,-2.6144,43.2933,250.0
52,-2.5833,43.1956,49.0
53,-2.6272,43.2064,58.0
54,-2.6222,43.2047,235.0
55,-2.6506,43.1683,69.0
56,-2.6611,43.1597,55.0
57,-2.6494,43.1439,242.0
58,-2.65,43.1917,62.0
59,-2.6503,43.1358,184.0
60,-2.6569,43.0772,184.0
61,-2.7069,43.0753,159.0
62,-2.7714,43.1267,143.0
63,-2.7961,43.1053,248.0
64,-2.7872,43.1122,238.0
65,-2.8333,43.2597,66.0
66,-2.8347,43.2586,131.0
67,-2.8528,43.2228,72.0
68,-2.87,43.2397,156.0
69,-2.8397,43.1467,239.0
70,-2.8394,43.1439,101.0
71,-2.9711,43.0953,173.0
72,-2.9367,43.132,58.0
73,-3.0986,43.2975,86.0
74,-3.0917,43.1995,133.0
75,-3.0828,43.1772,180.0
76,-3.0597,43.1764,158.0
77,-3.2214,43.2014,100.0
78,-3.1314,43.19,120.0
79,-3.1714,43.2617,250.0
80,-3.1772,43.2603,212.0
81,-3.2097,43.2142,59.0
82,-3.2481,43.2758,174.0
83,-3.2439,43.2731,217.0
84,-3.2592,43.2753,222.0
85,-3.3228,43.2106,111.0
86,-3.3678,43.2417,245.0
87,-3.1994,43.3103,115.0
88,-3.1717,43.3108,109.0
89,-3.2361,43.3422,135.0
90,-3.2772,43.3881,69.0
91,-3.2814,43.3736,103.0
92,-3.2861,43.2981,250.0
93,-3.3278,43.3078,220.0
94,-3.8971,43.1429,48.0
95,-3.889,43.2828,237.0
96,-3.9195,43.2854,106.0
97,-3.9191,43.2566,250.0
98,-4.113,43.3033,101.0
99,-4.0138,43.2471,164.0
100,-4.0744,43.2264,250.0
101,-4.101,43.3043,79.0
102,-4.2708,43.3475,185.0
103,-4.2928,43.3439,250.0
104,-4.2844,43.3425,134.0
105,-5.2561,43.4453,74.0
106,-5.2147,43.4314,77.0
107,-5.2117,43.4356,73.0
108,-5.3128,43.3342,22.0
109,-5.4683,43.3433,68.0
110,-5.5061,43.4861,40.0
111,-5.4819,43.4856,108.0
112,-5.4911,43.4272,250.0
113,-5.535,43.4631,66.0
114,-6.1028,43.5144,250.0
115,-6.2792,43.417,200.0
116,-6.2869,43.3675,250.0
117,-6.2875,43.4433,250.0
118,-6.3458,43.4458,107.0
119,-6.398,43.4447,189.0
120,-7.0744,43.5192,250.0
121,-7.1403,43.46,250.0
122,-7.564,43.4731,108.0
123,-7.5662,43.6281,229.0
124,-7.6636,43.7008,152.0
125,-7.4244,43.1342,49.0
126,-7.8958,43.1197,70.0
127,-7.9032,43.1349,107.0
128,-8.0139,43.1403,250.0
129,-7.995,43.2258,77.0
130,-8.068,43.2053,79.0
131,-8.0783,43.2045,36.0
132,-8.1086,43.1797,81.0
133,-8.08,43.2281,112.0
134,-8.1575,43.4689,200.0
135,-7.9478,43.63,250.0
136,-8.1842,43.5681,250.0
137,-8.3983,43.227,250.0
138,-8.9372,43.155,250.0
139,-8.9478,43.162,64.0
140,-9.0894,42.875,33.0
141,-9.0686,42.8439,85.0
142,-8.4556,42.7609,222.0
143,-8.7061,42.8245,250.0
144,-8.7047,42.8131,162.0
145,-8.7389,42.7175,144.0
146,-8.8878,42.7017,135.0
147,-8.7294,42.6156,77.0
148,-8.7575,42.5656,250.0
149,-8.6203,42.5759,170.0
150,-8.7041,42.4842,243.0
151,-8.3491,42.5536,221.0
152,-8.5842,42.212,152.0
153,-8.58,42.2086,250.0
154,-8.573,42.2522,178.0
155,-7.9611,42.0425,245.0
156,-8.0005,42.2945,250.0
157,-7.3394,41.957,64.0
158,-7.1347,42.1175,250.0
159,-3.2225,43.3058,46.0
160,-3.3589,43.3125,226.0
161,-3.4475,43.1522,321.0
162,-3.4497,43.1483,40.0
163,-3.5839,43.1578,41.0
164,-3.5925,43.1608,289.0
165,-3.6053,43.2031,58.0
166,-3.63,43.2045,592.0
167,-3.6756,43.2239,23.0
168,-3.6906,43.2286,108.0
169,-3.6683,43.2467,138.0
170,-3.6478,43.2981,191.0
171,-3.7706,43.2669,75.0
172,-3.7433,43.2147,47.0
173,-3.7517,43.1178,86.0
174,-3.7528,43.1142,136.0
175,-3.8167,43.1731,44.0
176,-3.8175,43.0803,72.0
177,-3.8544,43.0464,173.0
178,-3.8597,43.042,65.0
179,-3.8894,43.0492,43.0
180,-3.9114,43.035,105.0
181,-3.9786,43.0361,66.0
182,-3.9572,43.0753,152.0
183,-3.9619,43.0895,102.0
184,-3.9731,43.2042,51.0
185,-4.1406,43.2014,31.0
186,-4.0458,43.0961,118.0
187,-4.0447,43.0925,61.0
188,-4.0842,43.0767,315.0
189,-4.0617,43.0731,116.0
190,-4.0369,43.045,500.0
191,-4.0661,43.0345,200.0
192,-4.1042,43.0225,500.0
193,-3.8489,42.9236,30.0
194,-3.8867,42.9189,155.0
195,-3.9511,42.8936,157.0
196,-3.9011,42.8045,500.0
197,-3.913,42.7978,30.0
198,-3.9592,42.8114,290.0
199,-3.9961,42.8492,326.0
200,-4.0542,42.8114,137.0
201,-4.0464,42.8792,500.0
202,-4.0372,42.9195,113.0
203,-4.0592,42.9514,39.0
204,-4.1014,42.9347,107.0
205,-4.1255,42.967,66.0
206,-4.1436,42.9489,500.0
207,-4.2136,42.9681,377.0
208,-4.2472,42.9675,87.0
209,-4.2444,42.9728,117.0
210,-4.2292,43.0681,122.0
211,-4.275,43.1047,209.0
212,-4.3719,43.0433,72.0
213,-4.3897,43.07,79.0
214,-4.3286,43.2303,47.0
215,-4.3369,43.1867,39.0
216,-4.4678,43.2422,59.0
217,-4.4658,43.1236,57.0
218,-4.4953,43.1033,444.0
219,-4.5164,43.1336,98.0
220,-4.5422,43.1856,183.0
221,-4.6633,43.0561,184.0
222,-4.7561,43.0828,135.0
223,-4.7533,43.085,221.0
224,-4.7539,43.1022,356.0
225,-4.7864,43.167,500.0
226,-4.7594,43.182,500.0
227,-4.715,43.1508,299.0
228,-4.6589,43.2369,121.0
229,-4.6842,43.2258,500.0
230,-4.678,43.3536,500.0
231,-4.6889,43.3486,199.0
232,-4.7217,43.2961,306.0
233,-4.7258,43.2583,368.0
234,-4.755,43.2367,500.0
235,-4.7594,43.1947,500.0
236,-4.9975,43.4031,188.0
237,-4.9994,43.2889,39.0
238,-4.9872,43.2792,72.0
239,-4.993,43.2608,339.0
240,-4.9986,43.262,199.0
241,-5.013,43.2606,60.0
242,-5.0205,43.2642,83.0
243,-5.0172,43.2861,96.0
244,-5.195,43.4369,202.0
245,-5.2253,43.277,133.0
246,-5.2114,43.2025,482.0
247,-5.1564,43.1942,117.0
248,-5.1283,43.1458,187.0
249,-5.2164,43.1033,133.0
250,-5.2217,43.1106,292.0
251,-5.2914,43.1445,69.0
252,-5.3061,43.1008,312.0
253,-5.3217,43.1111,78.0
254,-5.3861,43.2756,307.0
255,-5.3967,43.2725,292.0
256,-5.368,43.2333,200.0
257,-5.4778,43.2156,174.0
258,-5.4517,43.1889,73.0
259,-5.4372,43.192,158.0
260,-5.4255,43.1967,237.0
261,-5.4781,43.1533,237.0
262,-5.4025,43.0597,337.0
263,-5.4606,43.0736,123.0
264,-5.5189,43.1028,285.0
265,-5.5889,43.0681,136.0
266,-5.525,43.2917,300.0
267,-5.6586,43.2222,144.0
268,-5.643,43.2228,32.0
269,-5.6244,43.1961,109.0
270,-5.6694,43.1325,296.0
271,-5.6903,43.1247,825.0
272,-5.675,43.1272,778.0
273,-5.6883,43.1147,348.0
274,-5.7611,43.01,326.0
275,-5.7658,43.0008,253.0
276,-5.7928,42.9864,500.0
277,-5.8011,42.9861,500.0
278,-5.7783,43.1836,165.0
279,-5.8336,43.2256,37.0
280,-5.9264,43.2392,151.0
281,-5.925,43.185,329.0
282,-5.9053,43.1442,502.0
283,-5.8961,43.1397,119.0
284,-5.9086,43.0611,287.0
285,-5.8925,42.9925,353.0
286,-6.0086,43.0625,546.0
287,-5.9856,43.0911,106.0
288,-5.9772,43.185,454.0
289,-6.0033,43.1639,523.0
290,-6.0728,43.137,371.0
291,-6.0472,43.0967,130.0
292,-6.0408,43.085,250.0
293,-6.1325,43.2378,156.0
294,-6.1078,43.1975,325.0
295,-6.1605,43.1633,215.0
296,-6.0942,43.0589,421.0
297,-6.1169,43.0536,374.0
298,-6.1455,43.0508,483.0
299,-6.2394,43.057,416.0
300,-6.2383,43.0336,639.0
301,-6.3233,43.0617,448.0
302,-6.32,43.0917,159.0
303,-6.3364,43.1431,167.0
304,-6.2911,43.2233,314.0
305,-6.253,43.2278,702.0
306,-6.2678,43.28,133.0
307,-6.2825,43.4531,67.0
308,-6.3544,43.3781,463.0
309,-6.3992,43.3717,500.0
310,-6.3742,43.3442,29.0
311,-6.47,43.3303,931.0
312,-6.3722,43.3097,228.0
313,-6.4286,43.2261,398.0
314,-6.4458,43.1781,431.0
315,-6.4658,43.0995,89.0
316,-6.4647,43.0711,336.0
317,-6.4697,43.05,608.0
318,-6.4283,43.07,168.0
319,-6.3772,43.06,225.0
320,-6.4275,42.9939,148.0
321,-6.4864,42.9739,159.0
322,-6.448,42.9461,100.0
323,-6.5264,42.9392,152.0
324,-6.5747,42.982,332.0
325,-6.6189,42.9542,150.0
326,-6.7872,42.9172,337.0
327,-6.743,42.9453,83.0
328,-6.7025,42.9425,161.0
329,-6.7472,43.0222,269.0
330,-6.7225,43.0428,139.0
331,-6.6789,43.0325,135.0
332,-6.6978,43.0125,218.0
333,-6.8869,42.9945,126.0
334,-6.8769,42.9992,103.0
335,-6.8247,43.065,153.0
336,-6.7958,43.1008,207.0
337,-6.6825,43.1614,175.0
338,-6.6742,43.1528,833.0
339,-6.5728,43.1842,500.0
340,-6.5553,43.2142,500.0
341,-6.5844,43.232,500.0
342,-6.6661,43.2631,500.0
343,-6.6758,43.2689,500.0
344,-6.79,43.2017,134.0
345,-6.7694,43.2292,298.0
346,-6.7319,43.2597,284.0
347,-6.6705,43.3086,319.0
348,-6.6458,43.4691,188.0
349,-6.7269,43.332,302.0
350,-6.7569,43.3706,462.0
351,-6.8219,43.4406,380.0
352,-6.8358,43.4364,253.0
353,-6.9519,43.3703,380.0
354,-7.0125,43.347,229.0
355,-7.0267,43.3208,85.0
356,-6.9691,43.275,59.0
357,-6.86,43.2436,421.0
358,-6.9453,43.1347,143.0
359,-6.9547,43.1689,150.0
360,-7.0322,43.2736,220.0
361,-7.6697,43.5136,22.0
362,-7.5197,43.5813,44.0
363,-7.6461,43.5361,33.0
364,-7.4186,43.5947,87.0
365,-7.4953,43.5836,67.0
366,-7.4586,43.593,25.0
367,-7.4342,43.5872,14.0
368,-7.46,43.4466,15.0
369,-7.4053,43.4541,64.0
370,-7.6181,43.4208,25.0
371,-7.6308,43.448,19.0
372,-7.5331,43.5925,22.0
373,-7.5628,43.548,60.0
374,-7.4897,43.4466,39.0
375,-7.5091,43.5183,17.0
376,-7.6908,43.3086,25.0
377,-7.6686,43.4947,52.0
378,-7.5828,43.5538,10.0
379,-7.5836,43.5141,18.0
380,-7.4253,43.4758,23.0
381,-7.635,43.4863,19.0
382,-7.5303,43.4647,34.0
383,-7.5464,43.4338,21.0
384,-7.5386,43.4902,28.0
385,-7.5881,43.4705,22.0
386,-7.5942,43.4619,92.0
387,-7.5539,43.4638,38.0
388,-7.5336,43.5508,30.0
389,-7.4164,43.5911,20.0
390,-7.5389,43.5563,22.0
391,-7.5114,43.5413,325.0
392,-7.4497,43.4627,41.0
393,-7.4461,43.4214,29.0
394,-0.7499,42.4563,43.0
395,-0.7415,42.4535,43.0
396,0.0085,42.573,35.0
397,0.1585,42.5702,35.0
398,0.1891,42.5591,45.0
399,0.1919,42.4369,43.0
400,0.9836,42.323,78.0
401,1.3419,42.3035,183.0
402,1.7503,42.0369,80.0
403,1.2641,41.9868,160.0
404,1.4641,42.023,108.0
405,1.403,42.0535,78.0
406,1.4808,42.0896,60.0
407,1.4975,42.0424,310.0
408,1.3891,42.0063,140.0
409,1.3419,41.9521,35.0
410,1.6753,41.973,88.0
411,1.6503,41.8702,73.0
412,1.6919,41.8591,155.0
413,1.8892,42.0035,85.0
414,1.7058,42.0063,75.0
415,1.581,41.9652,155.0
416,1.6753,41.9535,115.0
417,1.9808,42.0063,80.0
418,1.9753,42.0563,53.0
419,2.1336,41.8896,123.0
420,2.067,41.8063,258.0
421,0.9641,41.3702,223.0
422,0.903,41.3229,188.0
423,0.3002,40.8368,1910.0
424,0.3335,40.7735,1890.0
425,0.3252,40.6824,1010.0
426,0.2224,40.7896,1930.0
427,-0.6276,40.6396,152.0
428,-0.6499,40.6229,159.0
429,-0.5249,40.2757,201.0
430,-0.6749,40.3062,199.0
431,-0.7026,40.3229,398.0
432,-1.0193,40.4063,192.0
433,-1.3527,40.3396,174.0
434,-1.3582,40.3201,112.0
435,-0.8943,40.0229,153.0
436,-1.0138,40.0368,253.0
437,-0.986,40.0396,173.0
438,-1.1832,40.1285,195.0
439,-1.2027,40.1785,153.0
440,-1.386,40.2618,95.0
441,-1.3444,40.1896,80.0
442,-1.5039,43.2488,208.0
443,-1.5394,43.156,250.0
444,-1.6667,43.1463,250.0
445,-1.6695,43.1745,250.0
446,-1.6689,43.1806,250.0
447,-1.7787,43.0082,250.0
448,-2.004,43.0623,228.0
449,-1.902,43.2031,250.0
450,-1.902,43.2053,250.0
451,-1.8578,43.167,250.0
452,-1.682,43.2442,250.0
453,-1.7208,43.262,250.0
454,-1.6833,43.2531,250.0
455,-1.6608,43.2933,250.0
456,-1.6522,43.2597,250.0
457,-1.4249,40.0229,67.0
458,-1.511,39.9729,266.0
459,-1.6027,40.0896,179.0
460,-1.6305,40.0285,2651.0
461,-1.8083,39.7896,452.0
462,-1.8333,39.7868,224.0
463,-1.9249,39.8757,1244.0
464,-2.1,39.8562,73.0
465,-2.2472,39.9731,82.0
466,-2.0416,40.0229,536.0
467,-2.0416,40.0285,1084.0
468,-2.3944,40.0729,227.0
469,-2.0444,40.1229,89.0
470,-2.0456,40.0495,102.0
471,-2.1861,40.1868,464.0
472,-1.9249,40.2257,1401.0
473,-2.0138,40.259,445.0
474,-1.8333,40.3701,75.0
475,-1.8833,40.3896,729.0
476,-2.1583,40.3868,94.0
477,-2.2611,40.4451,85.0
478,-2.1583,40.459,174.0
479,-2.0916,40.4951,273.0
480,-2.0111,40.5896,145.0
481,-2.1027,40.5896,990.0
482,-2.0805,40.5868,143.0
483,-2.2777,40.5729,221.0
484,-2.1861,40.609,625.0
485,-2.25,40.7257,43.0
486,-2.3639,40.6424,700.0
487,-2.2138,40.6924,873.0
488,-2.1861,40.7229,105.0
489,-2.1527,40.7979,583.0
490,-2.1277,40.659,345.0
491,-2.1166,40.6563,503.0
492,-3.325,41.6452,63.0
493,-3.3139,41.6396,68.0
494,-4.8695,40.4563,83.0
495,-2.3639,38.6562,1049.0
496,-2.35,38.6423,1072.0
497,-2.3666,38.6118,1038.0
498,-2.38,38.5562,1642.0
499,-2.4027,38.5395,483.0
500,-2.2889,38.4729,238.0
501,-2.6805,38.4201,555.0
502,-2.2666,38.134,122.0
503,-2.3,38.0951,1070.0
504,-4.0042,40.7877,461.0
505,-4.0112,40.7707,500.0
506,-4.049,40.7596,466.0
507,-4.0684,40.7735,500.0
508,-4.1421,40.6231,279.0
509,-4.1672,40.6008,500.0
510,-4.1357,40.63,427.0
511,-4.1538,40.65,157.0
512,-4.0276,40.7338,500.0
513,-4.0812,40.7315,207.0
514,-4.156,40.6045,237.0
515,-4.199,40.5663,160.0
516,-4.1775,40.5818,281.0
517,-4.1768,40.5773,500.0
518,-4.1378,40.7088,500.0
519,-4.002,40.689,110.0
520,-4.0042,40.6901,156.0
521,-4.0565,40.7732,433.0
522,-4.1349,40.6156,280.0
523,-4.114,40.641,500.0
524,-4.0322,40.7328,393.0
525,-4.0801,40.7438,500.0
526,-4.1689,40.5976,366.0
527,-4.0392,40.6926,500.0
528,-4.0161,40.5779,500.0
529,-4.0051,40.6751,232.0
530,-3.9688,40.577,500.0
531,-4.1118,40.614,500.0
532,-4.0389,40.6899,500.0
533,-4.0825,40.589,500.0
534,-4.0101,40.6774,395.0
535,-3.9609,40.6036,378.0
536,-3.9603,40.5581,500.0
537,-4.0239,40.5094,500.0
538,-4.0341,40.517,260.0
539,-3.9767,40.5517,332.0
540,-3.9217,40.9318,130.0
541,-3.8385,40.8323,48.0
542,-3.8041,40.83,72.0
543,-3.7688,40.8537,71.0
544,-3.7762,40.8771,101.0
545,-3.7864,40.9401,141.0
546,-3.6427,40.9436,170.0
547,-3.7987,40.9742,163.0
548,-3.7475,41.0126,81.0
549,-3.8739,40.909,193.0
550,-3.9601,40.816,61.0
551,-3.9139,40.8329,58.0
552,-3.6753,41.0556,84.0
553,-3.8534,40.7867,32.0
554,-3.9992,40.8549,405.0
555,-4.0167,40.8674,402.0
556,-4.0462,40.8451,500.0
557,-3.9072,41.018,387.0
558,-4.1794,40.7079,299.0
559,-3.8443,41.0047,322.0
560,-3.807,41.0237,398.0
561,-3.8394,41.0622,410.0
562,-4.1256,40.7401,500.0
563,-4.1278,40.7732,247.0
564,-4.1759,40.7066,500.0
565,-4.0964,40.7785,377.0
566,-4.0937,40.7976,459.0
567,-4.187,40.7082,500.0
568,-3.8394,41.0145,384.0
569,-3.7992,40.9978,463.0
570,-3.8114,41.0126,201.0
571,-3.6125,41.1507,161.0
572,-3.5939,41.1638,157.0
573,-3.6935,41.0861,400.0
574,-3.7124,41.0887,493.0
575,-3.6565,41.1548,500.0
576,-3.6789,41.1083,455.0
577,-3.6843,41.1114,408.0
578,-3.6654,41.1318,212.0
579,-3.8608,41.0598,301.0
580,-3.8557,41.063,449.0
581,-4.0037,40.8821,500.0
582,-4.0439,40.88,447.0
583,-0.1415,40.6896,814.0
584,-0.2193,40.5535,3724.0
585,-0.2415,40.5701,123.0
586,-0.2276,40.5396,1631.0
587,-0.3443,40.3229,218.0
588,-0.3582,40.259,265.0
589,-2.5166,38.3423,97.0
590,-2.5833,38.3784,577.0
591,-2.5166,38.309,450.0
592,-2.5305,38.2729,161.0
593,-2.6139,38.2562,328.0
594,-2.5861,38.2534,241.0
595,-2.5972,38.2423,264.0
596,-2.6,38.2284,99.0
597,-2.6305,38.2284,157.0
598,-2.7528,38.0895,94.0
599,-2.9528,37.9701,113.0
600,-2.9167,37.9395,107.0
601,-2.8028,37.9201,181.0
602,-2.8361,37.8228,861.0
603,-2.975,37.8562,160.0
604,-2.9778,37.8395,821.0
605,-3.0056,37.7562,237.0
606,-2.9861,37.7117,208.0
607,-2.55,37.9228,356.0
608,-2.4944,37.9756,553.0
609,-2.4389,38.0562,106.0
610,-1.54,42.6916,376.0
611,-1.1831,42.6541,540.0
612,-1.5756,43.0009,74.0
613,-1.5698,42.9873,227.0
614,-1.5795,42.9929,293.0
615,-1.6166,43.0311,59.0
616,-1.6431,43.0436,51.0
617,-0.8324,42.9247,105.0
618,-0.8335,42.9181,102.0
619,-0.903,42.9365,63.0
620,-0.8986,42.9214,95.0
621,-2.0177,42.9731,222.0
622,-2.0057,42.9604,130.0
623,-1.9798,42.9665,198.0
624,-1.9454,42.9698,182.0
625,-1.8906,42.9513,261.0
626,-1.8723,42.9421,121.0
627,-1.8878,43.0386,137.0
628,-1.8815,43.0457,45.0
629,-1.5075,43.0775,55.0
630,-1.5338,43.0553,188.0
631,-1.6382,43.0548,16.0
632,-1.5875,43.0723,16.0
633,-1.4158,43.2023,35.0
634,-1.4448,43.2243,24.0
635,-1.4581,43.2335,20.0
636,-1.4132,43.1618,51.0
637,-1.4806,43.0231,1350.0
638,-1.5318,43.0373,496.0
639,-1.4305,43.0143,53.0
640,-1.1526,42.9931,33.0
641,-1.1837,42.9773,83.0
642,-1.2557,42.9028,41.0
643,-1.6612,43.0695,48.0
644,-1.6992,43.0753,66.0
645,-1.7271,43.1486,21.0
646,-1.7705,43.0716,25.0
647,-1.8053,43.1143,25.0
648,-1.8825,43.125,27.0
649,-1.0982,42.4456,93.0
650,-0.8393,42.866,50.0
651,-0.8374,42.8688,63.0
652,-2.1809,42.7826,101.0
653,-2.2148,42.8063,88.0
654,-2.238,42.8145,64.0
655,-1.2515,42.8767,133.0
656,-1.3111,42.9361,35.0
657,-1.3454,43.0302,93.0
658,-1.4029,42.9914,69.0
659,-1.3793,43.0001,66.0
660,-2.0636,42.7988,214.0
661,-2.0511,42.7972,207.0
662,-1.4493,42.6544,85.0
663,-1.0755,42.9855,151.0
664,-1.0119,42.9638,132.0
665,-1.2038,42.9597,115.0
666,-1.2633,42.9804,179.0
667,-2.4623,42.6114,178.0
668,-2.14,42.7364,141.0
669,-2.2547,42.7462,87.0
670,-2.0354,42.7842,228.0
671,-2.0625,42.9339,111.0
672,-1.9383,42.9579,125.0
673,-1.9998,42.8676,219.0
674,-2.1039,42.864,113.0
675,-1.7565,43.0366,61.0
676,-1.7537,42.9913,51.0
677,-1.8519,43.0508,123.0
678,-1.8143,42.8388,196.0
679,-1.8039,42.9333,84.0
680,-2.0932,42.8417,175.0
681,-1.2919,43.0105,43.0
682,-2.0966,42.9432,63.0
683,-1.7037,42.9772,63.0
684,-3.05,43.1341,195.0
685,-3.0333,43.1174,61.0
686,-2.5,42.5021,146.0
687,-2.8333,43.0508,244.0
688,-2.4166,42.5341,354.0
689,-2.6333,42.9924,61.0
690,-2.5833,42.9508,122.0
691,-2.5833,42.8549,232.0
692,-2.6333,42.8424,232.0
693,-2.6333,42.5008,183.0
694,-2.4975,42.9286,244.0
695,-2.4166,42.9341,244.0
696,-2.7167,42.9341,317.0
697,-2.55,42.823,122.0
698,-2.4747,42.7347,464.0
699,-2.303,42.7924,293.0
700,-2.2722,42.8102,927.0
701,-2.7833,42.5827,85.0
702,-2.6667,42.5846,366.0
703,-2.6166,42.4994,207.0
704,-2.5666,42.5452,2794.0
705,-2.5,42.6016,134.0
706,-2.45,39.2507,122.0
707,-2.4277,39.2498,61.0
708,-2.3486,39.2396,110.0
709,-2.45,39.0618,73.0
710,-2.0166,39.0173,573.0
711,-1.8333,38.9173,85.0
712,-1.8944,38.7256,183.0
713,-1.8999,38.734,85.0
714,-1.7333,38.8006,159.0
715,-2.6427,38.5734,220.0
716,-2.6655,38.6005,366.0
717,-2.6988,38.6908,73.0
718,-2.55,38.6506,549.0
719,-2.55,38.5673,439.0
720,-2.5,38.6173,293.0
721,-2.4166,38.434,342.0
722,-0.1498,38.8506,195.0
723,-0.8166,38.7173,171.0
724,-0.7832,38.734,1940.0
725,-0.5332,38.684,134.0
726,-0.4832,38.7673,451.0
727,0.0502,38.7006,37.0
728,-0.8166,38.184,183.0
729,-0.7999,38.2006,1135.0
730,-0.7666,38.2006,1244.0
731,-0.5987,38.1923,1452.0
732,-0.6332,38.184,268.0
733,-0.9499,38.1173,525.0
734,-0.9666,38.0173,329.0
735,-0.8832,38.0173,927.0
736,-2.2333,37.8173,220.0
737,-2.2833,37.7006,317.0
738,-2.0666,37.734,122.0
739,-2.1333,37.5506,293.0
740,-2.5166,37.3506,439.0
741,-2.4166,37.4173,134.0
742,-2.35,37.4673,878.0
743,-2.2333,37.4339,61.0
744,-2.1387,37.3839,98.0
745,-2.0833,37.4839,73.0
746,-1.8999,37.5006,134.0
747,-2.0625,36.8006,1684.0
748,-2.8167,37.1673,305.0
749,-2.5666,37.3339,244.0
750,-2.5833,37.2339,85.0
751,-2.5166,37.2006,159.0
752,-2.45,37.3006,171.0
753,-2.3,37.2006,317.0
754,-2.2,37.1839,146.0
755,-1.8333,37.2339,232.0
756,-2.9167,37.0839,207.0
757,-2.9,37.0173,122.0
758,-2.7667,37.1173,256.0
759,-2.7333,37.0006,146.0
760,-2.5666,37.0339,37.0
761,-2.35,37.0839,98.0
762,-2.25,37.1506,146.0
763,-2.2333,37.0839,464.0
764,-2.1333,37.1506,110.0
765,-1.8833,37.0506,878.0
766,-1.8499,37.1673,817.0
767,-2.9833,36.9006,207.0
768,-2.9167,36.9673,61.0
769,-2.8833,37.0006,122.0
770,-2.8833,36.8673,647.0
771,-2.7667,36.9839,171.0
772,-2.7667,36.8839,732.0
773,-2.7167,36.8339,329.0
774,-2.5166,36.8839,1257.0
775,-2.4833,36.9506,488.0
776,-2.3333,37.0006,207.0
777,-2.2166,36.9173,317.0
778,-2.15,36.8673,342.0
779,-2.0833,36.8506,451.0
780,-1.9666,37.0006,781.0
781,-2.0333,36.8839,317.0
782,-3.1167,36.7673,122.0
783,-2.95,36.7506,110.0
784,-2.9333,36.8173,561.0
785,-2.7333,36.7673,598.0
786,-2.6833,36.7173,146.0
787,-2.6333,36.7506,378.0
788,-2.25,36.8339,256.0
789,-2.2,36.7673,268.0
790,-2.2333,36.7839,708.0
791,-2.0666,36.8173,451.0
792,-6.9836,43.5175,793.0
793,-6.6835,43.5341,73.0
794,-5.7668,43.5675,232.0
795,-6.9169,43.3841,378.0
796,-6.5002,43.4175,12.0
797,-6.2669,43.4508,61.0
798,-5.8835,43.4175,305.0
799,-5.4335,43.4341,73.0
800,-5.0334,43.4175,159.0
801,-4.7001,43.3675,500.0
802,-6.9336,43.1841,305.0
803,-5.7335,43.2174,293.0
804,-6.6335,43.3174,317.0
805,-6.6335,43.2508,500.0
806,-6.3669,43.3008,232.0
807,-6.2835,43.2174,317.0
808,-6.1002,43.2341,159.0
809,-5.9168,43.2341,146.0
810,-5.6502,43.2341,146.0
811,-5.5335,43.2841,305.0
812,-5.4835,43.3174,171.0
813,-5.3668,43.2341,195.0
814,-5.1001,43.3174,37.0
815,-5.0835,43.3008,732.0
816,-5.0001,43.2841,73.0
817,-4.8001,43.2508,500.0
818,-6.7502,43.1008,207.0
819,-6.6335,43.0341,134.0
820,-6.4502,43.0674,329.0
821,-6.0502,43.1341,366.0
822,-5.9668,43.0841,110.0
823,-5.6835,43.1174,769.0
824,-5.4335,43.0674,342.0
825,-5.1335,43.1508,183.0
826,-6.7002,42.9341,85.0
827,-6.5835,42.9508,146.0
828,-4.8334,41.0674,171.0
829,-4.9501,41.1007,915.0
830,-5.0501,40.884,49.0
831,-4.9668,40.9507,61.0
832,-4.9668,40.9674,708.0
833,-5.1835,40.4174,512.0
834,-5.0168,40.5174,439.0
835,-4.8334,40.6007,49.0
836,-4.7334,40.5174,305.0
837,-4.5168,40.5507,964.0
838,-4.4334,40.584,964.0
839,-4.2167,40.634,85.0
840,-5.0812,40.3576,73.0
841,-4.9879,40.394,159.0
842,-4.7668,40.5007,927.0
843,-4.4654,40.3882,122.0
844,-5.6668,40.3007,329.0
845,-5.2301,40.279,146.0
846,-5.1665,40.2262,49.0
847,-5.1626,40.2382,12.0
848,-5.1209,40.2187,73.0
849,-5.0932,40.259,49.0
850,-5.0334,40.284,293.0
851,-5.0168,40.3174,159.0
852,-4.8501,40.3007,61.0
853,-4.8001,40.3007,85.0
854,-5.3321,40.1479,49.0
855,-5.2501,40.134,122.0
856,-5.2501,40.1174,49.0
857,-5.0501,40.184,622.0
858,-5.1001,40.2507,268.0
859,-5.1001,40.2007,195.0
860,-5.1334,40.184,98.0
861,-5.0112,40.3285,85.0
862,-4.7668,40.6507,244.0
863,-4.7668,40.6507,159.0
864,-5.0834,39.3673,207.0
865,-5.0668,39.2673,134.0
866,-6.853,39.0812,232.0
867,-6.853,38.7912,1501.0
868,-6.8483,38.794,293.0
869,-6.8463,38.7893,146.0
870,-6.8424,38.794,220.0
871,-6.6169,38.8673,73.0
872,-6.5835,38.834,854.0
873,-6.0835,38.884,537.0
874,-5.6501,39.0173,915.0
875,-5.2668,38.984,146.0
876,-6.9669,38.7173,427.0
877,-6.6835,38.8006,122.0
878,-6.4335,38.8006,793.0
879,-6.4057,38.7212,1440.0
880,-6.3657,38.7029,1196.0
881,-5.7501,38.784,12.0
882,-6.9002,38.5506,98.0
883,-6.8335,38.5465,110.0
884,-6.8002,38.634,305.0
885,-6.3168,38.584,293.0
886,-6.2835,38.5506,403.0
887,-5.8668,38.584,439.0
888,-5.6501,38.634,134.0
889,-5.5168,38.6173,146.0
890,-6.8169,38.4173,281.0
891,-6.6002,38.434,268.0
892,-6.5169,38.4006,85.0
893,-6.2502,37.984,207.0
894,-5.8502,38.484,159.0
895,-7.0835,38.234,390.0
896,-7.0002,38.284,146.0
897,-6.7835,38.3173,439.0
898,-6.6896,38.2251,220.0
899,-6.6558,38.194,171.0
900,-6.4835,38.2173,110.0
901,-5.7168,38.284,220.0
902,-6.5669,38.134,317.0
903,-6.5335,38.034,122.0
904,1.8003,42.1841,98.0
905,2.3253,41.8118,122.0
906,2.3892,41.7785,85.0
907,2.3336,41.7674,195.0
908,2.3947,41.7285,61.0
909,2.4392,41.7618,390.0
910,1.5169,41.5174,439.0
911,1.4336,41.5007,256.0
912,2.367,41.534,110.0
913,2.317,41.5007,366.0
914,2.3586,41.5368,342.0
915,2.3586,41.5229,305.0
916,1.553,41.4515,134.0
917,1.6749,41.428,146.0
918,1.6269,41.3515,244.0
919,1.8669,41.4007,171.0
920,1.9305,41.3889,793.0
921,1.9503,41.334,2367.0
922,1.9169,41.3007,1281.0
923,2.0108,41.3302,268.0
924,1.9528,41.2882,256.0
925,1.9455,41.2696,73.0
926,2.367,41.6841,232.0
927,-3.8167,42.9174,98.0
928,-3.4,42.9674,12.0
929,-3.0668,42.1341,110.0
930,-3.0667,42.1341,24.0
931,-3.0167,42.0424,37.0
932,-3.2833,41.9507,293.0
933,-3.0333,41.9841,793.0
934,-3.0167,41.9841,49.0
935,-3.9334,41.7507,842.0
936,-3.8834,41.7674,24.0
937,-3.8667,41.7507,183.0
938,-3.8834,41.7007,122.0
939,-3.8,41.7674,49.0
940,-3.7667,41.7341,159.0
941,-3.6334,41.7841,122.0
942,-3.7334,41.7007,98.0
943,-3.6834,41.7174,573.0
944,-3.6334,41.7341,24.0
945,-3.6167,41.7841,329.0
946,-3.5,41.7507,146.0
947,-3.5167,41.7007,183.0
948,-3.45,41.7007,232.0
949,-3.8167,41.6507,329.0
950,-3.5667,41.6341,122.0
951,-3.5167,41.6841,73.0
952,-3.0333,41.9841,49.0
953,-3.45,43.1174,12.0
954,-3.9667,41.8174,61.0
955,-3.9501,41.7507,817.0
956,-3.55,41.7674,73.0
957,-6.2502,40.3507,24.0
958,-6.6919,40.2424,293.0
959,-6.5835,40.2174,12.0
960,-6.5002,40.2507,134.0
961,-6.1502,40.2174,268.0
962,-5.7001,40.2674,220.0
963,-6.4669,40.034,256.0
964,-5.8668,40.134,378.0
965,-5.8335,40.134,232.0
966,-5.5668,40.1507,134.0
967,-5.6001,40.0174,61.0
968,-5.5835,39.6673,598.0
969,-6.5946,39.2701,195.0
970,-6.5002,39.284,171.0
971,-6.0168,39.1507,12.0
972,-5.8835,40.2507,98.0
973,-5.8668,40.234,232.0
974,-6.8669,40.2174,329.0
975,-6.7669,40.234,317.0
976,-6.7835,40.2174,220.0
977,-5.5668,40.1007,146.0
978,-6.7835,40.184,146.0
979,-6.6335,40.2174,195.0
980,-6.0668,40.234,244.0
981,-6.5835,40.0174,232.0
982,-6.5669,40.0174,146.0
983,-6.5502,40.034,549.0
984,-6.5502,40.0174,256.0
985,-6.5502,40.0007,171.0
986,-5.6835,40.0174,525.0
987,-5.5668,40.034,49.0
988,-5.5335,40.0674,61.0
989,-5.4335,40.1007,61.0
990,-5.4335,40.0507,85.0
991,-5.4001,40.1174,85.0
992,-6.5669,39.984,85.0
993,-6.3169,39.984,37.0
994,-6.3169,39.9173,12.0
995,-6.4002,39.9507,134.0
996,-6.3835,39.9007,586.0
997,-5.7001,36.9006,110.0
998,-5.1168,36.9673,1135.0
999,-5.1001,36.9173,1696.0
1000,-5.1168,36.9506,207.0
1001,-6.1835,36.7506,98.0
1002,-6.0502,36.7006,427.0
1003,-5.6668,36.7673,12.0
1004,-5.6168,36.8006,12.0
1005,-5.5835,36.8173,24.0
1006,-5.4335,36.3006,842.0
1007,-5.4001,36.2506,24.0
1008,-5.3946,36.1837,171.0
1009,-4.2834,43.3675,98.0
1010,-3.775,43.3958,244.0
1011,-3.6167,43.3841,73.0
1012,-3.45,43.3841,37.0
1013,-3.2667,43.3841,85.0
1014,-4.0923,43.3575,49.0
1015,-4.5334,43.3175,73.0
1016,-4.6168,43.2341,122.0
1017,-4.2667,43.2341,232.0
1018,-4.347,43.3338,37.0
1019,-4.2334,43.2841,24.0
1020,-3.9501,43.2008,61.0
1021,-3.8,43.1841,49.0
1022,-3.75,43.2675,85.0
1023,-3.6334,43.3008,73.0
1024,-3.6,43.2174,183.0
1025,-3.7909,43.1986,24.0
1026,-3.4667,43.3008,73.0
1027,-4.7001,43.1508,207.0
1028,-4.7168,43.0841,98.0
1029,-4.5168,43.1341,49.0
1030,-4.3501,43.1008,98.0
1031,-4.2501,43.1341,12.0
1032,-4.2445,43.0897,207.0
1033,-4.0834,43.1174,61.0
1034,-3.75,43.1341,61.0
1035,-3.9328,43.1533,98.0
1036,-3.45,43.1508,98.0
1037,-4.0167,42.8841,500.0
1038,-3.9667,42.8508,366.0
1039,-0.1665,40.7507,329.0
1040,-0.1332,40.6174,159.0
1041,-0.0832,40.6507,98.0
1042,-0.0498,40.6007,122.0
1043,0.0002,40.584,85.0
1044,0.2168,40.584,1476.0
1045,0.3835,40.3674,85.0
1046,-0.2999,40.3007,85.0
1047,0.0668,40.284,110.0
1048,-0.1498,39.784,61.0
1049,-0.3999,40.1507,476.0
1050,-0.3165,40.1174,61.0
1051,-0.4665,40.0507,37.0
1052,0.0668,40.134,61.0
1053,-0.0498,39.884,342.0
1054,-0.5665,39.8007,476.0
1055,-0.1998,39.7507,281.0
1056,-0.1637,39.7673,329.0
1057,-4.887,39.4451,195.0
1058,-4.7801,39.4465,73.0
1059,-4.6668,39.3673,61.0
1060,-3.2167,39.4007,49.0
1061,-2.9333,39.3507,73.0
1062,-3.7334,39.2673,293.0
1063,-3.5667,39.234,98.0
1064,-3.4334,39.2673,24.0
1065,-3.1833,39.3173,293.0
1066,-2.8667,39.284,61.0
1067,-4.1765,39.0523,171.0
1068,-4.157,39.0348,2037.0
1069,-3.2417,39.1118,5026.0
1070,-3.1167,39.1173,134.0
1071,-3.8334,38.834,122.0
1072,-3.6945,38.8687,49.0
1073,-3.6536,38.9257,439.0
1074,-3.3947,38.837,878.0
1075,-3.2667,38.884,24.0
1076,-4.0801,38.734,732.0
1077,-3.8956,38.722,683.0
1078,-3.4334,38.8006,1415.0
1079,-3.0167,38.7006,159.0
1080,-2.9833,38.8173,110.0
1081,-2.8667,38.7673,85.0
1082,-3.6,38.634,342.0
1083,-3.8903,38.5826,98.0
1084,-3.4667,38.6006,329.0
1085,-3.4834,38.6006,256.0
1086,-3.2833,38.584,183.0
1087,-3.4639,39.259,207.0
1088,-3.3333,38.8173,317.0
1089,-3.4084,38.8006,159.0
1090,-3.0167,39.1895,98.0
1091,-3.1542,39.3173,98.0
1092,-4.8834,38.4006,195.0
1093,-4.9334,38.3506,98.0
1094,-4.8168,38.3979,146.0
1095,-4.8043,38.3562,122.0
1096,-4.7584,38.3812,183.0
1097,-4.7376,38.3451,37.0
1098,-4.6501,38.3506,85.0
1099,-4.5834,38.4006,878.0
1100,-4.5459,38.4534,110.0
1101,-4.5904,38.409,317.0
1102,-4.6001,38.3673,61.0
1103,-5.3335,38.2673,61.0
1104,-4.8834,38.2006,122.0
1105,-4.9001,38.0173,195.0
1106,-4.8334,38.0506,220.0
1107,-4.4001,38.0506,24.0
1108,-4.8001,37.984,146.0
1109,-4.8001,37.8673,293.0
1110,-5.0765,37.8034,268.0
1111,-5.0168,37.784,171.0
1112,-4.7834,37.8173,781.0
1113,-4.7834,37.7673,622.0
1114,-4.9334,37.5173,232.0
1115,-4.3667,37.3173,817.0
1116,-7.9975,43.6994,354.0
1117,-8.117,43.6008,378.0
1118,-7.9836,43.5841,244.0
1119,-7.8336,43.5675,244.0
1120,-8.8337,43.2174,195.0
1121,-8.767,43.2174,61.0
1122,-8.3836,43.2841,110.0
1123,-8.2003,43.3008,195.0
1124,-8.2072,43.3105,842.0
1125,-8.1336,43.3174,464.0
1126,-8.0836,43.1841,854.0
1127,-7.967,43.1841,37.0
1128,-8.7337,43.1174,708.0
1129,-8.6837,43.0994,61.0
1130,-8.5837,43.1341,268.0
1131,-8.5003,43.1174,305.0
1132,-8.0836,43.1341,37.0
1133,-8.017,43.0674,73.0
1134,-8.0003,43.0841,49.0
1135,-9.0837,42.8508,244.0
1136,-9.0504,42.8841,24.0
1137,-9.017,42.9508,85.0
1138,-8.6837,42.8841,244.0
1139,-8.567,42.9008,37.0
1140,-8.367,42.8841,37.0
1141,-8.017,42.898,98.0
1142,-8.867,42.7508,134.0
1143,-8.7503,42.8008,146.0
1144,-8.7003,42.8174,85.0
1145,-8.7837,42.7841,171.0
1146,-8.7003,42.7341,220.0
1147,-2.55,40.3507,793.0
1148,-2.2333,40.4674,159.0
1149,-1.8666,40.4007,24.0
1150,-1.8499,40.384,915.0
1151,-1.9166,40.384,598.0
1152,-2.8333,40.2007,378.0
1153,-2.55,40.2174,366.0
1154,-2.0333,40.2507,244.0
1155,-1.9166,40.2507,781.0
1156,-1.9166,40.2174,317.0
1157,-1.8333,40.2507,488.0
1158,-3.0667,40.0507,73.0
1159,-2.55,40.134,207.0
1160,-2.5166,40.1174,171.0
1161,-2.3666,40.084,159.0
1162,-2.1,40.1674,122.0
1163,-2.0333,40.1674,256.0
1164,-2.0333,40.1673,98.0
1165,-1.9499,40.034,232.0
1166,-1.8999,40.034,1244.0
1167,-1.6666,40.1007,122.0
1168,-1.6666,40.0507,183.0
1169,-2.0333,39.884,37.0
1170,-1.9833,39.9674,195.0
1171,-1.9833,39.9507,256.0
1172,-1.9333,39.984,146.0
1173,-1.9333,39.9674,195.0
1174,-1.6833,39.984,244.0
1175,-2.9,39.8173,317.0
1176,-2.7167,39.4673,878.0
1177,-2.7833,40.284,159.0
1178,-2.4333,40.2007,183.0
1179,-1.7963,40.4118,207.0
1180,-1.7708,40.2124,915.0
1181,-1.7944,40.3813,73.0
1182,2.1336,42.2341,598.0
1183,2.4906,42.2144,244.0
1184,2.7003,42.2841,268.0
1185,2.6837,42.2674,634.0
1186,2.2003,42.3174,647.0
1187,2.5198,42.1521,134.0
1188,2.5503,42.1507,244.0
1189,2.4281,41.8424,49.0
1190,2.4225,41.8396,85.0
1191,2.7837,41.9841,281.0
1192,2.7837,41.9507,146.0
1193,2.7642,41.8368,1171.0
1194,3.017,41.9507,403.0
1195,3.0337,41.9341,73.0
1196,3.1672,41.9201,195.0
1197,2.7156,41.7696,49.0
1198,2.7503,42.1507,464.0
1199,-2.55,37.6506,342.0
1200,-2.45,37.7506,451.0
1201,-2.4333,37.8173,390.0
1202,-3.6,37.4228,561.0
1203,-3.5667,37.4006,98.0
1204,-3.3,37.4006,110.0
1205,-2.7667,37.4839,122.0
1206,-2.7667,37.3673,98.0
1207,-2.5833,37.4506,390.0
1208,-3.7334,37.1673,390.0
1209,-3.55,37.2506,122.0
1210,-3.55,37.2673,85.0
1211,-3.5167,37.2673,1025.0
1212,-4.1001,37.3173,146.0
1213,-3.1833,37.3172,317.0
1214,-3.0667,37.3173,244.0
1215,-3.1833,37.2673,354.0
1216,-2.8833,37.2506,98.0
1217,-3.1167,37.2339,73.0
1218,-3.0167,37.1839,586.0
1219,-4.0834,37.1673,268.0
1220,-2.8167,37.3339,317.0
1221,-4.0834,37.0506,134.0
1222,-4.0334,37.0839,317.0
1223,-4.0334,37.0173,915.0
1224,-3.9167,37.084,1549.0
1225,-3.4834,37.0506,256.0
1226,-3.4667,37.1006,61.0
1227,-3.3834,37.1006,695.0
1228,-3.25,37.1506,12.0
1229,-3.2833,37.0173,183.0
1230,-3.0833,37.0173,110.0
1231,-3.0667,37.1506,24.0
1232,-3.8,36.9839,342.0
1233,-3.3,36.9006,207.0
1234,-3.2833,36.9839,1854.0
1235,-3.0833,36.9506,244.0
1236,-3.15,36.8673,183.0
1237,-3.05,36.8839,159.0
1238,-3.5167,36.7839,293.0
1239,-3.6,36.7839,146.0
1240,-3.55,36.7673,122.0
1241,-3.3653,36.7806,134.0
1242,-3.3686,36.7609,244.0
1243,-3.3661,36.7417,122.0
1244,-2.575,37.634,451.0
1245,-2.55,37.6339,403.0
1246,-2.55,37.6339,854.0
1247,-2.5499,37.6339,695.0
1248,-2.5847,37.6423,756.0
1249,-3.7166,37.1006,671.0
1250,-3.2833,41.084,24.0
1251,-3.2333,41.0507,73.0
1252,-3.2722,40.8618,708.0
1253,-3.1333,40.9007,281.0
1254,-3.1,40.9507,342.0
1255,-2.7167,40.884,293.0
1256,-3.4278,40.709,195.0
1257,-3.1167,40.7674,1074.0
1258,-3.0833,40.7674,268.0
1259,-2.9833,40.784,244.0
1260,-2.9667,40.7674,73.0
1261,-2.6667,40.8007,159.0
1262,-1.6999,40.7507,73.0
1263,-1.6499,40.8007,73.0
1264,-1.5499,40.784,146.0
1265,-3.3167,40.6007,207.0
1266,-3.1708,40.5326,378.0
1267,-3.2458,40.9146,73.0
1268,-3.15,40.734,220.0
1269,-3.3167,40.6007,61.0
1270,-3.2917,41.059,378.0
1271,-3.1,40.934,207.0
1272,-3.4167,40.7049,49.0
1273,-2.8667,40.7674,1013.0
1274,-3.1667,40.5674,220.0
1275,-3.0667,40.9924,122.0
1276,-1.8333,43.3675,439.0
1277,-1.7833,43.0341,134.0
1278,-2.4166,43.2174,232.0
1279,-2.35,43.2841,85.0
1280,-2.2677,43.2107,244.0
1281,-2.2002,43.3008,244.0
1282,-2.0833,43.2841,244.0
1283,-1.7833,43.2841,159.0
1284,-2.5333,43.0008,183.0
1285,-2.5,43.0341,37.0
1286,-2.8333,43.2675,171.0
1287,-2.7,43.3175,220.0
1288,-2.35,43.0841,244.0
1289,-2.2166,43.1508,37.0
1290,-2.25,43.0841,244.0
1291,-2.2666,43.0341,390.0
1292,-2.1166,43.0508,183.0
1293,-2.0499,43.1341,244.0
1294,-1.9333,43.1508,122.0
1295,-2.4166,43.0008,244.0
1296,-6.6727,38.0728,171.0
1297,-6.4366,38.0092,793.0
1298,-7.1169,37.9673,281.0
1299,-7.0569,37.8392,317.0
1300,-6.4059,36.9166,244.0
1301,-6.8685,37.9459,854.0
1302,-6.8685,37.9328,1305.0
1303,-6.7335,37.8673,732.0
1304,-6.6269,37.949,329.0
1305,-6.5835,37.8673,256.0
1306,-6.4724,37.8837,476.0
1307,-6.2002,37.9173,146.0
1308,-7.1419,37.7687,903.0
1309,-6.9155,37.6687,549.0
1310,-6.8935,37.7164,732.0
1311,-6.7155,37.7728,281.0
1312,-6.7127,37.7256,37.0
1313,-6.5835,37.7839,37.0
1314,-6.5669,37.5751,1854.0
1315,-7.121,37.5751,37.0
1316,-7.121,37.5895,61.0
1317,-6.9169,37.5534,183.0
1318,-7.0002,37.3503,73.0
1319,-6.4669,37.4006,49.0
1320,-6.3724,37.3728,110.0
1321,-6.9335,37.2007,1537.0
1322,-6.8502,37.2006,1574.0
1323,-6.7335,37.2006,73.0
1324,-6.5835,37.1839,12.0
1325,-6.4962,37.2505,37.0
1326,-6.4335,37.2839,85.0
1327,-6.5169,37.2173,110.0
1328,-6.5002,37.2006,110.0
1329,-6.8169,37.1506,24.0
1330,-6.5044,37.017,146.0
1331,-0.7332,42.8341,1037.0
1332,-0.7165,42.8508,256.0
1333,-0.3998,42.7841,220.0
1334,-0.2332,42.7841,952.0
1335,-0.8499,42.6063,488.0
1336,-0.8499,42.6008,378.0
1337,-0.7499,42.5508,366.0
1338,-0.5499,42.5508,317.0
1339,-0.4665,42.5341,122.0
1340,0.0168,42.6341,98.0
1341,-0.0498,42.6008,61.0
1342,0.6169,42.5841,244.0
1343,-0.5832,42.4674,244.0
1344,0.1502,42.4674,37.0
1345,0.0335,42.4341,586.0
1346,-0.4665,42.4508,976.0
1347,0.5502,42.4841,342.0
1348,-0.6999,42.4008,390.0
1349,-0.6499,42.3007,500.0
1350,-0.7499,42.0007,305.0
1351,-0.2707,41.8702,24.0
1352,-0.1998,41.8868,12.0
1353,-0.4499,41.7507,12.0
1354,0.0668,42.6008,98.0
1355,0.0168,42.5841,146.0
1356,-0.1332,42.5341,98.0
1357,0.3002,42.6008,122.0
1358,0.2335,42.6174,183.0
1359,0.3835,42.5674,49.0
1360,0.3502,42.5841,98.0
1361,-2.7592,38.509,85.0
1362,-3.9303,38.1656,159.0
1363,-2.7,38.5006,220.0
1364,-2.6166,38.5006,256.0
1365,-2.6,38.4006,342.0
1366,-3.9042,38.3145,708.0
1367,-4.2334,38.0673,268.0
1368,-4.1042,38.037,183.0
1369,-4.0973,38.0437,1342.0
1370,-4.0576,38.0356,952.0
1371,-4.0142,38.0437,232.0
1372,-3.9981,38.1117,98.0
1373,-3.92,38.0659,171.0
1374,-3.8839,38.1012,110.0
1375,-3.8834,38.134,85.0
1376,-3.6534,38.3251,464.0
1377,-3.7667,38.0006,85.0
1378,-2.9,38.0506,476.0
1379,-4.0345,37.964,525.0
1380,-3.8667,37.9395,232.0
1381,-3.7456,37.9834,329.0
1382,-3.0667,37.834,268.0
1383,-2.9,37.9673,598.0
1384,-3.8175,37.7645,451.0
1385,-3.8167,37.7506,598.0
1386,-3.85,37.734,232.0
1387,-3.8167,37.7173,232.0
1388,-3.0,37.8006,256.0
1389,-2.9,42.3508,12.0
1390,-2.1138,42.4091,183.0
1391,-1.8527,42.2202,305.0
1392,-2.0166,42.1174,122.0
1393,-6.0502,43.0508,37.0
1394,-5.0501,43.1341,549.0
1395,-5.0334,43.1008,134.0
1396,-4.8668,43.1174,73.0
1397,-5.1501,42.7174,37.0
1398,-5.6168,42.4008,305.0
1399,-5.5668,42.3507,207.0
1400,-5.5001,42.4008,366.0
1401,-5.4668,42.4174,268.0
1402,-4.9834,42.4674,12.0
1403,-6.2169,42.3174,366.0
1404,-6.1168,42.3007,195.0
1405,-5.5668,42.2341,220.0
1406,-5.4001,42.3007,525.0
1407,-5.4001,42.2841,500.0
1408,-5.3835,42.2674,329.0
1409,-5.8168,42.1507,342.0
1410,-5.6168,42.8008,293.0
1411,-5.3668,42.2841,37.0
1412,-5.4335,42.3841,342.0
1413,-5.0334,42.6341,37.0
1414,1.0002,42.5674,24.0
1415,1.0169,42.5674,12.0
1416,1.4003,42.5508,24.0
1417,1.4341,41.8796,122.0
1418,1.4003,41.8007,891.0
1419,1.3752,41.7196,390.0
1420,0.5335,41.5341,256.0
1421,1.2975,41.6052,903.0
1422,1.3919,41.7757,195.0
1423,1.4003,41.7757,49.0
1424,1.4003,41.7841,220.0
1425,1.3919,41.7924,427.0
1426,0.6002,41.5591,49.0
1427,1.6808,42.4199,256.0
1428,1.4286,42.5908,244.0
1429,0.5835,41.5257,49.0
1430,0.4169,41.3174,134.0
1431,-7.6336,43.0008,37.0
1432,-7.3336,43.5841,110.0
1433,-7.0669,43.5341,244.0
1434,-7.7503,43.3508,12.0
1435,-7.3836,43.4675,256.0
1436,-7.0836,43.4341,244.0
1437,-7.7336,43.2174,1647.0
1438,-7.5336,43.2674,12.0
1439,-7.4669,43.2841,12.0
1440,-7.4836,43.2674,439.0
1441,-7.4336,43.2008,85.0
1442,-7.5003,43.0508,73.0
1443,-7.8003,43.0841,24.0
1444,-7.6169,43.1508,98.0
1445,-7.6003,43.1008,24.0
1446,-7.4669,43.1508,24.0
1447,-7.4836,43.1174,12.0
1448,-7.4669,43.1174,12.0
1449,-7.5003,43.0841,24.0
1450,-7.7336,42.9008,24.0
1451,-7.1669,42.8841,12.0
1452,-7.7003,42.8174,342.0
1453,-7.4336,42.8008,37.0
1454,-7.5003,42.7008,732.0
1455,-7.7669,42.5841,49.0
1456,-7.4669,42.5841,12.0
1457,-7.2336,42.5674,61.0
1458,-7.123,42.6658,12.0
1459,-7.4725,43.4302,85.0
1460,-3.6153,41.1174,12.0
1461,-3.4834,41.084,98.0
1462,-3.8667,40.884,146.0
1463,-3.7,40.9674,195.0
1464,-3.75,40.834,159.0
1465,-3.7,40.8674,122.0
1466,-3.6667,40.884,37.0
1467,-3.55,40.9174,24.0
1468,-3.5,40.8507,122.0
1469,-4.1334,40.7146,488.0
1470,-4.0834,40.7507,12.0
1471,-3.9834,40.734,49.0
1472,-3.9505,40.8629,146.0
1473,-3.8,40.834,49.0
1474,-3.7667,40.734,49.0
1475,-3.65,40.784,37.0
1476,-4.1497,40.5679,159.0
1477,-4.0667,40.6507,12.0
1478,-3.9667,40.584,122.0
1479,-3.85,40.634,232.0
1480,-3.9001,40.6174,171.0
1481,-3.7334,40.5507,98.0
1482,-3.6667,40.5507,73.0
1483,-3.6167,40.5507,110.0
1484,-3.45,40.6174,647.0
1485,-3.3,40.5674,73.0
1486,-3.2667,40.5174,207.0
1487,-4.3334,40.3674,171.0
1488,-4.0334,40.4007,110.0
1489,-3.6667,40.3507,1049.0
1490,-3.5334,40.4174,549.0
1491,-4.4668,40.284,85.0
1492,-4.0667,40.3174,122.0
1493,-3.6,40.3174,586.0
1494,-3.3667,40.284,85.0
1495,-3.4,40.2507,220.0
1496,-3.35,40.184,159.0
1497,-3.5834,40.1174,85.0
1498,-3.3,40.1007,37.0
1499,-3.25,40.1507,122.0
1500,-3.7667,39.934,122.0
1501,-3.7834,39.934,110.0
1502,-3.6,40.7507,671.0
1503,-3.6167,40.834,634.0
1504,-3.6334,40.8507,512.0
1505,-3.7167,40.9674,159.0
1506,-3.6167,41.1174,268.0
1507,-3.8334,40.834,24.0
1508,-4.2001,40.5674,24.0
1509,-4.2167,40.5007,451.0
1510,-3.75,40.7174,85.0
1511,-4.6501,37.1006,85.0
1512,-4.6501,37.0006,268.0
1513,-4.6168,37.0839,49.0
1514,-4.7668,36.8506,610.0
1515,-4.7501,36.8339,378.0
1516,-4.5134,36.9653,1806.0
1517,-4.4506,36.9839,73.0
1518,-4.4504,36.9839,1501.0
1519,-4.6234,36.72,1549.0
1520,-4.5906,36.7634,366.0
1521,-4.6987,36.6945,122.0
1522,-4.6584,36.7089,134.0
1523,-4.3667,36.7673,281.0
1524,-4.2667,36.8173,268.0
1525,-3.9834,36.8173,195.0
1526,-4.8501,36.5173,122.0
1527,-4.7668,36.5673,5783.0
1528,-4.6606,36.6934,3453.0
1529,-4.6254,36.7495,647.0
1530,-4.5695,36.6887,464.0
1531,-4.5426,36.9559,403.0
1532,-4.5498,36.9517,85.0
1533,-4.5568,36.9539,183.0
1534,-1.2999,38.584,220.0
1535,-1.7874,38.3109,85.0
1536,-1.051,38.3254,244.0
1537,-2.2833,38.0173,329.0
1538,-1.4663,38.1359,378.0
1539,-1.1332,38.1006,37.0
1540,-1.4666,37.984,134.0
1541,-1.4166,37.9673,342.0
1542,-1.3666,37.934,281.0
1543,-1.0666,37.8673,220.0
1544,-1.1499,37.9506,171.0
1545,-1.6999,37.7173,659.0
1546,-1.6499,37.7673,830.0
1547,-1.5333,37.7006,695.0
1548,-1.6249,37.4839,159.0
1549,-1.2827,37.6659,525.0
1550,-1.0735,37.7692,110.0
1551,-1.0166,37.6839,183.0
1552,-0.9332,37.834,281.0
1553,-0.8166,37.6506,281.0
1554,-1.7999,37.6673,293.0
1555,-1.7666,37.6006,659.0
1556,-1.7699,37.6403,403.0
1557,-1.6999,37.6339,647.0
1558,-1.6916,37.5839,708.0
1559,-1.4332,37.6006,622.0
1560,-1.1832,37.6506,708.0
1561,-0.7332,37.6339,171.0
1562,-2.0666,38.0006,98.0
1563,-1.7035,43.2155,317.0
1564,-1.8666,43.1841,525.0
1565,-1.5746,43.1719,37.0
1566,-1.481,43.2452,268.0
1567,-1.461,43.1208,122.0
1568,-1.9666,42.9841,122.0
1569,-1.878,42.9749,732.0
1570,-1.6019,42.9911,403.0
1571,-1.281,42.9397,244.0
1572,-1.3466,42.9783,122.0
1573,-1.126,42.9572,98.0
1574,-1.0946,42.8658,525.0
1575,-2.17,42.8341,244.0
1576,-1.8619,42.7841,49.0
1577,-1.6671,42.8135,744.0
1578,-1.5555,42.7508,122.0
1579,-1.4916,42.8327,366.0
1580,-1.3824,42.7655,244.0
1581,-1.186,42.7041,122.0
1582,-0.9938,42.7035,159.0
1583,-2.0041,42.6563,61.0
1584,-1.4068,42.6299,366.0
1585,-1.3638,42.628,122.0
1586,-1.2105,42.6166,122.0
1587,-2.35,42.4841,122.0
1588,-2.0333,42.4077,1976.0
1589,-1.4999,42.2507,2111.0
1590,-1.7958,42.3874,122.0
1591,-1.6333,42.7841,244.0
1592,-1.6333,42.6508,183.0
1593,-1.3332,42.6841,122.0
1594,-8.067,42.4507,366.0
1595,-6.9836,42.3507,12.0
1596,-7.6003,42.3174,12.0
1597,-7.6503,42.2341,12.0
1598,-7.4836,42.3341,12.0
1599,-7.2669,42.2341,98.0
1600,-7.0336,42.2341,24.0
1601,-8.067,42.1341,37.0
1602,-7.4503,42.0507,49.0
1603,-7.3044,42.1174,24.0
1604,-6.9836,42.0507,268.0
1605,-8.1003,41.9507,98.0
1606,-4.4334,43.0008,73.0
1607,-4.7668,42.6341,73.0
1608,-4.7501,42.5674,317.0
1609,-4.7183,42.0674,232.0
1610,-4.7001,42.1007,610.0
1611,-4.6334,42.0341,244.0
1612,-4.6334,42.0674,1684.0
1613,-8.717,42.6771,1659.0
1614,-8.567,42.6841,964.0
1615,-8.317,42.7508,12.0
1616,-8.1003,42.7174,122.0
1617,-8.0336,42.7508,281.0
1618,-8.7003,42.6508,12.0
1619,-8.6871,42.6548,769.0
1620,-8.6861,42.6548,403.0
1621,-8.6359,42.6257,244.0
1622,-8.6503,42.5674,12.0
1623,-8.5503,42.5341,12.0
1624,-8.3503,42.5674,12.0
1625,-8.3503,42.6174,122.0
1626,-8.117,42.6508,12.0
1627,-8.167,42.6008,12.0
1628,-7.9336,42.6341,12.0
1629,-8.767,42.5007,49.0
1630,-8.6503,42.4674,244.0
1631,-8.5003,42.3841,12.0
1632,-8.5519,42.234,110.0
1633,-8.417,42.3174,146.0
1634,-8.2836,42.3096,122.0
1635,-8.317,42.2785,37.0
1636,-8.3003,42.2341,12.0
1637,-6.4169,41.0007,647.0
1638,-5.5001,41.1007,1464.0
1639,-5.2335,41.0507,220.0
1640,-5.2168,41.1007,37.0
1641,-6.7502,40.9674,37.0
1642,-5.9668,40.884,159.0
1643,-5.8168,40.9507,366.0
1644,-5.3501,40.934,12.0
1645,-6.1835,40.684,12.0
1646,-6.1168,40.7007,390.0
1647,-5.6668,40.7007,195.0
1648,-5.6001,40.7007,390.0
1649,-5.6001,40.6674,403.0
1650,-5.3668,40.7674,122.0
1651,-6.2669,40.6174,342.0
1652,-6.2669,40.5674,37.0
1653,-6.3335,40.534,37.0
1654,-6.2002,40.5674,37.0
1655,-6.1835,40.6507,146.0
1656,-6.1335,40.584,354.0
1657,-6.1571,40.516,293.0
1658,-6.6002,40.4174,37.0
1659,-5.8002,40.3674,146.0
1660,-5.7668,40.3507,24.0
1661,-6.1335,40.6174,110.0
1662,-5.7168,40.3507,427.0
1663,-6.7335,40.284,37.0
1664,-6.053,40.5535,24.0
1665,-6.3335,40.4507,12.0
1666,-6.1339,40.5842,110.0
1667,-5.2835,40.834,146.0
1668,-5.2168,40.9007,866.0
1669,-5.5668,41.084,354.0
1670,-5.2335,41.084,378.0
1671,-5.3335,41.0674,244.0
1672,-5.5168,41.1507,403.0
1673,-3.7834,41.5174,342.0
1674,-4.3001,41.3841,500.0
1675,-3.5834,41.4841,24.0
1676,-3.4667,41.3507,464.0
1677,-3.3333,41.3674,232.0
1678,-3.5834,41.3174,268.0
1679,-3.5667,41.284,73.0
1680,-3.5,41.284,293.0
1681,-3.4834,41.234,49.0
1682,-4.4001,41.1007,24.0
1683,-4.1167,41.1174,49.0
1684,-3.8334,41.0674,500.0
1685,-3.8167,41.1174,708.0
1686,-4.0167,40.8676,73.0
1687,-3.9667,40.884,61.0
1688,-4.0167,40.809,49.0
1689,-3.6834,41.1257,134.0
1690,-6.0502,37.884,329.0
1691,-5.9835,37.9673,232.0
1692,-5.6835,37.984,73.0
1693,-5.7001,37.934,207.0
1694,-5.6501,37.884,98.0
1695,-5.5835,37.8506,244.0
1696,-6.4544,37.7034,85.0
1697,-6.3835,37.7089,122.0
1698,-6.2668,37.7173,37.0
1699,-6.1502,37.7338,671.0
1700,-6.1501,37.7339,98.0
1701,-6.1502,37.734,207.0
1702,-5.821,37.7006,98.0
1703,-5.3668,37.7673,476.0
1704,-5.8043,37.6673,244.0
1705,-5.1001,37.5173,110.0
1706,-6.1835,37.3839,464.0
1707,-5.9668,37.4839,122.0
1708,-5.9168,37.4173,342.0
1709,-5.8335,37.3506,329.0
1710,-5.4835,37.4839,183.0
1711,-5.3668,37.4839,85.0
1712,-5.3168,37.4339,378.0
1713,-5.3668,37.3506,1135.0
1714,-5.2168,37.4673,366.0
1715,-6.3168,37.2339,756.0
1716,-6.1002,37.2839,159.0
1717,-5.5168,37.2673,244.0
1718,-5.3668,37.1006,195.0
1719,-2.9833,41.8674,61.0
1720,-2.7333,41.7841,159.0
1721,-2.7,41.7841,220.0
1722,-2.75,41.7507,171.0
1723,-2.75,41.7007,146.0
1724,-2.5333,41.7007,24.0
1725,-2.5,41.7174,37.0
1726,-2.45,41.8174,866.0
1727,-2.9333,41.6507,73.0
1728,-2.5444,41.5674,61.0
1729,-2.55,41.5174,37.0
1730,-2.525,41.5841,85.0
1731,-3.5,41.5674,488.0
1732,-3.4,41.6174,122.0
1733,-3.0,41.6007,122.0
1734,-2.7833,41.7257,256.0
1735,-2.6667,41.8174,195.0
1736,-2.7167,41.8174,37.0
1737,1.0336,41.3841,24.0
1738,1.2502,41.384,244.0
1739,0.9961,41.3327,232.0
1740,0.9836,41.309,122.0
1741,0.5669,41.1174,73.0
1742,0.6335,41.0507,98.0
1743,0.5335,40.7674,659.0
1744,0.6835,40.7007,756.0
1745,0.4502,40.6007,159.0
1746,1.2041,41.3799,134.0
1747,1.1847,41.3904,195.0
1748,-0.5665,40.984,268.0
1749,-0.7704,40.8149,378.0
1750,-0.7796,40.7971,464.0
1751,-0.7035,40.7674,98.0
1752,-0.0998,40.8007,512.0
1753,-0.2998,40.5174,329.0
1754,-1.5666,40.484,293.0
1755,-1.5499,40.634,122.0
1756,-1.6833,40.5674,24.0
1757,-1.4332,40.284,85.0
1758,-1.3666,40.3345,122.0
1759,-1.4166,40.2007,122.0
1760,-0.7499,40.284,134.0
1761,-0.7165,40.2674,37.0
1762,-0.4665,40.3007,378.0
1763,-0.2998,40.7174,110.0
1764,-0.7688,40.8026,110.0
1765,-0.7765,40.8015,110.0
1766,-0.7785,40.8076,49.0
1767,-0.7821,40.8046,98.0
1768,-0.7838,40.8026,159.0
1769,-0.7868,40.8013,146.0
1770,-0.7777,40.7888,464.0
1771,-4.7668,40.2632,512.0
1772,-3.85,40.0674,49.0
1773,-3.8334,40.034,1013.0
1774,-3.8,40.0507,1122.0
1775,-3.8,40.0174,1025.0
1776,-4.3334,39.834,366.0
1777,-4.0167,39.884,110.0
1778,-3.5667,39.984,110.0
1779,-3.7167,39.9174,1049.0
1780,-3.6334,39.8507,1293.0
1781,-3.4667,39.9507,4319.0
1782,-3.3167,39.934,378.0
1783,-3.4834,39.884,183.0
1784,-3.2833,39.884,195.0
1785,-3.55,39.8173,110.0
1786,-3.7167,39.7673,1013.0
1787,-3.7334,39.7007,195.0
1788,-3.3667,39.784,220.0
1789,-3.25,39.734,2281.0
1790,-3.4167,39.6673,232.0
1791,-3.1167,39.784,122.0
1792,-3.4167,39.6507,61.0
1793,-4.6356,39.484,220.0
1794,-3.7667,39.3201,134.0
1795,-3.6834,39.684,98.0
1796,-3.7167,39.684,171.0
1797,-3.2167,39.7507,110.0
1798,-3.3667,39.8507,1000.0
1799,-3.4334,39.634,159.0
1800,-4.9501,39.7507,37.0
1801,-1.4499,40.134,73.0
1802,-0.9332,39.8507,1159.0
1803,-1.2499,39.734,878.0
1804,-1.1332,39.684,488.0
1805,-1.0999,39.7507,183.0
1806,-1.0832,39.734,49.0
1807,-1.1832,39.8173,61.0
1808,-0.9332,39.7507,12.0
1809,-0.9666,39.684,24.0
1810,-0.8499,39.8173,24.0
1811,-0.6665,39.8173,415.0
1812,-0.7165,39.7007,110.0
1813,-0.6999,39.784,73.0
1814,-0.4832,39.7007,378.0
1815,-0.2498,39.7173,1513.0
1816,-0.1998,39.7007,439.0
1817,-1.2166,39.534,159.0
1818,-1.1332,39.484,305.0
1819,-1.1666,39.6673,342.0
1820,-0.9499,39.5507,207.0
1821,-0.7999,39.6507,12.0
1822,-0.8666,39.5173,110.0
1823,-0.6999,39.534,1464.0
1824,-0.5999,39.7007,110.0
1825,-0.5832,39.5673,256.0
1826,-0.4332,39.584,732.0
1827,-0.4332,39.5673,537.0
1828,-0.3165,39.6334,256.0
1829,-0.3165,39.6007,329.0
1830,-0.2832,39.584,98.0
1831,-1.0999,39.4007,634.0
1832,-1.0416,39.3882,220.0
1833,-0.5499,38.8173,122.0
1834,-0.5999,39.384,366.0
1835,-0.5165,38.7506,12.0
1836,-1.2166,39.0673,232.0
1837,-1.1999,39.0673,561.0
1838,-1.0666,39.1007,708.0
1839,-0.2524,39.1015,183.0
1840,-0.6832,38.984,378.0
1841,-0.5665,38.8506,98.0
1842,-0.1998,38.884,171.0
1843,-0.0332,38.8673,85.0
1844,-0.0665,38.884,183.0
1845,-0.8499,38.834,598.0
1846,-0.6665,38.8006,366.0
1847,-5.1501,42.1841,183.0
1848,-5.2501,42.1674,354.0
1849,-4.4668,41.5674,134.0
1850,-5.2168,41.3507,61.0
1851,-4.9334,41.3007,24.0
1852,-4.8668,41.3174,12.0
1853,-4.8668,41.4674,122.0
1854,-4.9168,41.4174,512.0
1855,-4.9501,41.2007,159.0
1856,-4.7001,41.5507,403.0
1857,-2.8,43.3841,61.0
1858,-2.7167,43.3841,183.0
1859,-2.6333,43.3508,122.0
1860,-3.3167,43.2341,85.0
1861,-3.2,43.2008,159.0
1862,-3.1833,43.2341,61.0
1863,-3.1861,43.2027,195.0
1864,-3.1167,43.2008,122.0
1865,-3.0583,43.1911,122.0
1866,-2.8667,43.2841,122.0
1867,-2.8944,43.2891,98.0
1868,-2.8667,43.2508,122.0
1869,-2.8055,43.3077,122.0
1870,-2.7833,43.2174,61.0
1871,-2.7,43.3175,12.0
1872,-2.7,43.3008,1208.0
1873,-2.6333,43.2008,244.0
1874,-2.5034,43.2675,73.0
1875,-2.9333,43.1174,134.0
1876,-2.8833,43.0841,85.0
1877,-2.8167,43.1008,73.0
1878,-2.75,43.1508,293.0
1879,-2.6333,43.1508,134.0
1880,-2.6667,43.1008,183.0
1881,-2.7167,43.0674,159.0
1882,-3.0,42.9841,195.0
1883,-2.9,43.3841,268.0
1884,-2.6166,43.1174,73.0
1885,-6.7502,42.1507,122.0
1886,-6.3502,42.0341,146.0
1887,-5.6168,42.0841,37.0
1888,-5.6168,42.0202,195.0
1889,-5.7002,41.8841,159.0
1890,-6.0835,41.8174,293.0
1891,-5.8168,41.7507,1281.0
1892,-5.9668,41.7841,500.0
1893,-5.5168,41.4174,854.0
1894,-5.4668,41.3174,573.0
1895,-5.4168,41.3674,256.0
1896,-1.7333,41.9507,73.0
1897,-1.6999,41.9007,73.0
1898,-1.6833,41.9007,354.0
1899,-1.7499,41.8841,342.0
1900,-1.6999,41.8716,329.0
1901,-0.5499,41.8007,281.0
1902,-2.5501,37.7366,3.0
1903,-3.8667,40.7507,1.0
1904,-3.8667,40.784,2.0
1905,-3.9001,40.784,3.0
1906,-3.8653,40.734,2.0
1907,-3.8667,40.7342,4.0
1908,-5.3506,36.7505,5.0
1909,-5.3503,36.7505,2.0
1910,-5.3501,36.7507,1.0
1911,-5.4169,36.767,7.0
1912,-5.4168,36.7673,5.0
1913,-5.4168,36.7673,1.0
1914,-5.3495,36.7499,18.0
1915,-5.3502,36.7516,7.0
1916,-5.3501,36.7506,3.0
1917,-5.3497,36.7508,2.0
1918,-5.3501,36.7506,5.0
1919,-0.8332,39.8507,3.0
1920,1.999,41.3332,13.0
1921,0.1668,41.3174,12.0
1922,0.0502,41.3674,7.0
1923,0.0502,41.3007,9.0
1924,0.0835,41.3841,6.0
1925,0.0172,41.3508,10.0
1926,0.0168,41.3509,20.0
1927,1.7336,41.484,1.0
1928,0.6669,41.6507,7.0
1929,0.6335,41.7174,3.0
1930,0.5501,41.9341,3.0
1931,0.5669,41.8674,2.0
1932,0.4853,41.6943,3.0
1933,0.5502,41.934,2.0
1934,0.7002,41.6341,2.0
1935,-0.7332,38.484,35.0
1936,1.501,42.0,1.0
1937,1.5003,42.0007,1.0
1938,1.4997,41.9998,2.0
1939,1.5002,42.0006,1.0
1940,1.5001,42.0002,3.0
1941,1.5002,42.0173,2.0
1942,1.5001,42.0176,1.0
1943,1.5003,42.0341,4.0
1944,1.5003,42.0341,1.0
1945,2.0017,41.3353,1.0
1946,1.9928,41.326,2.0
1947,2.0015,41.3188,6.0
1948,1.9894,41.2749,9.0
1949,1.9926,41.3235,2.0
1950,2.0003,41.3174,5.0
1951,1.9982,41.3198,9.0
1952,1.9974,41.3185,2.0
1953,1.9919,41.3238,5.0
1954,2.0027,41.3246,6.0
1955,1.9982,41.3175,2.0
1956,2.0003,41.3174,1.0
1957,2.0,41.32,1.0
1958,1.9927,41.3187,1.0
1959,2.0003,41.3174,1.0
1960,2.0009,41.3176,2.0
1961,2.0013,41.3194,3.0
1962,2.0006,41.3219,3.0
1963,2.0005,41.3199,1.0
1964,0.0166,41.3507,4.0
1965,0.0153,41.3341,4.0
1966,0.0167,41.334,9.0
1967,0.0166,41.3337,1.0
1968,0.0162,41.3341,1.0
1969,1.9926,41.3336,4.0
1970,0.0167,41.3507,2.0
1971,2.0004,41.3341,2.0
1972,1.9992,41.3348,1.0
1973,2.0004,41.3347,3.0
1974,2.0006,41.3333,5.0
1975,0.0169,41.334,1.0
1976,1.9985,41.3371,1.0
1977,1.9992,41.3341,2.0
1978,1.9939,41.333,13.0
1979,1.9986,41.3342,7.0
1980,1.9994,41.333,10.0
1981,2.0,41.3341,20.0
1982,-0.1312,42.6184,1.0
1983,-0.13,42.6194,1.0
1984,-0.1335,42.6183,1.0
1985,-0.1281,42.6218,1.0
1986,-0.1349,42.6181,1.0
1987,-0.1333,42.6174,1.0
1988,-0.1291,42.6177,1.0
1989,-0.133,42.6171,1.0
1990,-0.133,42.6171,1.0
1991,-0.1346,42.6194,1.0
1992,-0.1354,42.6175,1.0
1993,-0.1271,42.619,2.0
1994,-0.1302,42.6197,2.0
1995,-0.1325,42.6202,1.0
1996,-0.1245,42.6181,1.0
1997,-0.1324,42.6181,1.0
1998,-0.1301,42.6191,1.0
1999,-0.1309,42.6306,1.0
2000,-0.1204,42.621,1.0
2001,-0.1256,42.6172,2.0
2002,-0.1266,42.6144,1.0
2003,-0.1206,42.618,1.0
2004,-0.1195,42.6172,1.0
2005,-0.1329,42.6221,1.0
2006,-0.1137,42.617,2.0
2007,-0.1213,42.6176,1.0
2008,-0.1318,42.6192,1.0
2009,-4.1501,40.5665,1.0
2010,-4.1513,40.5674,2.0
2011,-4.1501,40.584,2.0
2012,-5.7501,37.834,2.0
2013,-5.7168,40.1174,2.0
2014,-2.5512,37.7506,3.0
2015,-2.7333,37.5506,5.0
2016,-2.5645,37.5833,21.0
2017,-2.5704,37.584,5.0
2018,-2.5666,37.5839,9.0
2019,-2.5666,37.584,5.0
2020,-2.5662,37.5841,2.0
2021,-2.7,37.6006,2.0
2022,-3.7167,37.1005,2.0
2023,-3.718,37.0997,2.0
2024,-3.9167,37.0839,2.0
2025,-1.9499,43.0008,14.0
2026,-2.0666,42.8175,10.0
2027,-2.3833,37.6173,1.0
2028,-2.2333,37.6506,1.0
2029,-2.3833,37.5506,1.0
2030,-2.4498,37.6006,2.0
2031,-2.4506,37.6006,2.0
2032,-2.45,37.5999,1.0
2033,-1.8666,37.0506,2.0
2034,-1.8999,37.1673,1.0
2035,-1.8999,37.0506,2.0
2036,-2.05,36.8173,7.0
2037,-2.1,36.8173,2.0
2038,-2.1166,36.7839,5.0
2039,-2.1189,37.3665,1.0
2040,-1.8999,37.4839,1.0
2041,-2.0666,37.4673,2.0
2042,-2.3666,37.0506,1.0
2043,-1.8666,37.4673,1.0
2044,-2.1166,37.3673,1.0
2045,-2.45,37.7003,2.0
2046,-2.45,37.7006,2.0
2047,-2.4553,37.7007,3.0
2048,-2.8833,37.3173,1.0
2049,-2.8667,37.2839,2.0
2050,-2.8333,37.2839,2.0
2051,-2.8333,37.2838,1.0
2052,-3.1167,37.2839,1.0
2053,-2.9833,37.3173,5.0
2054,-2.95,37.3339,2.0
2055,-2.9667,37.2673,1.0
2056,-3.0833,37.3173,18.0
2057,-2.8834,37.2504,1.0
2058,-2.9992,37.1673,1.0
2059,-3.15,37.3006,1.0
2060,-3.1831,37.3173,4.0
2061,-2.8667,37.2173,2.0
2062,-3.1333,37.3006,1.0
2063,-2.8333,37.3839,2.0
2064,-2.7167,37.4673,1.0
2065,-2.8333,37.4173,7.0
2066,-2.5833,37.3339,1.0
2067,-2.7649,37.483,2.0
2068,-2.7667,37.4673,1.0
2069,-2.5833,37.3673,2.0
2070,-2.5833,37.4499,3.0
2071,-2.75,37.4576,3.0
2072,-2.749,37.4704,4.0
2073,-2.7644,37.4666,7.0
2074,-2.7667,37.4673,3.0
2075,-2.8167,37.1006,3.0
2076,-2.7667,37.3506,1.0
2077,-2.7499,37.4673,3.0
2078,-5.4001,38.0506,1.0
2079,-6.5835,37.7506,1.0
2080,-4.6501,40.5174,3.0
2081,-4.6668,40.4674,8.0
2082,-4.5168,40.534,8.0
2083,-4.4001,40.5674,8.0
2084,-4.4237,40.5671,3.0
2085,-6.7002,40.2674,2.0
2086,-6.7002,40.2007,2.0
2087,-6.6002,40.2174,2.0
2088,-6.6669,40.1507,2.0
2089,-6.5002,40.1674,2.0
2090,-5.7502,40.1007,1.0
2091,-5.8335,40.034,2.0
2092,-5.7502,40.0507,4.0
2093,-5.6501,40.1174,1.0
2094,-5.4667,40.1007,1.0
2095,-5.4501,40.1174,3.0
2096,-6.3169,40.3007,2.0
2097,-6.4169,40.234,1.0
2098,-6.4669,40.4507,4.0
2099,-6.3502,40.5007,2.0
2100,-2.7,38.0006,12.0
2101,-2.7,38.0006,8.0
2102,-2.6998,37.9766,12.0
2103,-2.9266,37.9006,8.0
2104,-2.9,37.9006,3.0
2105,-3.0833,41.1507,1.0
2106,-3.1167,41.0674,1.0
2107,-3.1165,41.134,1.0
2108,-3.1001,41.5674,1.0
2109,-3.1,41.5674,1.0
2110,-3.1167,41.1345,1.0
2111,-3.0832,41.184,2.0
2112,-3.3333,41.084,2.0
2113,-2.25,40.7007,1.0
2114,-3.4,41.2507,1.0
2115,-6.3524,37.0519,1.0
2116,-6.3519,37.0503,1.0
2117,-6.3402,37.0352,3.0
2118,-2.9667,37.9006,4.0
2119,-2.9501,38.0673,67.0
2120,-2.9477,38.0662,3.0
2121,-2.9594,38.0673,3.0
2122,-2.9467,38.0667,3.0
2123,-2.6166,42.5174,2.0
2124,-6.3505,37.0496,1.0
2125,-6.4085,37.0864,2.0
2126,-2.9019,37.8985,4.0
2127,-2.8833,37.9006,4.0
2128,-2.95,38.0674,1.0
2129,-2.9027,37.8923,4.0
2130,-2.9003,37.9003,3.0
2131,-3.1499,37.0673,6.0
2132,-3.15,37.0673,4.0
2133,-3.15,37.0673,4.0
2134,-4.2667,43.0674,2.0
2135,-8.5336,42.8674,1.0
2136,-3.4334,40.1673,6.0
2137,-3.4,40.1174,9.0
2138,-3.4294,40.1674,7.0
2139,-3.4167,40.1507,2.0
2140,-2.9,37.5506,1.0
2141,-3.1,37.1006,1.0
2142,-2.2333,42.8174,2.0
2143,-1.7166,43.0008,1.0
2144,-4.5501,40.1674,4.0
2145,-4.3001,40.2674,6.0
2146,-4.5398,40.165,4.0
2147,-4.7501,40.1507,2.0
2148,-4.7168,40.134,1.0
2149,-4.8834,39.884,5.0
2150,-4.9334,39.634,4.0
2151,-4.8001,39.5673,4.0
2152,-3.9,39.9007,1.0
2153,-3.3167,39.8673,5.0
2154,-3.3333,39.834,6.0
2155,-1.8499,41.7674,1.0
2156,-0.1165,42.7008,1.0
2157,-0.9332,42.435,1.0
2158,-0.7832,42.6341,1.0
2159,0.6335,42.6008,1.0
2160,1.9832,42.3174,1.0
2161,1.9836,42.3174,2.0
2162,1.9836,42.3174,2.0
2163,1.9834,42.3183,1.0
2164,-0.2664,39.0674,1.0
2165,-0.2665,39.0674,2.0
2166,0.0335,42.2841,2.0
2167,0.0337,42.2842,1.0
2168,0.0335,42.2841,2.0
2169,0.0334,42.2841,1.0
2170,-5.2668,40.4174,6.0
2171,-5.3501,40.434,9.0
2172,-5.9002,39.8673,2.0
2173,-5.1668,40.3007,4.0
2174,-5.2501,40.334,3.0
2175,2.6502,39.6831,4.0
2176,2.6501,39.6832,22.0
2177,2.6503,39.6842,9.0
2178,2.65,39.6826,8.0
2179,2.8003,39.5673,4.0
2180,3.0003,39.3507,1.0
2181,2.0003,41.3174,3.0
2182,0.0502,41.284,1.0
2183,0.0668,41.2674,3.0
2184,1.6336,41.6841,3.0
2185,1.2002,41.8341,1.0
2186,1.2502,42.1174,4.0
2187,0.9836,41.3674,2.0
2188,-1.0666,39.1173,4.0
2189,-1.0832,39.0673,1.0
2190,-1.1999,39.0173,6.0
2191,-0.9832,39.0507,3.0
2192,-0.9832,39.084,3.0
2193,-0.9832,39.1673,1.0
2194,-1.2166,39.0673,7.0
2195,-0.9666,39.1007,13.0
2196,-1.1832,39.134,6.0
2197,-0.8999,39.1673,13.0
2198,-0.8999,39.1007,10.0
2199,-1.2166,39.084,2.0
2200,-1.0999,39.0673,1.0
2201,1.9003,41.4341,1.0
2202,1.9006,41.4345,2.0
2203,1.9003,41.434,1.0
2204,1.9008,41.4357,1.0
2205,1.8996,41.4355,2.0
2206,-8.017,42.9008,1.0
2207,-7.2992,42.2674,1.0
2208,-7.301,42.2674,2.0
2209,-7.3003,42.2682,1.0
2210,-7.5836,42.3007,1.0
2211,-7.7669,42.5841,1.0
2212,-7.8503,42.8508,1.0
2213,-8.0003,43.6841,3.0
2214,-8.0003,43.6841,3.0
2215,1.8836,41.434,1.0
2216,1.8837,41.4341,2.0
2217,1.8837,41.4175,1.0
2218,1.8836,41.4174,2.0
2219,-7.9453,41.8767,2.0
2220,1.7669,41.8841,1.0
2221,1.7169,41.8674,1.0
2222,1.717,41.8674,1.0
2223,1.7836,41.9507,1.0
2224,1.7837,41.9504,1.0
2225,1.9836,41.6342,1.0
2226,1.9836,41.6353,4.0
2227,1.9837,41.6341,1.0
2228,0.9002,41.3507,7.0
2229,-4.7668,40.3007,1.0
2230,-3.9167,40.6007,1.0
2231,-3.75,40.734,2.0
2232,-3.7167,40.984,2.0
2233,-3.75,40.734,2.0
2234,-4.0667,40.7507,1.0
2235,-3.8334,40.0674,6.0
2236,-4.0168,39.884,1.0
2237,-4.0667,39.9007,1.0
2238,-4.0834,39.9007,1.0
2239,-7.3004,42.2521,2.0
2240,-7.3004,42.2508,1.0
2241,-7.2997,42.2506,2.0
2242,-7.2986,42.2504,1.0
2243,-7.3,42.2494,1.0
2244,-7.6003,42.3341,1.0
2245,-3.8667,43.1841,1.0
2246,-4.8168,43.1508,2.0
2247,-8.0336,43.0674,14.0
2248,-2.2,43.0841,1.0
2249,-2.5166,43.0008,1.0
2250,-2.2666,43.0174,2.0
2251,-2.4166,43.1008,3.0
2252,-2.25,43.0841,3.0
2253,-2.4001,43.0197,2.0
2254,-2.2666,43.0175,1.0
2255,-2.2333,43.1841,1.0
2256,-2.0333,43.1341,1.0
2257,-2.4014,43.0341,1.0
2258,-2.1166,43.1341,1.0
2259,-2.0166,43.1174,1.0
2260,-2.25,43.0674,1.0
2261,-2.2333,43.1841,1.0
2262,-2.1826,43.1802,5.0
2263,-5.3501,39.4673,2.0
2264,-5.4001,39.4673,2.0
2265,-5.4001,39.4674,3.0
2266,-4.9501,40.934,1.0
2267,-5.5001,41.084,1.0
2268,-3.1667,40.7674,1.0
2269,-2.55,41.1174,4.0
2270,-1.8666,40.984,1.0
2271,-3.0833,40.7507,1.0
2272,-3.15,40.734,2.0
2273,-2.6667,40.784,1.0
2274,-1.6333,40.784,1.0
2275,-1.6333,40.784,1.0
2276,-0.5665,41.5507,1.0
2277,-0.5665,41.5341,2.0
2278,0.9669,41.3674,4.0
2279,-0.6665,41.1174,1.0
2280,0.0168,42.3007,2.0
2281,0.0502,42.3174,2.0
2282,0.0835,42.3507,5.0
2283,0.1168,42.3674,1.0
2284,0.1335,42.4508,1.0
2285,0.2169,42.4674,1.0
2286,0.2169,42.4508,1.0
2287,0.4169,42.4508,2.0
2288,0.3169,42.3841,3.0
2289,0.2002,42.3174,2.0
2290,0.1002,42.4174,1.0
2291,0.1502,42.3841,2.0
2292,-1.851,38.1008,68.0
2293,-1.851,38.1006,68.0
2294,-1.8495,38.1007,10.0
2295,-1.8499,38.1018,28.0
2296,-1.8511,38.1011,13.0
2297,-2.7666,37.4838,5.0
2298,-2.7647,37.4839,8.0
2299,-2.7667,37.4839,5.0
2300,-2.7667,37.4839,2.0
2301,-2.767,37.4837,6.0
2302,-2.7659,37.4872,1.0
2303,-2.7673,37.4861,2.0
2304,-1.7001,37.6669,13.0
2305,-1.8166,37.5673,8.0
2306,-1.7,37.6673,6.0
2307,-2.7678,37.4795,1.0
2308,-2.7649,37.4873,1.0
2309,-1.4298,37.6011,42.0
2310,-4.6501,37.5173,14.0
2311,-2.1833,37.3506,4.0
2312,-2.15,37.3839,1.0
2313,-2.4666,37.3339,6.0
2314,-2.3666,37.3506,2.0
2315,-2.5,37.3506,4.0
2316,-2.4055,37.8026,2.0
2317,-2.2666,37.5839,4.0
2318,-1.9833,37.0006,6.0
2319,-2.6333,37.2839,2.0
2320,-1.9499,36.9506,4.0
2321,-2.05,36.8673,3.0
2322,-2.1166,36.8673,1.0
2323,-2.1333,36.9673,1.0
2324,-2.1333,36.8506,4.0
2325,-2.1255,36.9407,4.0
2326,-2.0666,36.9339,2.0
2327,-2.1166,36.9339,1.0
2328,-2.0166,36.8506,4.0
2329,-2.1186,36.7612,2.0
2330,-1.9604,37.0005,1.0
2331,-1.8333,37.2339,2.0
2332,-2.0833,37.684,2.0
2333,-0.9999,38.134,1.0
2334,-1.8666,37.8506,1.0
2335,-2.1666,37.7173,2.0
2336,-2.0333,37.8006,1.0
2337,-3.2167,36.8339,2.0
2338,-3.2833,36.9006,5.0
2339,-3.3833,36.8839,1.0
2340,-3.3834,36.8839,5.0
2341,-3.2167,36.8339,1.0
2342,-3.0167,37.3339,1.0
2343,-3.0667,37.1839,2.0
2344,-3.0661,37.1839,1.0
2345,-3.0667,37.184,1.0
2346,-3.0667,37.1822,2.0
2347,-1.8999,39.9674,1.0
2348,-3.15,37.1839,1.0
2349,-3.1333,37.1673,1.0
2350,-2.05,36.9506,4.0
2351,-2.4333,36.8339,6.0
2352,-2.2166,36.8839,6.0
2353,-2.0666,37.1839,2.0
2354,-1.8666,37.2506,1.0
2355,-2.1833,37.2839,1.0
2356,-2.1833,37.284,1.0
2357,-1.9794,37.2516,2.0
2358,-2.1833,37.3173,2.0
2359,-1.8102,37.2497,1.0
2360,-2.4406,37.5344,21.0
2361,-2.7167,37.7173,5.0
2362,-2.4515,37.5941,5.0
2363,-2.4333,37.5839,2.0
2364,-2.2,37.8006,2.0
2365,-2.1833,37.7173,1.0
2366,-2.4518,37.534,2.0
2367,-2.45,37.5339,2.0
2368,-2.4527,37.5898,2.0
2369,-2.4166,37.6173,1.0
2370,-2.443,37.5348,2.0
2371,-2.4833,37.5839,4.0
2372,-2.4497,37.534,3.0
2373,-2.4388,37.5339,3.0
2374,-2.4459,37.5956,3.0
2375,-2.3665,37.8174,2.0
2376,-2.3666,37.8173,1.0
2377,-2.2833,37.8173,1.0
2378,-2.45,37.53,1.0
2379,-2.4833,37.5339,2.0
2380,-2.2838,37.5688,3.0
2381,-2.4,37.6006,1.0
2382,-2.25,37.5506,2.0
2383,-2.3833,37.6006,1.0
2384,-3.1991,36.7839,4.0
2385,-3.2,36.7835,2.0
2386,-3.2,36.7839,4.0
2387,-1.8333,41.4341,1.0
2388,-3.4167,36.7839,2.0
2389,-3.5167,36.7506,4.0
2390,-3.3167,36.7506,1.0
2391,-3.1999,36.7837,1.0
2392,-3.2,36.7847,3.0
2393,-1.4996,37.7673,15.0
2394,-1.4157,37.8506,55.0
2395,-1.4149,37.8503,10.0
2396,-1.4999,37.7683,40.0
2397,-6.0502,37.5339,3.0
2398,-3.5,38.2006,2.0
2399,-3.3667,38.0173,2.0
2400,-3.9501,37.7173,1.0
2401,-0.951,37.734,3.0
2402,-3.6334,37.1006,1.0
2403,-1.3888,37.8034,1.0
2404,-1.3888,37.7978,2.0
2405,-1.4082,37.7784,2.0
2406,-1.4096,37.7784,1.0
2407,-0.6329,39.0174,4.0
2408,-0.6426,39.017,4.0
2409,-0.9165,38.434,5.0
2410,-0.9166,38.434,4.0
2411,-0.6324,39.0174,1.0
2412,-0.5165,38.784,3.0
2413,-0.6332,39.0173,3.0
2414,-0.633,39.0173,1.0
2415,-0.633,39.0239,1.0
2416,-0.6332,39.0163,1.0
2417,-4.6668,39.5662,2.0
2418,-4.6664,39.5673,1.0
2419,-4.6668,39.5672,1.0
2420,-4.668,39.5668,2.0
2421,-4.6692,39.5673,2.0
2422,-4.6667,39.5673,1.0
2423,-4.6662,39.5682,1.0
2424,-4.6679,39.5687,1.0
2425,-4.6676,39.5678,1.0
2426,-4.668,39.568,1.0
2427,-4.6668,39.5673,1.0
2428,-3.2,38.2506,1.0
2429,0.1343,41.434,1.0
2430,0.1335,41.4348,2.0
2431,0.1335,41.4341,2.0
2432,-0.5999,41.5674,2.0
2433,-0.5165,41.5352,1.0
2434,-0.5995,41.5675,3.0
2435,-0.533,41.5341,2.0
2436,-0.7196,41.5716,5.0
2437,-0.5331,41.5373,1.0
2438,-0.4665,41.4841,2.0
2439,-0.8396,41.5721,3.0
2440,-0.4665,41.4341,1.0
2441,2.1938,41.6363,1.0
2442,2.1804,41.6189,2.0
2443,-0.9077,42.0007,1.0
2444,-0.8582,42.0007,4.0
2445,-2.4666,42.5674,1.0
2446,-1.0332,37.6673,5.0
2447,-1.2334,37.734,3.0
2448,-3.4167,40.184,5.0
2449,-3.4167,40.134,3.0
2450,-1.1305,38.3979,1.0
2451,-1.1193,38.4409,1.0
2452,-4.5756,37.6506,1.0
2453,-4.7268,37.5556,1.0
2454,-4.6168,37.4673,2.0
2455,-4.5801,37.5478,1.0
2456,-1.4996,42.2007,1.0
2457,-1.4999,42.2006,1.0
