,Longitude,Latitude,TN [mg/kg]
0,-5.0113,41.4899,3000.0
1,-2.7363,42.4142,1630.0
2,-4.267,41.3465,2100.0
3,-6.6181,38.5071,1600.0
4,-1.7449,41.7826,1400.0
5,-3.1805,41.3507,900.0
6,-5.0324,41.5823,1500.0
7,-2.0805,40.1132,2000.0
8,-4.1922,43.1491,5800.0
9,-5.9305,42.8624,2100.0
10,-5.0741,40.2521,1800.0
11,-2.2579,41.0124,3000.0
12,-4.5457,41.3026,6000.0
13,-1.2815,42.9428,2400.0
14,-5.0051,40.3028,1800.0
15,-3.9262,41.1259,3300.0
16,-3.2111,42.3142,5600.0
17,-2.7113,41.9461,1900.0
18,-2.7784,42.0553,2900.0
19,-2.8216,42.0153,1600.0
20,-2.479,42.0504,3000.0
21,-2.4564,41.9906,3000.0
22,-1.8392,41.8179,1600.0
23,-1.8564,41.8224,2600.0
24,-1.8278,43.3536,1100.0
25,-1.8778,43.3292,2100.0
26,-1.8097,43.3272,1400.0
27,-1.8053,43.2903,4000.0
28,-1.8458,43.2856,2200.0
29,-1.9423,43.1386,4700.0
30,-2.0039,43.1434,3900.0
31,-1.9619,43.222,2300.0
32,-2.0256,43.2764,2000.0
33,-2.1122,43.2458,1300.0
34,-2.1597,43.2397,2200.0
35,-2.3111,43.2703,2300.0
36,-2.2597,43.1883,3300.0
37,-2.4067,43.2347,2300.0
38,-2.2039,43.1758,3000.0
39,-2.3242,43.1697,3400.0
40,-2.5042,43.1625,1600.0
41,-2.1068,43.1096,2000.0
42,-2.1082,43.1153,1800.0
43,-2.3794,43.1286,3300.0
44,-2.3939,43.1022,2500.0
45,-2.0811,43.0619,2500.0
46,-2.2722,43.0625,3100.0
47,-2.4047,43.0406,2200.0
48,-2.4792,43.0708,2700.0
49,-2.1817,42.9764,3600.0
50,-2.2883,42.9828,3500.0
51,-2.5264,43.0064,2400.0
52,-2.5644,42.9995,2300.0
53,-2.47,42.8764,2500.0
54,-2.5128,42.8961,1000.0
55,-2.6256,43.0492,1900.0
56,-2.6044,43.0245,2800.0
57,-2.5411,43.0389,3600.0
58,-2.5894,43.0106,5100.0
59,-2.5439,43.0536,2200.0
60,-2.6017,43.0092,1300.0
61,-2.9528,43.0397,1600.0
62,-2.9469,43.017,1600.0
63,-3.0381,43.1083,2500.0
64,-3.0772,43.0925,1500.0
65,-3.0628,43.1217,3100.0
66,-3.0314,43.1408,1700.0
67,-2.8353,43.1508,2300.0
68,-2.7644,43.3989,2500.0
69,-2.7586,43.38,3200.0
70,-2.6347,43.3717,3000.0
71,-2.6931,43.312,5000.0
72,-2.4728,43.2531,2400.0
73,-2.5847,43.2981,5100.0
74,-2.5828,43.2839,2100.0
75,-2.6144,43.2933,2700.0
76,-2.5833,43.1956,1700.0
77,-2.6272,43.2064,1000.0
78,-2.6222,43.2047,1600.0
79,-2.6506,43.1683,1600.0
80,-2.6611,43.1597,2200.0
81,-2.6494,43.1439,1400.0
82,-2.65,43.1917,3400.0
83,-2.6503,43.1358,1000.0
84,-2.6569,43.0772,2000.0
85,-2.7069,43.0753,3600.0
86,-2.7714,43.1267,1500.0
87,-2.7961,43.1053,3300.0
88,-2.7872,43.1122,2700.0
89,-2.8333,43.2597,1400.0
90,-2.8347,43.2586,2000.0
91,-2.8528,43.2228,3700.0
92,-2.87,43.2397,3800.0
93,-2.8397,43.1467,3500.0
94,-2.8394,43.1439,3200.0
95,-2.9711,43.0953,2100.0
96,-2.9367,43.132,1000.0
97,-3.0986,43.2975,1700.0
98,-3.0917,43.1995,1800.0
99,-3.0828,43.1772,1500.0
100,-3.0597,43.1764,1700.0
101,-3.2214,43.2014,2300.0
102,-3.1314,43.19,2200.0
103,-3.1714,43.2617,2900.0
104,-3.1772,43.2603,2800.0
105,-3.2097,43.2142,2500.0
106,-3.2481,43.2758,2800.0
107,-3.2439,43.2731,5100.0
108,-3.2592,43.2753,1600.0
109,-3.3228,43.2106,3600.0
110,-3.3678,43.2417,2700.0
111,-3.1994,43.3103,2300.0
112,-3.1717,43.3108,2000.0
113,-3.2361,43.3422,2300.0
114,-3.2772,43.3881,4200.0
115,-5.2927,36.5603,3100.0
116,-5.2752,36.566,2000.0
117,-4.9962,41.1533,900.0
118,-4.24,41.3081,9400.0
119,-4.5422,39.6631,1000.0
120,-2.7006,43.2814,3100.0
121,-4.4882,41.2676,500.0
122,-3.2814,43.3736,3700.0
123,-3.2861,43.2981,4700.0
124,-3.3278,43.3078,4300.0
125,-3.8971,43.1429,2500.0
126,-3.889,43.2828,1300.0
127,-3.9195,43.2854,3600.0
128,-3.9191,43.2566,2400.0
129,-4.113,43.3033,3200.0
130,-4.0138,43.2471,2000.0
131,-4.0744,43.2264,3400.0
132,-4.101,43.3043,4400.0
133,-4.2708,43.3475,2700.0
134,-4.2928,43.3439,3000.0
135,-4.2844,43.3425,2400.0
136,-5.2561,43.4453,6100.0
137,-5.2147,43.4314,3600.0
138,-5.2117,43.4356,1200.0
139,-5.3128,43.3342,1600.0
140,-5.4683,43.3433,3700.0
141,-5.5061,43.4861,2200.0
142,-5.4819,43.4856,2900.0
143,-5.4911,43.4272,3000.0
144,-5.535,43.4631,2400.0
145,-6.1028,43.5144,6500.0
146,-6.2792,43.417,7500.0
147,-6.2869,43.3675,2800.0
148,-6.2875,43.4433,2100.0
149,-6.3458,43.4458,3100.0
150,-6.398,43.4447,4000.0
151,-7.0744,43.5192,3200.0
152,-7.1403,43.46,2100.0
153,-7.564,43.4731,5100.0
154,-7.5662,43.6281,4500.0
155,-7.6636,43.7008,4300.0
156,-7.4244,43.1342,2000.0
157,-7.8958,43.1197,2000.0
158,-7.9032,43.1349,2100.0
159,-8.0139,43.1403,3900.0
160,-7.995,43.2258,4200.0
161,-8.068,43.2053,5100.0
162,-8.0783,43.2045,11700.0
163,-8.1086,43.1797,8500.0
164,-8.08,43.2281,6800.0
165,-8.1575,43.4689,2600.0
166,-7.9478,43.63,5600.0
167,-8.1842,43.5681,3600.0
168,-8.3983,43.227,3700.0
169,-8.9372,43.155,3600.0
170,-8.9478,43.162,3600.0
171,-9.0894,42.875,2600.0
172,-9.0686,42.8439,4100.0
173,-8.4556,42.7609,5300.0
174,-8.7061,42.8245,6400.0
175,-8.7047,42.8131,9600.0
176,-8.7389,42.7175,5200.0
177,-8.8878,42.7017,4800.0
178,-8.7294,42.6156,5300.0
179,-8.7575,42.5656,1900.0
180,-8.6203,42.5759,3700.0
181,-8.7041,42.4842,8300.0
182,-8.3491,42.5536,5000.0
183,-8.5842,42.212,3500.0
184,-8.58,42.2086,7400.0
185,-8.573,42.2522,3500.0
186,-7.9611,42.0425,4400.0
187,-8.0005,42.2945,3400.0
188,-7.3394,41.957,1200.0
189,-7.1347,42.1175,3700.0
190,-3.2225,43.3058,3400.0
191,-3.3589,43.3125,2100.0
192,-3.4475,43.1522,4200.0
193,-3.4497,43.1483,5600.0
194,-3.5839,43.1578,3000.0
195,-3.5925,43.1608,1700.0
196,-3.6053,43.2031,2400.0
197,-3.63,43.2045,19800.0
198,-3.6756,43.2239,2200.0
199,-3.6906,43.2286,1900.0
200,-3.6683,43.2467,2000.0
201,-3.6478,43.2981,3500.0
202,-3.7706,43.2669,2700.0
203,-3.7433,43.2147,3100.0
204,-3.7517,43.1178,2500.0
205,-3.7528,43.1142,3300.0
206,-3.8167,43.1731,6600.0
207,-3.8175,43.0803,5500.0
208,-3.8544,43.0464,5000.0
209,-3.8597,43.042,2900.0
210,-3.8894,43.0492,3700.0
211,-3.9114,43.035,2900.0
212,-3.9786,43.0361,3500.0
213,-3.9572,43.0753,2300.0
214,-3.9619,43.0895,7700.0
215,-3.9731,43.2042,2200.0
216,-4.1406,43.2014,4200.0
217,-4.1242,43.1197,11760.0
218,-4.0458,43.0961,5300.0
219,-4.0447,43.0925,9900.0
220,-4.0842,43.0767,3700.0
221,-4.0617,43.0731,3200.0
222,-4.0369,43.045,2200.0
223,-4.0661,43.0345,3200.0
224,-4.1042,43.0225,8200.0
225,-3.8489,42.9236,1400.0
226,-3.8867,42.9189,2500.0
227,-3.9511,42.8936,2100.0
228,-3.9011,42.8045,900.0
229,-3.913,42.7978,400.0
230,-3.9592,42.8114,2500.0
231,-3.9961,42.8492,2100.0
232,-4.0542,42.8114,500.0
233,-4.0464,42.8792,3500.0
234,-4.0372,42.9195,1900.0
235,-4.0592,42.9514,700.0
236,-4.1014,42.9347,2200.0
237,-4.1255,42.967,2100.0
238,-4.1436,42.9489,1000.0
239,-4.2136,42.9681,1600.0
240,-4.2472,42.9675,8000.0
241,-4.2444,42.9728,2600.0
242,-4.2292,43.0681,3900.0
243,-4.275,43.1047,1400.0
244,-4.3719,43.0433,1900.0
245,-4.3897,43.07,3300.0
246,-4.3286,43.2303,3200.0
247,-4.3369,43.1867,2500.0
248,-4.4678,43.2422,2400.0
249,-4.4658,43.1236,2600.0
250,-4.4953,43.1033,2900.0
251,-4.5164,43.1336,1000.0
252,-4.5422,43.1856,2800.0
253,-4.6633,43.0561,2900.0
254,-4.7561,43.0828,3300.0
255,-4.7533,43.085,4700.0
256,-4.7539,43.1022,4300.0
257,-4.7864,43.167,4100.0
258,-4.7594,43.182,6500.0
259,-4.715,43.1508,2500.0
260,-4.6589,43.2369,5300.0
261,-4.6842,43.2258,7300.0
262,-4.678,43.3536,16800.0
263,-4.6889,43.3486,5000.0
264,-4.7217,43.2961,4600.0
265,-4.7258,43.2583,7300.0
266,-4.755,43.2367,4500.0
267,-4.7594,43.1947,6100.0
268,-4.9975,43.4031,6300.0
269,-4.9994,43.2889,2900.0
270,-4.9872,43.2792,3200.0
271,-4.993,43.2608,13600.0
272,-4.9986,43.262,5600.0
273,-5.013,43.2606,4300.0
274,-5.0205,43.2642,800.0
275,-5.0172,43.2861,3500.0
276,-5.195,43.4369,6700.0
277,-5.2253,43.277,1900.0
278,-5.2114,43.2025,3200.0
279,-5.1564,43.1942,5700.0
280,-5.1283,43.1458,1600.0
281,-5.2164,43.1033,1900.0
282,-5.2217,43.1106,4200.0
283,-5.2914,43.1445,1400.0
284,-5.3061,43.1008,2800.0
285,-5.3217,43.1111,2800.0
286,-5.3861,43.2756,2100.0
287,-5.3967,43.2725,1200.0
288,-5.368,43.2333,7600.0
289,-5.4778,43.2156,1900.0
290,-5.4517,43.1889,900.0
291,-5.4372,43.192,1500.0
292,-5.4255,43.1967,5900.0
293,-5.4781,43.1533,5900.0
294,-5.4025,43.0597,5500.0
295,-5.4606,43.0736,2500.0
296,-5.5189,43.1028,2900.0
297,-5.5889,43.0681,5600.0
298,-5.525,43.2917,6000.0
299,-5.6586,43.2222,3500.0
300,-5.643,43.2228,2900.0
301,-5.6244,43.1961,3900.0
302,-5.6694,43.1325,2900.0
303,-5.6903,43.1247,4100.0
304,-5.675,43.1272,5200.0
305,-5.6883,43.1147,8700.0
306,-5.7611,43.01,2200.0
307,-5.7658,43.0008,4600.0
308,-5.7928,42.9864,5800.0
309,-5.8011,42.9861,7100.0
310,-5.7783,43.1836,4300.0
311,-5.8336,43.2256,1800.0
312,-5.9264,43.2392,4100.0
313,-5.925,43.185,4900.0
314,-5.9053,43.1442,2900.0
315,-5.8961,43.1397,7000.0
316,-5.9086,43.0611,3800.0
317,-5.8925,42.9925,2900.0
318,-6.0086,43.0625,4200.0
319,-5.9856,43.0911,4200.0
320,-5.9772,43.185,2200.0
321,-6.0033,43.1639,4100.0
322,-6.0728,43.137,2200.0
323,-6.0472,43.0967,4900.0
324,-6.0408,43.085,3000.0
325,-6.1325,43.2378,3200.0
326,-6.1078,43.1975,4300.0
327,-6.1605,43.1633,3000.0
328,-6.0942,43.0589,3400.0
329,-6.1169,43.0536,5500.0
330,-6.1455,43.0508,2800.0
331,-6.2394,43.057,4400.0
332,-6.2383,43.0336,3700.0
333,-6.3233,43.0617,2300.0
334,-6.32,43.0917,2300.0
335,-6.3364,43.1431,4200.0
336,-6.2911,43.2233,3600.0
337,-6.253,43.2278,3000.0
338,-6.2678,43.28,5700.0
339,-6.2825,43.4531,4000.0
340,-6.3544,43.3781,6100.0
341,-6.3992,43.3717,2100.0
342,-6.3742,43.3442,2500.0
343,-6.47,43.3303,6000.0
344,-6.3722,43.3097,2300.0
345,-6.4286,43.2261,3700.0
346,-6.4458,43.1781,4600.0
347,-6.4658,43.0995,5600.0
348,-6.4647,43.0711,3100.0
349,-6.4697,43.05,4900.0
350,-6.4283,43.07,2600.0
351,-6.3772,43.06,4800.0
352,-6.4275,42.9939,2800.0
353,-6.4864,42.9739,5600.0
354,-6.448,42.9461,3300.0
355,-6.5264,42.9392,3400.0
356,-6.5747,42.982,3400.0
357,-6.6189,42.9542,2400.0
358,-6.7872,42.9172,3400.0
359,-6.743,42.9453,4600.0
360,-6.7025,42.9425,3400.0
361,-6.7472,43.0222,2800.0
362,-6.7225,43.0428,3600.0
363,-6.6789,43.0325,3400.0
364,-6.6978,43.0125,3900.0
365,-6.8869,42.9945,6600.0
366,-6.8769,42.9992,3700.0
367,-6.8247,43.065,5700.0
368,-6.7958,43.1008,6400.0
369,-6.6825,43.1614,7000.0
370,-6.6742,43.1528,3400.0
371,-6.5728,43.1842,4500.0
372,-6.5553,43.2142,3600.0
373,-6.5844,43.232,4300.0
374,-6.6661,43.2631,10800.0
375,-6.6758,43.2689,9100.0
376,-6.79,43.2017,4600.0
377,-6.7694,43.2292,6100.0
378,-6.7319,43.2597,4200.0
379,-6.6705,43.3086,10900.0
380,-6.6458,43.4691,4600.0
381,-6.7269,43.332,8100.0
382,-6.7569,43.3706,2100.0
383,-6.8219,43.4406,6400.0
384,-6.8358,43.4364,4200.0
385,-6.9519,43.3703,6300.0
386,-7.0125,43.347,4200.0
387,-7.0267,43.3208,3600.0
388,-6.9691,43.275,2400.0
389,-6.86,43.2436,4300.0
390,-6.9453,43.1347,4600.0
391,-6.9547,43.1689,2900.0
392,-7.0322,43.2736,5000.0
393,-7.6697,43.5136,1820.0
394,-7.5197,43.5813,4620.0
395,-7.6461,43.5361,3360.0
396,-7.4186,43.5947,3920.0
397,-7.4953,43.5836,7420.0
398,-7.4586,43.593,8680.0
399,-7.4342,43.5872,2800.0
400,-7.46,43.4466,4500.0
401,-7.4053,43.4541,7000.0
402,-7.6181,43.4208,2380.0
403,-7.6308,43.448,1700.0
404,-7.5331,43.5925,2660.0
405,-7.5628,43.548,5700.0
406,-7.4897,43.4466,4900.0
407,-7.5091,43.5183,1700.0
408,-7.6908,43.3086,5880.0
409,-7.6686,43.4947,4480.0
410,-7.5828,43.5538,2200.0
411,-7.5836,43.5141,1800.0
412,-7.4253,43.4758,4480.0
413,-7.635,43.4863,3900.0
414,-7.5303,43.4647,5350.0
415,-7.5464,43.4338,4850.0
416,-7.5386,43.4902,4200.0
417,-7.5881,43.4705,3980.0
418,-7.5942,43.4619,5000.0
419,-7.5539,43.4638,3080.0
420,-7.5336,43.5508,2520.0
421,-7.4164,43.5911,1120.0
422,-7.5389,43.5563,6160.0
423,-7.5114,43.5413,17290.0
424,-7.4497,43.4627,5000.0
425,-7.4461,43.4214,4620.0
426,-7.8403,43.4481,3337.0
427,-8.9698,43.0341,3260.0
428,-2.2333,43.1008,2400.0
429,-2.3286,42.937,7458.0
430,-7.695,43.5247,6006.0
431,-7.3252,42.4507,1300.0
432,-7.5503,43.2508,2800.0
433,-7.2503,42.9758,5460.0
434,-6.9002,42.8008,5200.0
435,-0.7499,42.4563,2200.0
436,-0.7415,42.4535,1500.0
437,0.0085,42.573,2100.0
438,0.1585,42.5702,2200.0
439,0.1891,42.5591,2200.0
440,0.1919,42.4369,1100.0
441,0.9836,42.323,4900.0
442,1.3419,42.3035,2200.0
443,1.7503,42.0369,1300.0
444,1.2641,41.9868,1500.0
445,1.4641,42.023,1800.0
446,1.403,42.0535,1500.0
447,1.4808,42.0896,2100.0
448,1.4975,42.0424,1400.0
449,1.3891,42.0063,1500.0
450,1.3419,41.9521,1300.0
451,1.6753,41.973,1400.0
452,1.6503,41.8702,1300.0
453,1.6919,41.8591,3900.0
454,1.8892,42.0035,1700.0
455,1.7058,42.0063,1300.0
456,1.581,41.9652,400.0
457,1.6753,41.9535,2100.0
458,1.9808,42.0063,2100.0
459,1.9753,42.0563,600.0
460,2.1336,41.8896,2000.0
461,2.067,41.8063,1500.0
462,0.9641,41.3702,1300.0
463,0.903,41.3229,2600.0
464,0.3002,40.8368,6200.0
465,0.3335,40.7735,6000.0
466,0.3252,40.6824,3200.0
467,0.2224,40.7896,4600.0
468,-0.6276,40.6396,3500.0
469,-0.6499,40.6229,2000.0
470,-0.5249,40.2757,3900.0
471,-0.6749,40.3062,3400.0
472,-0.7026,40.3229,1700.0
473,-1.0193,40.4063,5200.0
474,-1.3527,40.3396,5600.0
475,-1.3582,40.3201,3200.0
476,-0.8943,40.0229,700.0
477,-1.0138,40.0368,2200.0
478,-0.986,40.0396,2700.0
479,-1.1832,40.1285,3400.0
480,-1.2027,40.1785,2800.0
481,-1.386,40.2618,2100.0
482,-1.3444,40.1896,2200.0
483,-1.5039,43.2488,3500.0
484,-1.5394,43.156,2800.0
485,-1.6667,43.1463,2000.0
486,-1.6695,43.1745,2500.0
487,-1.6689,43.1806,3300.0
488,-1.7787,43.0082,2200.0
489,-2.004,43.0623,4100.0
490,-1.902,43.2031,2300.0
491,-1.902,43.2053,3500.0
492,-1.8578,43.167,2700.0
493,-1.682,43.2442,6100.0
494,-1.7208,43.262,6300.0
495,-1.6833,43.2531,1500.0
496,-1.6608,43.2933,2900.0
497,-1.6522,43.2597,4200.0
498,2.9337,41.9507,1218.0
499,0.353,42.6674,3310.0
500,-0.5332,42.4508,2800.0
501,0.0335,42.6008,890.0
502,-0.5832,42.6841,1830.0
503,-0.2998,42.2341,4200.0
504,-1.4249,40.0229,400.0
505,-1.511,39.9729,800.0
506,-1.6027,40.0896,3200.0
507,-1.6305,40.0285,4200.0
508,-1.8083,39.7896,1600.0
509,-1.8333,39.7868,2400.0
510,-1.9249,39.8757,6600.0
511,-2.1,39.8562,1800.0
512,-2.2472,39.9731,1100.0
513,-2.0416,40.0229,2700.0
514,-2.0416,40.0285,2200.0
515,-2.3944,40.0729,3200.0
516,-2.0444,40.1229,1500.0
517,-2.0456,40.0495,3400.0
518,-2.1861,40.1868,2100.0
519,-1.9249,40.2257,4900.0
520,-2.0138,40.259,3100.0
521,-1.8333,40.3701,1300.0
522,-1.8833,40.3896,2100.0
523,-2.1583,40.3868,2100.0
524,-2.2611,40.4451,500.0
525,-2.1583,40.459,1400.0
526,-2.0916,40.4951,1100.0
527,-2.0111,40.5896,3100.0
528,-2.1027,40.5896,2700.0
529,-2.0805,40.5868,4800.0
530,-2.2777,40.5729,2400.0
531,-2.1861,40.609,2800.0
532,-2.25,40.7257,1400.0
533,-2.3639,40.6424,2200.0
534,-2.2138,40.6924,4200.0
535,-2.1861,40.7229,1100.0
536,-2.1527,40.7979,3500.0
537,-2.1277,40.659,1400.0
538,-2.1166,40.6563,3200.0
539,-3.325,41.6452,3800.0
540,-3.3139,41.6396,3800.0
541,-4.8695,40.4563,1400.0
542,-2.3639,38.6562,2200.0
543,-2.35,38.6423,2500.0
544,-2.3666,38.6118,3400.0
545,-2.38,38.5562,5000.0
546,-2.4027,38.5395,5300.0
547,-2.2889,38.4729,2400.0
548,-2.6805,38.4201,1400.0
549,-2.2666,38.134,2100.0
550,-2.3,38.0951,4700.0
551,-4.5668,40.3507,1720.0
552,-5.0362,40.234,6000.0
553,-5.2668,40.684,1200.0
554,-4.9862,40.3174,1410.0
555,-4.6195,40.2049,800.0
556,-4.5001,40.384,2200.0
557,-4.5001,40.334,970.0
558,-3.9028,41.6507,1400.0
559,-3.3334,42.3674,10090.0
560,-3.5417,42.0674,880.0
561,-3.3167,42.0174,1900.0
562,-3.125,41.9341,5700.0
563,-3.1333,42.3091,2990.0
564,-3.4393,42.0626,1400.0
565,-3.3806,41.8923,430.0
566,-2.9667,41.9674,560.0
567,-3.1861,42.3341,4360.0
568,-4.7445,40.4618,6860.0
569,-4.0042,40.7877,2700.0
570,-4.0112,40.7707,3400.0
571,-4.049,40.7596,2300.0
572,-4.0684,40.7735,3900.0
573,-4.1421,40.6231,3500.0
574,-4.1672,40.6008,2400.0
575,-4.1357,40.63,4200.0
576,-4.1538,40.65,700.0
577,-4.0276,40.7338,2300.0
578,-4.0812,40.7315,2700.0
579,-4.156,40.6045,1400.0
580,-4.199,40.5663,500.0
581,-4.1775,40.5818,1300.0
582,-4.1768,40.5773,2700.0
583,-4.1378,40.7088,3100.0
584,-4.002,40.689,100.0
585,-4.0042,40.6901,100.0
586,-4.0565,40.7732,2800.0
587,-4.1349,40.6156,1100.0
588,-4.114,40.641,1500.0
589,-4.0322,40.7328,2600.0
590,-4.0801,40.7438,3500.0
591,-4.1689,40.5976,1400.0
592,-4.0392,40.6926,1100.0
593,-4.0161,40.5779,1200.0
594,-4.0051,40.6751,400.0
595,-3.9688,40.577,500.0
596,-4.1118,40.614,1100.0
597,-4.0389,40.6899,900.0
598,-4.0825,40.589,800.0
599,-4.0101,40.6774,1000.0
600,-3.9609,40.6036,700.0
601,-3.9603,40.5581,1000.0
602,-4.0239,40.5094,800.0
603,-4.0341,40.517,300.0
604,-3.9767,40.5517,800.0
605,-3.9217,40.9318,1000.0
606,-3.8385,40.8323,4600.0
607,-3.8041,40.83,2700.0
608,-3.7688,40.8537,800.0
609,-3.7762,40.8771,4300.0
610,-3.7864,40.9401,2200.0
611,-3.6427,40.9436,600.0
612,-3.7987,40.9742,4000.0
613,-3.7475,41.0126,4400.0
614,-3.8739,40.909,2600.0
615,-3.9601,40.816,5800.0
616,-3.9139,40.8329,3200.0
617,-3.6753,41.0556,2800.0
618,-3.8534,40.7867,600.0
619,-3.9992,40.8549,5200.0
620,-4.0167,40.8674,1400.0
621,-4.0462,40.8451,2200.0
622,-3.9072,41.018,1000.0
623,-4.1794,40.7079,600.0
624,-3.8443,41.0047,3800.0
625,-3.807,41.0237,1500.0
626,-3.8394,41.0622,1500.0
627,-4.1256,40.7401,4000.0
628,-4.1278,40.7732,2800.0
629,-4.1759,40.7066,1900.0
630,-4.0964,40.7785,2400.0
631,-4.0937,40.7976,2800.0
632,-4.187,40.7082,1900.0
633,-3.8394,41.0145,5000.0
634,-3.7992,40.9978,1400.0
635,-3.8114,41.0126,3300.0
636,-3.6125,41.1507,3000.0
637,-3.5939,41.1638,2200.0
638,-3.6935,41.0861,3600.0
639,-3.7124,41.0887,2700.0
640,-3.6565,41.1548,1400.0
641,-3.6789,41.1083,4300.0
642,-3.6843,41.1114,2000.0
643,-3.6654,41.1318,5000.0
644,-3.8608,41.0598,800.0
645,-3.8557,41.063,800.0
646,-4.0037,40.8821,1500.0
647,-4.0439,40.88,1100.0
648,-3.4861,38.4315,710.0
649,-4.4167,39.0007,4000.0
650,-3.7,39.234,1030.0
651,-4.5334,39.134,1680.0
652,-4.4195,39.4007,1250.0
653,-1.8666,40.2174,1210.0
654,-2.3666,40.084,3910.0
655,-2.8591,40.1553,3900.0
656,-1.9505,40.4479,1722.0
657,-1.6556,40.0037,1022.0
658,-1.9244,40.3305,21000.0
659,-2.161,39.6297,1500.0
660,-2.15,40.2507,1530.0
661,-2.3666,40.384,1020.0
662,-2.3,40.7507,2800.0
663,-2.3666,41.0174,1900.0
664,-2.9808,40.3174,2140.0
665,-1.9999,40.6674,4110.0
666,-1.7092,40.5884,9280.0
667,-3.1528,40.8648,6000.0
668,-3.4,41.0674,800.0
669,-2.1689,40.9001,5900.0
670,-3.4,40.8507,790.0
671,-3.1,41.1924,3480.0
672,-2.95,40.9757,1582.0
673,-3.1654,40.5516,2590.0
674,-3.1182,40.5967,5800.0
675,-3.0472,40.4527,870.0
676,-2.9051,40.849,1790.0
677,-3.35,41.0341,3500.0
678,-2.9644,40.8492,2230.0
679,-1.9361,40.6174,1020.0
680,-2.975,42.0007,4098.0
681,-5.0668,40.3007,3000.0
682,-4.5834,40.2174,10860.0
683,-5.1207,40.1426,784.0
684,-2.4688,40.5145,1650.0
685,-2.0299,40.6648,4340.0
686,-1.9113,40.6818,4420.0
687,-2.0986,40.8365,2180.0
688,-1.9861,40.7731,4700.0
689,-3.2167,41.2674,8150.0
690,-3.3361,40.834,2700.0
691,-2.1166,40.734,2260.0
692,-6.2335,42.2674,3610.0
693,-6.2335,42.5577,2170.0
694,-6.2835,42.9174,3090.0
695,-5.5335,42.9508,2790.0
696,-5.7863,42.8008,3890.0
697,-6.8336,42.7174,6040.0
698,-3.9862,40.7174,400.0
699,-3.6195,41.0924,3610.0
700,-3.5789,40.8814,2310.0
701,-3.9334,40.634,3500.0
702,-4.2001,40.484,1080.0
703,-3.8334,40.6174,3418.0
704,-3.6,40.8674,3000.0
705,-3.55,41.0674,9100.0
706,-3.9334,40.5507,742.0
707,-4.1028,40.734,5630.0
708,-3.5667,41.034,3330.0
709,-3.45,41.084,3200.0
710,-4.0334,40.7257,6440.0
711,-4.3751,40.3674,4000.0
712,-3.5292,41.0146,2900.0
713,-3.575,41.1243,4175.0
714,-4.2334,40.491,6350.0
715,-3.9834,40.3674,2770.0
716,-0.1415,40.6896,2400.0
717,-0.2193,40.5535,10900.0
718,-0.2415,40.5701,2000.0
719,-0.2276,40.5396,2700.0
720,-0.3443,40.3229,2400.0
721,-0.3582,40.259,2000.0
722,-2.5166,38.3423,1300.0
723,-2.5833,38.3784,1500.0
724,-2.5166,38.309,2000.0
725,-2.5305,38.2729,3500.0
726,-2.6139,38.2562,5300.0
727,-2.5861,38.2534,2900.0
728,-2.5972,38.2423,3500.0
729,-2.6,38.2284,1500.0
730,-2.6305,38.2284,3600.0
731,-2.7528,38.0895,2500.0
732,-2.9528,37.9701,2000.0
733,-2.9167,37.9395,800.0
734,-2.8028,37.9201,1800.0
735,-2.8361,37.8228,1400.0
736,-2.975,37.8562,1500.0
737,-2.9778,37.8395,1800.0
738,-3.0056,37.7562,4600.0
739,-2.9861,37.7117,3200.0
740,-2.55,37.9228,4300.0
741,-2.4944,37.9756,1800.0
742,-2.4389,38.0562,1500.0
743,-5.9002,38.734,2980.0
744,-4.8334,39.2173,1640.0
745,-5.9502,38.7507,580.0
746,-5.9418,38.7423,4300.0
747,-4.8584,39.234,5360.0
748,-6.8835,38.4506,800.0
749,-2.9756,36.8034,100.0
750,-2.5806,37.2759,300.0
751,-2.5814,37.2726,800.0
752,-2.5797,37.2657,1100.0
753,-2.5811,37.2521,700.0
754,-2.5811,37.2634,800.0
755,-2.5825,37.2543,800.0
756,-2.5819,37.2682,1000.0
757,-2.5819,37.2701,800.0
758,-2.5678,37.2496,600.0
759,-2.575,37.2548,1100.0
760,-2.57,37.2526,400.0
761,-2.58,37.2801,500.0
762,-2.63,37.2843,600.0
763,-2.6356,37.2848,300.0
764,-2.7877,37.3644,640.0
765,-2.7775,37.3585,320.0
766,-2.7643,37.3705,160.0
767,-5.6113,40.084,6560.0
768,-5.9029,40.0901,2676.0
769,-5.7585,40.084,1900.0
770,-5.8021,40.334,4470.0
771,-5.7196,39.7007,1700.0
772,-6.7085,40.209,1770.0
773,-5.6696,36.6173,8610.0
774,0.0502,40.584,2200.0
775,0.1127,40.1135,2620.0
776,0.0502,40.6507,7200.0
777,-4.9334,38.1173,700.0
778,-4.2167,38.2423,380.0
779,-6.3526,40.193,500.0
780,-7.2986,39.3637,1302.0
781,-7.2699,39.3433,1330.0
782,-7.2459,39.3262,1169.0
783,-5.3603,39.4826,3700.0
784,-5.3445,39.4051,962.0
785,-5.4103,39.5904,2000.0
786,-5.4536,39.5129,1100.0
787,-5.585,39.3876,2800.0
788,-5.3444,39.4717,900.0
789,-5.3523,39.4523,4600.0
790,-5.3374,39.4138,1860.0
791,-6.7818,40.2219,1400.0
792,-6.7876,40.1947,600.0
793,-6.2985,40.2963,1700.0
794,-5.8679,40.2676,3420.0
795,-5.8767,40.2586,342.0
796,-5.7869,40.0565,700.0
797,-6.3382,40.3398,3000.0
798,-6.7846,40.2259,4650.0
799,-6.2772,40.2967,2400.0
800,-5.8621,40.3267,1285.0
801,-5.8295,40.3221,1190.0
802,-5.3355,39.4713,3900.0
803,-6.2772,40.4092,2900.0
804,-6.3869,40.3813,2900.0
805,-6.2635,40.3586,3000.0
806,-6.7783,40.2392,1500.0
807,-5.67,40.2689,1339.0
808,-5.7373,40.2164,2340.0
809,-3.4334,36.9673,2860.0
810,-3.4,36.9506,1000.0
811,-2.8694,37.3839,2100.0
812,-6.4155,39.007,4127.0
813,-5.9002,40.2174,2890.0
814,-6.4481,37.5801,3050.0
815,-6.7502,37.1173,310.0
816,-3.0167,37.884,4600.0
817,-2.7833,38.1173,3390.0
818,-3.8,40.4007,3200.0
819,-3.5695,40.2757,1470.0
820,-3.225,40.5138,2230.0
821,-4.3504,40.2904,690.0
822,-3.8056,40.7496,1000.0
823,-5.0168,36.6989,8970.0
824,-4.9692,36.752,1231.0
825,-0.8416,37.6012,1030.0
826,-4.7168,42.9174,1900.0
827,-8.7448,42.0257,4570.0
828,-2.5833,42.0774,5200.0
829,-2.8333,42.3027,5188.0
830,-6.0699,40.434,2800.0
831,-6.1946,40.5493,3095.0
832,-6.0593,40.479,1000.0
833,-3.9195,43.3966,504.0
834,-4.0251,43.2508,3740.0
835,-4.4029,41.0257,406.0
836,-4.2834,41.0549,380.0
837,-3.8653,41.1924,750.0
838,-4.2834,41.3674,3500.0
839,-4.3917,41.3216,2469.0
840,-4.1723,41.3313,1000.0
841,-4.2626,41.3216,1731.0
842,-4.507,40.8721,620.0
843,-3.6,41.5507,3200.0
844,-4.1445,40.8007,2800.0
845,-3.9667,40.9174,4040.0
846,-3.8081,41.1368,1372.0
847,-3.9417,41.1757,1580.0
848,-3.5417,41.3257,3234.0
849,-3.4095,41.2174,3346.0
850,-4.0112,40.7896,2800.0
851,-3.5584,41.1715,620.0
852,-4.3956,41.4118,406.0
853,-4.5284,41.159,100.0
854,-3.9962,40.9507,3340.0
855,-3.9689,41.2818,4130.0
856,-1.6194,40.5174,3320.0
857,-1.3582,40.384,8000.0
858,-0.6983,40.4009,2110.0
859,-2.4833,42.0096,3895.0
860,-2.4029,42.0841,1708.0
861,-2.8611,41.9499,1400.0
862,-2.7311,42.1119,1160.0
863,-3.0179,41.8507,1900.0
864,-2.5528,42.0035,1010.0
865,-2.7,41.9619,2366.0
866,-2.6694,41.9424,540.0
867,-2.8055,41.9102,2500.0
868,-3.0445,41.3424,2210.0
869,-1.8222,41.8035,4100.0
870,-2.6436,41.4202,4046.0
871,-2.3263,42.1205,800.0
872,-4.3694,40.2759,360.0
873,-4.0126,39.8215,1070.0
874,-4.7876,39.6215,1970.0
875,-4.5195,39.9173,1000.0
876,-4.4579,39.5987,620.0
877,-4.6456,39.6007,2420.0
878,-3.9917,39.8423,784.0
879,-4.0084,39.4651,1930.0
880,-4.0917,39.4007,3460.0
881,-6.4196,42.1799,5928.0
882,-2.7333,42.6841,1130.0
883,-1.6333,39.8007,1000.0
884,-4.4167,40.8507,1000.0
885,-4.4667,40.734,1090.0
886,-3.2334,41.0174,2976.0
887,-4.2501,40.784,210.0
888,-4.5334,39.7173,1000.0
889,-2.6,40.7675,690.0
890,-3.5978,39.3426,760.0
891,-4.1994,40.6714,1850.0
892,-5.3835,39.634,1520.0
893,-3.9834,40.9674,3700.0
894,-2.8666,41.0913,710.0
895,-3.3334,41.9174,1010.0
896,-4.7334,39.4173,557.0
897,-1.2999,42.0674,3120.0
898,-3.6167,42.8841,1700.0
899,-5.1405,36.6011,1600.0
900,-5.1304,36.6506,1000.0
901,-4.9488,36.6637,700.0
902,-4.9475,36.7264,500.0
903,-3.3997,37.1384,1700.0
904,-3.1656,37.1764,3200.0
905,-3.4742,36.9344,2800.0
906,-3.2786,36.9637,2500.0
907,-3.0089,42.4065,3600.0
908,-2.9361,42.3852,2100.0
909,-3.0446,42.3401,5800.0
910,-2.9818,42.3127,2100.0
911,-2.6874,42.3101,2500.0
912,-2.672,42.3087,2900.0
913,-2.8447,42.2998,3900.0
914,-2.8945,42.2614,6200.0
915,-2.7812,42.2824,4700.0
916,-2.734,42.25,2600.0
917,-2.578,42.2541,3100.0
918,-2.2339,42.2698,2900.0
919,-3.0875,42.2081,4800.0
920,-3.0694,42.1686,6800.0
921,-2.9,42.2208,4100.0
922,-2.845,42.2306,6000.0
923,-2.5743,42.2294,2800.0
924,-2.7185,42.1737,3200.0
925,-2.6033,42.168,3500.0
926,-2.5182,42.1292,4900.0
927,-2.4651,42.1431,2700.0
928,-1.8048,41.7949,3300.0
929,-0.8361,42.8303,2900.0
930,-0.982,42.4218,2600.0
931,-0.1637,42.4836,2200.0
932,-3.7233,38.5773,1950.0
933,-2.6019,40.5718,2224.0
934,-4.8644,40.5681,900.0
935,-4.9668,40.4007,2580.0
936,-4.5063,40.8852,1100.0
937,-3.9334,41.3507,400.0
938,-2.6025,41.0682,300.0
939,-3.1781,40.5814,1600.0
940,-2.016,39.8629,1530.0
941,-5.8075,39.9601,3270.0
942,-3.9277,41.0166,2500.0
943,-4.5261,40.4038,2935.0
944,-1.509,41.0895,1844.0
945,-2.808,41.1912,2000.0
946,-5.7485,40.2182,3880.0
947,-4.7769,41.5239,501.0
948,-3.2087,41.1993,3500.0
949,-4.3953,40.3412,400.0
950,-1.5697,40.4836,2248.0
951,-4.5616,40.9765,500.0
952,-3.1333,41.2007,3340.0
953,-2.598,40.6398,1428.0
954,-5.1547,41.6963,1800.0
955,-2.4788,40.0641,3318.0
956,-3.679,40.5363,1230.0
957,-3.9285,40.7598,3200.0
958,-2.6734,41.8728,1100.0
959,-4.4673,39.3351,2579.0
960,-4.6635,41.3343,910.0
961,-4.6031,41.4054,3900.0
962,-3.2017,40.1012,1242.0
963,-5.1672,41.4412,1710.0
964,-4.9745,40.4089,2400.0
965,-6.5027,42.1,3080.0
966,-1.8571,40.1839,8700.0
967,-3.5506,40.3263,1213.0
968,-1.7117,40.541,3267.0
969,-3.8891,40.8898,2234.0
970,-4.3834,39.5173,1040.0
971,-3.6,38.534,550.0
972,-4.4501,40.7507,1460.0
973,-3.4826,41.148,3500.0
974,-5.3668,39.584,4610.0
975,-1.0999,42.7841,1917.0
976,-4.1501,40.734,1070.0
977,-1.7666,41.3507,1150.0
978,-4.1501,40.8007,1640.0
979,-1.9659,40.0961,1720.0
980,-5.2001,40.634,1000.0
981,-4.5001,41.1174,100.0
982,-2.4838,40.1001,3090.0
983,-4.4834,40.3507,1910.0
984,-5.0668,40.2174,1000.0
985,-3.0333,40.5674,1260.0
986,-5.7668,40.034,300.0
987,-3.1833,41.0674,2880.0
988,-4.0667,40.9174,2200.0
989,-0.8207,38.4762,910.0
990,-6.8836,43.5008,3400.0
991,-0.7499,38.5173,405.0
992,-2.3138,40.6668,5700.0
993,-4.5667,41.5481,1130.0
994,-3.9334,41.2507,200.0
995,-5.0001,40.284,713.0
996,-2.7417,41.9174,1020.0
997,-0.6715,38.5193,1000.0
998,-3.9334,41.0007,3000.0
999,-5.5001,41.517,200.0
1000,-3.3634,41.1482,3720.0
1001,-1.9666,40.2007,3200.0
1002,-5.5014,41.5174,1300.0
1003,-0.5006,38.7518,2300.0
1004,-4.5668,40.3174,2200.0
1005,-4.5167,41.3314,100.0
1006,-2.8833,40.684,4300.0
1007,-4.5167,41.4148,1000.0
1008,-4.5334,40.0674,2300.0
1009,-6.9002,39.4507,500.0
1010,-0.8332,38.5506,300.0
1011,-3.7334,38.434,1000.0
1012,-4.95,41.4981,1000.0
1013,-4.3042,42.9975,1900.0
1014,-1.7166,40.8674,500.0
1015,-2.6,41.0674,1000.0
1016,-1.8907,43.1138,2596.0
1017,-1.8509,43.144,3464.0
1018,-1.7341,43.2285,604.0
1019,-1.717,42.985,1022.0
1020,-1.6724,43.0075,996.0
1021,-1.7218,43.0211,1048.0
1022,-1.7592,43.0238,1953.0
1023,-1.6054,43.0814,2213.0
1024,-1.2802,43.1135,1616.0
1025,-1.3117,43.073,1994.0
1026,-1.2411,43.0084,3573.0
1027,-1.2873,42.9337,1486.0
1028,-1.4343,43.1301,1120.0
1029,-1.4637,43.1824,807.0
1030,-1.6212,43.1825,3366.0
1031,-1.9198,42.9389,3370.0
1032,-2.1223,42.8844,708.0
1033,-1.7264,43.2382,1206.0
1034,-3.1981,41.7981,1300.0
1035,-0.0498,40.7007,1600.0
1036,-5.7516,39.5367,6040.0
1037,-5.0473,41.344,1950.0
1038,-3.9667,41.2841,210.0
1039,-1.934,39.9973,2500.0
1040,-2.7,42.2007,2940.0
1041,-2.0999,40.9174,580.0
1042,-2.9339,37.889,1240.0
1043,-3.0667,41.2031,1470.0
1044,-6.0204,39.8601,1420.0
1045,-4.3296,41.0256,540.0
1046,-4.6178,41.3648,430.0
1047,-4.0217,40.8607,3038.0
1048,-3.7953,41.2941,1560.0
1049,-5.4146,43.4705,6100.0
1050,-0.9149,41.5896,1120.0
1051,-3.4081,43.1188,6100.0
1052,-4.7351,40.1487,1700.0
1053,-2.4411,41.0188,870.0
1054,-4.3309,41.191,700.0
1055,-4.7119,41.4039,430.0
1056,-5.3243,40.2094,2080.0
1057,-5.2485,40.4768,580.0
1058,-4.6868,40.7179,280.0
1059,-2.9397,40.5896,1800.0
1060,0.0022,38.8616,2400.0
1061,-0.6832,42.5174,1600.0
1062,-8.5712,42.1902,5100.0
1063,-3.8597,38.3671,1014.0
1064,-1.6205,40.4976,3200.0
1065,-3.8698,38.3499,1216.0
1066,-4.2994,41.1669,900.0
1067,-1.7222,40.2279,2100.0
1068,-6.2335,42.2507,700.0
1069,-4.2347,38.4088,1100.0
1070,-5.9819,38.7603,1831.0
1071,-0.6238,42.7411,5500.0
1072,-4.3207,41.6342,1850.0
1073,-4.7491,39.6349,908.0
1074,-5.3278,43.1095,3500.0
1075,-5.0478,41.5846,1500.0
1076,-5.0474,41.5848,1500.0
1077,-1.8869,37.0329,1200.0
1078,-6.5669,40.434,3100.0
1079,-2.9481,41.9309,1100.0
1080,-6.2665,41.4507,2100.0
1081,-3.9237,40.9841,2300.0
1082,-4.7766,39.6147,2800.0
1083,-5.45,41.5167,700.0
1084,2.5359,41.9461,1940.0
1085,2.5703,41.9372,1440.0
1086,2.5706,41.9372,1290.0
1087,2.5338,41.902,860.0
1088,2.5031,41.8716,1000.0
1089,2.5187,41.8218,1840.0
1090,2.5195,41.8718,2280.0
1091,2.4569,41.871,1680.0
1092,2.4887,41.8117,1290.0
1093,2.541,41.9002,1140.0
1094,2.4779,42.1398,2200.0
1095,2.5251,42.1475,3300.0
1096,2.7436,42.4097,2700.0
1097,2.5896,41.6599,1600.0
1098,2.5618,41.6733,1500.0
1099,2.4386,41.8962,1300.0
1100,2.4469,41.9052,1900.0
1101,2.7168,41.9951,2100.0
1102,2.7145,42.0065,1300.0
1103,2.9215,41.9878,1700.0
1104,2.5976,41.9715,1500.0
1105,2.5884,41.9706,2200.0
1106,2.5564,42.0171,2600.0
1107,2.6002,41.8786,1000.0
1108,2.693,41.8012,1700.0
1109,2.625,41.786,1400.0
1110,2.6013,41.8213,1400.0
1111,2.5953,41.8328,1100.0
1112,0.7219,42.8466,5100.0
1113,0.8088,42.8133,5400.0
1114,0.814,42.7782,4700.0
1115,0.8404,42.776,4200.0
1116,0.7139,42.674,7400.0
1117,0.7701,42.6213,3500.0
1118,1.7645,42.28,4700.0
1119,1.8322,42.2915,1100.0
1120,1.9496,42.2341,3900.0
1121,1.756,42.0961,2500.0
1122,2.1003,42.2705,1700.0
1123,2.1822,42.2566,2300.0
1124,2.1917,42.2558,2500.0
1125,2.3509,42.1981,2400.0
1126,2.4106,42.2012,1800.0
1127,2.2959,42.108,2600.0
1128,2.3769,42.1051,1800.0
1129,2.3807,42.1077,2500.0
1130,2.4334,42.0757,2900.0
1131,2.4824,42.1395,1700.0
1132,2.5121,42.1512,5800.0
1133,2.9421,42.4689,4600.0
1134,2.4479,41.7935,1880.0
1135,2.4828,41.7982,1330.0
1136,-7.362,43.4262,3900.0
1137,-7.683,42.9848,2700.0
1138,-7.5327,42.9995,1900.0
1139,-6.9807,42.9688,1400.0
1140,-7.2153,42.8518,5300.0
1141,-6.9018,42.8397,3200.0
1142,-7.0949,42.8186,2600.0
1143,-7.0424,42.8145,4300.0
1144,-7.6085,42.7856,3200.0
1145,-7.2748,42.7413,2900.0
1146,-7.1977,42.5883,2100.0
1147,-7.2009,42.4244,2500.0
1148,-8.2177,42.8164,4900.0
1149,-8.1637,42.7788,3000.0
1150,-8.11,42.636,5300.0
1151,-7.79,42.7141,4300.0
1152,-7.7196,42.5633,700.0
1153,-7.4735,42.4112,900.0
1154,-7.0779,42.4574,2200.0
1155,-7.2789,42.3637,1500.0
1156,-7.1597,42.3055,1000.0
1157,-7.1052,42.1673,1600.0
1158,-1.54,42.6916,2800.0
1159,-1.1831,42.6541,4800.0
1160,-1.5756,43.0009,4200.0
1161,-1.5698,42.9873,2100.0
1162,-1.5795,42.9929,2300.0
1163,-1.6166,43.0311,4400.0
1164,-1.6431,43.0436,1900.0
1165,-0.8324,42.9247,3600.0
1166,-0.8335,42.9181,3200.0
1167,-0.903,42.9365,4000.0
1168,-0.8986,42.9214,3800.0
1169,-2.0177,42.9731,3700.0
1170,-2.0057,42.9604,2700.0
1171,-1.9798,42.9665,4900.0
1172,-1.9454,42.9698,2700.0
1173,-1.8906,42.9513,4800.0
1174,-1.8723,42.9421,2500.0
1175,-1.8878,43.0386,2700.0
1176,-1.8815,43.0457,2700.0
1177,-1.5075,43.0775,2600.0
1178,-1.5338,43.0553,7000.0
1179,-1.6382,43.0548,4400.0
1180,-1.5875,43.0723,1500.0
1181,-1.4158,43.2023,1000.0
1182,-1.4448,43.2243,1300.0
1183,-1.4581,43.2335,2900.0
1184,-1.4132,43.1618,4700.0
1185,-1.4806,43.0231,5700.0
1186,-1.5318,43.0373,8300.0
1187,-1.4305,43.0143,4400.0
1188,-1.1526,42.9931,2700.0
1189,-1.1837,42.9773,1100.0
1190,-1.2557,42.9028,2600.0
1191,-1.6612,43.0695,4400.0
1192,-1.6992,43.0753,6700.0
1193,-1.7271,43.1486,2600.0
1194,-1.7705,43.0716,6300.0
1195,-1.8053,43.1143,1600.0
1196,-1.8825,43.125,1100.0
1197,-1.0982,42.4456,3400.0
1198,-0.8393,42.866,3000.0
1199,-0.8374,42.8688,3100.0
1200,-2.1809,42.7826,6300.0
1201,-2.2148,42.8063,2200.0
1202,-2.238,42.8145,3500.0
1203,-1.2515,42.8767,1700.0
1204,-1.3111,42.9361,900.0
1205,-1.3454,43.0302,6700.0
1206,-1.4029,42.9914,2200.0
1207,-1.3793,43.0001,3300.0
1208,-2.0636,42.7988,5200.0
1209,-2.0511,42.7972,2500.0
1210,-1.4493,42.6544,3100.0
1211,-1.0755,42.9855,3100.0
1212,-1.0119,42.9638,3800.0
1213,-1.2038,42.9597,2400.0
1214,-1.2633,42.9804,4500.0
1215,-2.4623,42.6114,4400.0
1216,-2.14,42.7364,4000.0
1217,-2.2547,42.7462,1800.0
1218,-2.0354,42.7842,3000.0
1219,-2.0625,42.9339,3600.0
1220,-1.9383,42.9579,1900.0
1221,-1.9998,42.8676,4700.0
1222,-2.1039,42.864,3000.0
1223,-1.7565,43.0366,2300.0
1224,-1.7537,42.9913,2700.0
1225,-1.8519,43.0508,4100.0
1226,-1.8143,42.8388,3100.0
1227,-1.8039,42.9333,3200.0
1228,-2.0932,42.8417,3000.0
1229,-1.2919,43.0105,4500.0
1230,-2.0966,42.9432,2800.0
1231,-1.7037,42.9772,1500.0
1232,-2.5746,42.765,11000.0
1233,-2.5171,42.7854,1700.0
1234,-2.4079,42.6967,2400.0
1235,-2.3632,42.7694,5600.0
1236,-2.3105,42.7808,6900.0
1237,-2.2333,42.8459,2700.0
1238,-2.3273,42.9231,1200.0
1239,-2.9179,42.9602,2500.0
1240,-2.8713,42.9269,3500.0
1241,-2.8859,42.98,2700.0
1242,-2.8613,43.0295,1100.0
1243,-2.6303,43.0632,1400.0
1244,-2.6674,43.0237,4000.0
1245,-2.7361,43.0239,3500.0
1246,-2.6075,42.9866,2400.0
1247,-3.2302,42.8664,3400.0
1248,-3.2217,42.8889,7300.0
1249,-2.7463,42.6286,5000.0
1250,-2.6573,42.6238,2300.0
1251,-2.0452,43.0994,3700.0
1252,-2.3649,43.0773,2300.0
1253,-2.5537,42.9675,3100.0
1254,-1.894,43.2404,2600.0
1255,-1.8248,43.2523,2100.0
1256,-2.2794,42.9328,4800.0
1257,-2.2104,42.9584,5000.0
1258,-2.0728,42.979,4000.0
1259,-6.6861,37.8888,1900.0
1260,-6.6814,37.8932,2700.0
1261,-6.6791,37.8967,1300.0
1262,-6.6666,37.8956,1500.0
1263,-6.6049,37.9043,1200.0
1264,-6.5528,37.8969,1600.0
1265,-6.5686,37.9017,1200.0
1266,-6.5653,37.8981,900.0
1267,-5.728,37.9493,2500.0
1268,-5.4316,37.8972,2500.0
1269,-5.5722,37.9177,1900.0
1270,-5.2609,36.5785,2200.0
1271,-3.5869,43.1156,2600.0
1272,-3.4266,43.126,6700.0
1273,-3.2952,43.1769,3000.0
1274,-3.3427,43.0651,2100.0
1275,-3.191,43.0232,1700.0
1276,-2.9979,42.9449,4900.0
1277,-3.832,42.9415,1400.0
1278,-3.6978,42.9633,2500.0
1279,-4.1167,42.7147,2800.0
1280,-3.8529,42.6857,2500.0
1281,-3.3372,42.7094,3300.0
1282,-3.1895,42.7045,4900.0
1283,-3.1981,42.35,2600.0
1284,-3.1429,42.3387,3000.0
1285,-5.1983,36.5804,1800.0
1286,-0.9617,38.5381,2200.0
1287,-1.4722,43.0149,5750.0
1288,-6.0488,40.5023,5400.0
1289,-4.9744,40.3899,3166.0
1290,-2.7032,40.6316,2890.0
1291,-2.7255,40.6649,4965.0
1292,-4.5272,41.1258,1150.0
1293,-3.2449,40.9857,1300.0
1294,-4.9906,40.1859,1621.0
1295,-4.9403,40.2391,1920.0
1296,-2.1085,40.766,2900.0
1297,-4.141,39.4316,1720.0
1298,-3.2555,40.9524,3800.0
1299,-4.3328,40.3698,1400.0
1300,-4.1386,40.6116,9300.0
1301,-4.9956,40.3885,2800.0
1302,-2.2536,40.9709,700.0
1303,-1.8857,40.2599,1900.0
1304,-3.227,40.3658,3100.0
1305,-3.544,40.9973,9100.0
1306,-1.8702,41.0147,3017.0
1307,-4.1574,40.5181,1800.0
1308,-2.7403,40.5163,300.0
1309,-4.0001,40.9007,2000.0
1310,-3.2878,41.1351,610.0
1311,-4.967,40.3888,2600.0
1312,-3.2536,41.6901,2020.0
1313,-4.4335,40.3241,200.0
1314,-3.4995,40.857,2400.0
1315,-3.4636,40.8959,1932.0
1316,-2.6186,41.1749,1300.0
1317,-0.0949,40.4364,12100.0
1318,-0.0852,40.436,2100.0
1319,-5.7551,41.1798,800.0
1320,-5.7952,41.1923,500.0
1321,-5.7835,41.1927,700.0
1322,-5.7627,41.1735,300.0
1323,-5.7836,41.1933,300.0
1324,-5.7734,41.1943,200.0
1325,-0.0975,40.9304,1100.0
1326,-0.099,40.9312,700.0
1327,-0.0977,40.9336,1300.0
1328,-0.0977,40.9341,1500.0
1329,-0.3182,41.3213,1000.0
1330,-0.3469,41.3691,3450.0
1331,-0.3456,41.3724,1350.0
1332,-5.8941,41.2324,760.0
1333,-0.023,41.5819,4820.0
1334,-0.0196,41.5801,2260.0
1335,-0.4292,40.5975,2010.0
1336,-0.0908,40.4345,4230.0
1337,-5.8138,41.2706,590.0
1338,-5.8087,41.2662,440.0
1339,-0.4165,40.6645,850.0
1340,-0.4186,40.6619,410.0
1341,-0.3771,40.4925,780.0
1342,-0.6281,40.5224,850.0
1343,-0.6338,40.5268,840.0
1344,-0.5694,40.668,1240.0
1345,-0.4086,40.5901,1270.0
1346,-5.7249,41.1644,670.0
1347,-5.158,40.2357,8200.0
1348,-0.0922,40.4093,2000.0
1349,-4.0072,40.7537,700.0
1350,-3.7627,40.8501,1200.0
1351,-2.4997,37.9451,4300.0
1352,-5.3009,39.9861,6000.0
1353,-4.5027,41.1996,300.0
1354,-4.9909,40.3741,2100.0
1355,-4.1396,40.6128,400.0
1356,-4.7204,40.9839,500.0
1357,-4.5601,41.3158,700.0
1358,-3.8283,40.707,800.0
1359,-4.2159,40.7138,2600.0
1360,-3.6698,41.0399,3000.0
1361,-4.7353,40.1438,1950.0
1362,-3.8977,40.4698,1700.0
1363,-4.7801,41.3127,1300.0
1364,-4.0271,41.4996,200.0
1365,-5.0334,40.4174,3600.0
1366,-4.0263,40.8903,480.0
1367,-3.6274,40.5752,1900.0
1368,-5.1079,39.9863,3241.0
1369,-1.7378,40.6067,6300.0
1370,-3.65,40.8,1300.0
1371,-3.651,41.1089,2587.0
1372,-4.1838,40.651,2000.0
1373,-4.09,38.9425,1600.0
1374,-4.5791,40.3051,2000.0
1375,-2.6166,43.1174,10000.0
1376,-8.4903,43.1508,7600.0
1377,-8.0203,43.2208,5000.0
1378,-8.1103,43.1208,5200.0
1379,-6.2402,43.2808,5100.0
1380,-6.0102,43.3108,2600.0
1381,-8.4403,42.5908,6900.0
1382,-8.3203,43.0108,8900.0
1383,-7.4503,43.0808,10300.0
1384,-7.1002,43.1308,5200.0
1385,-6.5802,43.1508,7100.0
1386,-6.3402,43.1808,8400.0
1387,-5.4601,43.2408,2900.0
1388,-5.2201,43.2708,4500.0
1389,-7.1902,43.0308,7400.0
1390,-6.5502,43.0608,3500.0
1391,-5.2001,43.1908,4100.0
1392,-8.1503,42.4607,2500.0
1393,-7.5203,42.4908,4600.0
1394,-7.4003,42.5107,5300.0
1395,-7.2802,42.5308,6800.0
1396,-7.1602,42.5508,4900.0
1397,-5.5401,43.0608,6400.0
1398,-5.4201,43.0808,4000.0
1399,-4.0601,43.2008,4300.0
1400,-8.3603,42.3407,3300.0
1401,-8.2403,42.3607,6900.0
1402,-7.2602,42.4508,4700.0
1403,-6.1502,42.5508,5400.0
1404,-5.1601,43.0308,3700.0
1405,-4.4001,43.0708,2000.0
1406,-3.29,43.1508,2100.0
1407,-3.05,43.1708,3100.0
1408,-2.41,43.2008,8600.0
1409,-8.4503,42.2407,6900.0
1410,-7.5803,42.3107,3400.0
1411,-6.2502,42.4508,3300.0
1412,-5.4901,42.5008,5500.0
1413,-4.2601,43.0008,9100.0
1414,-3.27,43.0708,1900.0
1415,-3.02,43.1008,3900.0
1416,-2.51,43.1108,2800.0
1417,-2.38,43.1208,6100.0
1418,-2.27,43.1308,7000.0
1419,-8.3103,42.1707,3700.0
1420,-7.3302,42.2607,900.0
1421,-5.5901,42.4008,4100.0
1422,-5.3501,42.4308,1300.0
1423,-5.2301,42.4408,1300.0
1424,-5.1201,42.4608,4700.0
1425,-4.4801,42.4908,3300.0
1426,-4.1201,42.5308,4900.0
1427,-4.0101,42.5508,2500.0
1428,-3.37,42.5708,3900.0
1429,-2.37,43.0408,2600.0
1430,-2.25,43.0508,3200.0
1431,-2.1299,43.0608,5200.0
1432,-1.4899,43.0808,4900.0
1433,-1.65,43.1314,1900.0
1434,-7.1802,42.2007,5600.0
1435,-6.3202,42.2707,1500.0
1436,-5.0901,42.3808,3100.0
1437,-4.5801,42.3908,3800.0
1438,-4.3401,42.4208,5200.0
1439,-3.47,42.4808,5800.0
1440,-3.35,42.4908,4800.0
1441,-3.11,42.5208,6200.0
1442,-2.59,42.5308,3800.0
1443,-2.1199,42.5808,5300.0
1444,-1.4799,43.0008,14100.0
1445,-1.3599,43.0108,4400.0
1446,-6.1802,42.2007,2500.0
1447,-4.4401,42.3208,2800.0
1448,-4.3201,42.3408,5200.0
1449,-3.45,42.3908,2600.0
1450,-2.34,42.4708,1800.0
1451,-2.0999,42.4908,3100.0
1452,-1.3399,42.5308,4300.0
1453,-1.2199,42.5408,4800.0
1454,-1.0999,42.5508,4400.0
1455,-0.5799,42.5608,4400.0
1456,-6.2702,42.1007,2200.0
1457,-5.0501,42.2107,1400.0
1458,-4.1801,42.2708,2900.0
1459,-2.56,42.3608,5600.0
1460,-2.0799,42.4108,4700.0
1461,-1.4399,42.4308,3200.0
1462,-1.0899,42.4708,3500.0
1463,-6.2502,42.0207,2900.0
1464,-1.3099,42.3608,2600.0
1465,-1.1899,42.3708,3100.0
1466,-0.3198,42.4108,11700.0
1467,-0.1998,42.4208,3100.0
1468,-5.4801,41.5807,700.0
1469,-5.3601,42.0007,2900.0
1470,-3.27,42.1607,5800.0
1471,-3.16,42.1707,3000.0
1472,-2.52,42.1907,3900.0
1473,-1.1799,42.2908,5900.0
1474,-1.0599,42.3007,3200.0
1475,-0.4199,42.3207,2300.0
1476,0.5202,42.4008,4500.0
1477,1.0402,42.4008,2500.0
1478,-6.2002,41.4507,2600.0
1479,-5.5701,41.4807,1600.0
1480,-3.14,42.0907,4300.0
1481,-3.02,42.1007,3200.0
1482,-1.0399,42.2207,3400.0
1483,-0.5199,42.2307,3000.0
1484,-0.1698,42.2607,2200.0
1485,-0.0498,42.2707,3100.0
1486,0.1802,42.2907,12100.0
1487,1.0502,42.3207,2200.0
1488,-6.0602,41.3807,2700.0
1489,-5.0901,41.4607,900.0
1490,-3.12,42.0007,1400.0
1491,-2.9679,42.0107,3600.0
1492,-2.37,42.0407,6700.0
1493,-2.25,42.0507,2300.0
1494,-1.3799,42.1007,2100.0
1495,-1.0299,42.1307,4600.0
1496,-0.5099,42.1407,3400.0
1497,-0.1498,42.1707,2600.0
1498,0.0702,42.1907,2500.0
1499,0.1902,42.2007,3200.0
1500,0.3102,42.2107,7000.0
1501,1.0602,42.2407,10300.0
1502,1.3002,42.2507,2100.0
1503,1.4203,42.2607,2800.0
1504,-6.1602,41.2907,1300.0
1505,-2.58,41.5307,1300.0
1506,-2.47,41.5407,2400.0
1507,-2.23,41.5707,2100.0
1508,0.3202,42.1307,4400.0
1509,0.4402,42.1407,8100.0
1510,1.0802,42.1507,6400.0
1511,1.1902,42.1607,5300.0
1512,1.3102,42.1707,2800.0
1513,1.4303,42.1807,8800.0
1514,2.0703,42.1907,6600.0
1515,2.1903,42.2007,6400.0
1516,2.4303,42.2107,3700.0
1517,2.5403,42.2207,600.0
1518,-5.2701,41.2707,800.0
1519,-4.1801,41.3507,1000.0
1520,-3.55,41.3807,2600.0
1521,-3.08,41.4307,1700.0
1522,-2.57,41.4507,5200.0
1523,-0.9999,41.5607,1300.0
1524,0.3302,42.0407,2400.0
1525,1.0902,42.0707,4400.0
1526,1.2102,42.0807,8500.0
1527,1.3202,42.0807,7100.0
1528,1.4403,42.0907,4400.0
1529,1.5603,42.1007,3900.0
1530,2.0803,42.1107,3800.0
1531,2.2003,42.1107,3100.0
1532,2.3203,42.1207,4400.0
1533,2.4303,42.1307,1400.0
1534,-2.32,41.3907,2800.0
1535,-2.0799,41.4107,3500.0
1536,0.2302,41.5507,3500.0
1537,0.3502,41.5607,3700.0
1538,0.5802,41.5807,3000.0
1539,1.1002,41.5807,4000.0
1540,1.2202,41.5907,6500.0
1541,1.3402,42.0007,2800.0
1542,1.4503,42.0107,3800.0
1543,1.5703,42.0207,4200.0
1544,2.0903,42.0207,3800.0
1545,2.2103,42.0307,3300.0
1546,2.3303,42.0407,4000.0
1547,2.4403,42.0407,2100.0
1548,2.5603,42.0507,1200.0
1549,-6.0902,41.0407,800.0
1550,-5.4601,41.0707,1000.0
1551,-4.1401,41.1907,400.0
1552,-4.0301,41.2007,3100.0
1553,1.3502,41.5207,2200.0
1554,1.4603,41.5207,2800.0
1555,1.5803,41.5307,3500.0
1556,2.1003,41.5407,2800.0
1557,2.2203,41.5507,3200.0
1558,2.3403,41.5507,4300.0
1559,2.4503,41.5607,700.0
1560,-5.2101,41.0207,300.0
1561,-4.2401,41.0907,800.0
1562,-4.1201,41.1007,900.0
1563,-4.0101,41.1207,2300.0
1564,-3.26,41.1607,1600.0
1565,-2.17,41.2307,1900.0
1566,-1.5299,41.2607,2500.0
1567,1.5903,41.4507,3500.0
1568,2.1103,41.4507,5300.0
1569,2.2303,41.4607,1800.0
1570,2.517,41.8174,2900.0
1571,-5.5301,40.4906,2600.0
1572,-2.38,41.1307,2000.0
1573,-2.0299,41.1607,1800.0
1574,-1.2899,41.2007,5800.0
1575,-0.5399,41.2307,10700.0
1576,1.1302,41.3307,5800.0
1577,1.4903,41.3607,8200.0
1578,2.1203,41.3707,1000.0
1579,-6.2502,40.3507,2400.0
1580,-6.0202,40.3907,4100.0
1581,-5.5101,40.4007,5400.0
1582,-5.4001,40.4207,2000.0
1583,-3.11,41.0007,4900.0
1584,-2.13,41.0707,2600.0
1585,-2.0199,41.0807,1900.0
1586,0.1602,41.2007,4300.0
1587,0.4002,41.2207,2900.0
1588,0.5102,41.2307,5300.0
1589,1.0402,41.2507,4300.0
1590,1.2602,41.2607,3500.0
1591,1.3802,41.2607,3700.0
1592,-6.3402,40.2507,3100.0
1593,-5.3801,40.3307,4800.0
1594,-4.0601,40.4507,2600.0
1595,-3.09,40.5207,3100.0
1596,-2.46,40.5507,2400.0
1597,-2.12,40.5807,5300.0
1598,-1.9999,40.5907,1600.0
1599,-1.2599,41.0307,4200.0
1600,-0.3899,41.0707,1400.0
1601,0.0602,41.1107,600.0
1602,0.1802,41.1207,5800.0
1603,1.0402,41.1507,4200.0
1604,-6.5502,40.1407,3200.0
1605,-6.4302,40.1507,2500.0
1606,-6.2102,40.1907,2600.0
1607,-5.4701,40.2407,3800.0
1608,-5.3601,40.2507,2200.0
1609,-4.2701,40.3407,1600.0
1610,-2.45,40.4607,2600.0
1611,-2.33,40.4707,1900.0
1612,-2.22,40.4907,4300.0
1613,-2.0999,40.5007,1200.0
1614,-1.4699,40.5207,4800.0
1615,-1.0099,40.5707,1400.0
1616,-0.2598,41.0007,3500.0
1617,0.1902,41.0407,1700.0
1618,-5.5601,40.1407,7700.0
1619,-5.1101,40.2007,4500.0
1620,-4.3701,40.2407,6300.0
1621,-2.2,40.4007,2900.0
1622,-2.0799,40.4107,1800.0
1623,-0.4799,40.4907,2300.0
1624,-0.0198,40.5307,2000.0
1625,-6.0502,40.0407,3600.0
1626,-5.5401,40.0507,800.0
1627,-4.2301,40.1707,3800.0
1628,-2.0699,40.3307,1900.0
1629,-1.4399,40.3507,5400.0
1630,-1.0999,40.3907,2800.0
1631,-0.0098,40.4507,4000.0
1632,0.1002,40.4607,6300.0
1633,0.3302,40.4807,1800.0
1634,-6.2502,39.5207,1000.0
1635,-5.4001,39.5807,1700.0
1636,-5.0701,40.0307,700.0
1637,-4.3301,40.0807,1000.0
1638,-3.25,40.1607,2500.0
1639,-2.0499,40.2507,2200.0
1640,-1.5399,40.2607,5900.0
1641,-1.4199,40.2707,2700.0
1642,-1.3099,40.2807,6000.0
1643,-1.1999,40.2907,3900.0
1644,-0.3399,40.3307,3100.0
1645,-2.49,40.1107,3400.0
1646,-2.0399,40.1607,3900.0
1647,-1.5199,40.1707,5700.0
1648,-1.2899,40.2007,2900.0
1649,-1.1799,40.2107,3800.0
1650,-0.5499,40.2307,6500.0
1651,-0.4399,40.2407,5400.0
1652,-0.3199,40.2507,3300.0
1653,-7.0502,39.2907,1800.0
1654,-6.4302,39.3207,2200.0
1655,-5.1401,39.4507,1000.0
1656,-5.0301,39.4607,3400.0
1657,-2.0199,40.0807,2700.0
1658,-1.5099,40.0907,2700.0
1659,-1.2799,40.1107,1700.0
1660,-1.1699,40.1207,2400.0
1661,-0.5399,40.1407,4500.0
1662,-0.4199,40.1607,3100.0
1663,-0.3099,40.1707,3900.0
1664,-7.1402,39.1907,2800.0
1665,-7.0302,39.2007,1500.0
1666,-5.3401,39.3307,3900.0
1667,-2.12,39.5807,1300.0
1668,-1.4899,40.0107,3500.0
1669,-1.2599,40.0307,3700.0
1670,-1.0399,40.0507,4100.0
1671,-0.5199,40.0607,2600.0
1672,-0.4099,40.0707,1400.0
1673,-0.1798,40.0907,2200.0
1674,-6.2802,39.1707,1800.0
1675,-4.2501,39.3407,3500.0
1676,-1.5899,39.5107,1500.0
1677,-1.3599,39.5307,2800.0
1678,-1.1399,39.5507,4100.0
1679,-0.5099,39.5807,2900.0
1680,-0.3999,39.5907,700.0
1681,-0.2798,40.0007,4200.0
1682,-6.3702,39.0707,1100.0
1683,-4.5701,39.2107,5300.0
1684,-1.5699,39.4307,1900.0
1685,-1.4599,39.4407,1200.0
1686,-1.2299,39.4607,1200.0
1687,-1.0099,39.4807,3400.0
1688,-0.4999,39.4907,1200.0
1689,-0.4999,39.4907,900.0
1690,-4.1001,39.1907,3000.0
1691,-3.48,39.2107,1900.0
1692,-1.3299,39.3607,8700.0
1693,3.8337,40.034,1400.0
1694,4.0604,40.0107,1400.0
1695,-4.3101,39.0707,800.0
1696,-2.28,39.2207,2400.0
1697,-1.3199,39.2807,3800.0
1698,2.9669,39.7673,3300.0
1699,-7.1402,38.3506,1800.0
1700,-6.0802,38.4506,2100.0
1701,-5.5701,38.4706,1200.0
1702,-5.0201,38.5506,900.0
1703,-1.1899,39.2107,1300.0
1704,-1.0799,39.2207,2200.0
1705,-0.5699,39.2307,6000.0
1706,2.517,39.6178,3100.0
1707,-7.1202,38.2706,2100.0
1708,-2.58,39.0107,2300.0
1709,2.7306,39.8041,3300.0
1710,-5.5301,38.3006,3500.0
1711,-4.3601,38.4106,1500.0
1712,-2.23,38.5706,2700.0
1713,-0.4299,39.0707,2000.0
1714,-6.4502,38.1406,1200.0
1715,-5.2901,38.2506,1700.0
1716,-3.39,38.3906,1900.0
1717,-2.21,38.4806,2200.0
1718,-5.2701,38.1606,1300.0
1719,-5.0501,38.2006,2100.0
1720,-4.5401,38.2106,1300.0
1721,-4.3201,38.2406,3500.0
1722,-3.59,38.2806,1800.0
1723,-2.2,38.4006,4500.0
1724,-2.09,38.4106,800.0
1725,-1.4699,38.4306,1700.0
1726,-7.1302,37.5206,1200.0
1727,-6.5202,37.5506,2600.0
1728,-6.4102,37.5706,2300.0
1729,-6.3002,37.5806,1300.0
1730,-6.1902,38.0006,1300.0
1731,-5.2501,38.0806,1500.0
1732,-5.0301,38.1106,2200.0
1733,-4.4101,38.1406,2500.0
1734,-4.3001,38.1606,1500.0
1735,-4.1901,38.1706,1200.0
1736,-4.0801,38.1806,2700.0
1737,-3.35,38.2306,2200.0
1738,-2.51,38.2806,800.0
1739,-6.5002,37.4706,3500.0
1740,-5.3401,37.5806,2200.0
1741,-5.1201,38.0106,1500.0
1742,-4.5001,38.0406,1700.0
1743,-4.3901,38.0606,3400.0
1744,-4.2801,38.0706,1300.0
1745,-4.0601,38.1006,1700.0
1746,-3.56,38.1106,1500.0
1747,-3.34,38.1406,1900.0
1748,-2.39,38.2106,2800.0
1749,-0.9999,38.3106,1400.0
1750,-7.2002,37.3306,2200.0
1751,-7.0902,37.3506,1900.0
1752,-6.5802,37.3706,1100.0
1753,-6.3702,37.4006,1000.0
1754,-6.2602,37.4206,1900.0
1755,-5.1001,37.5306,2300.0
1756,-4.4801,37.5606,3600.0
1757,-4.3701,37.5706,1600.0
1758,-2.48,38.1106,700.0
1759,-2.37,38.1206,2700.0
1760,-2.26,38.1306,2100.0
1761,-2.15,38.1506,2100.0
1762,-1.5299,38.1706,2800.0
1763,-0.5799,38.2306,1000.0
1764,-6.4502,37.3006,2500.0
1765,-2.57,38.0106,1700.0
1766,-2.46,38.0206,4100.0
1767,-2.35,38.0406,900.0
1768,-2.14,38.0606,3800.0
1769,-1.2999,38.1106,400.0
1770,-3.5,37.4606,1300.0
1771,-2.56,37.5306,3500.0
1772,-2.34,37.5506,1300.0
1773,-2.23,37.5606,1800.0
1774,-2.0099,37.5906,2700.0
1775,-1.4999,38.0006,2000.0
1776,-1.0599,38.0506,500.0
1777,-6.4102,37.1306,2600.0
1778,-5.4701,37.2106,1900.0
1779,-3.27,37.4006,2200.0
1780,-2.54,37.4406,1400.0
1781,-2.1,37.4906,3700.0
1782,-3.47,37.2906,700.0
1783,-2.52,37.3606,4900.0
1784,-4.0601,37.1806,5800.0
1785,-3.56,37.1906,1400.0
1786,-3.45,37.2106,4000.0
1787,-3.34,37.2206,1000.0
1788,-2.51,37.2706,900.0
1789,-3.43,37.1206,1200.0
1790,-3.22,37.1506,300.0
1791,-2.38,37.2006,4200.0
1792,-4.0301,37.0106,1300.0
1793,-3.09,37.0806,1400.0
1794,-2.58,37.0906,3700.0
1795,-5.3501,36.3106,3400.0
1796,-5.3301,36.2206,4200.0
1797,1.2702,41.1707,3200.0
1798,1.5103,41.1907,800.0
1799,1.1702,41.0807,1400.0
1800,1.3302,39.0106,1400.0
1801,-0.4599,42.5708,1000.0
1802,-0.0598,40.0207,1500.0
1803,-6.1668,36.9673,1700.0
1804,-6.0168,36.9339,2300.0
1805,-5.9335,36.9839,2100.0
1806,-5.7668,37.1839,1000.0
1807,-2.5501,37.7366,430.0
1808,-3.8667,40.7507,2600.0
1809,-3.8667,40.784,3800.0
1810,-3.9001,40.784,7000.0
1811,-3.85,40.734,2400.0
1812,-3.8653,40.734,9000.0
1813,-3.8667,40.7342,6600.0
1814,-5.3506,36.7505,2000.0
1815,-5.3503,36.7505,3800.0
1816,-5.3501,36.7507,11600.0
1817,-5.4169,36.767,2000.0
1818,-5.4168,36.7673,2200.0
1819,-5.3495,36.7499,7400.0
1820,-5.3502,36.7516,200.0
1821,-5.3668,36.7506,600.0
1822,-5.3501,36.7506,5000.0
1823,-5.3497,36.7508,3300.0
1824,-5.3501,36.7506,1300.0
1825,-0.0498,38.7006,3200.0
1826,-0.0498,38.8006,4300.0
1827,-1.7999,38.1006,2000.0
1828,-0.6999,38.1006,900.0
1829,-0.6999,38.1006,660.0
1830,-1.2335,38.2507,6290.0
1831,-1.2332,38.2506,5740.0
1832,-1.2005,38.2707,2870.0
1833,-1.202,38.2675,5950.0
1834,-1.2,38.2673,6440.0
1835,-1.2018,38.2786,4590.0
1836,-1.1999,38.2673,4310.0
1837,-1.2001,38.2675,5380.0
1838,-1.2011,38.2673,2000.0
1839,-1.2017,38.2674,5180.0
1840,-1.2017,38.2674,4760.0
1841,-1.1999,38.2686,4780.0
1842,-1.2005,38.269,3950.0
1843,-2.45,38.5506,3200.0
1844,-0.8332,39.8507,5710.0
1845,1.999,41.3332,10200.0
1846,0.1668,41.3174,10500.0
1847,0.0502,41.3674,7290.0
1848,0.0502,41.3007,13190.0
1849,0.0835,41.3841,11740.0
1850,0.0172,41.3508,3630.0
1851,0.0168,41.3509,3650.0
1852,1.7336,41.484,2060.0
1853,-1.5833,37.5673,1270.0
1854,-1.2828,37.6004,440.0
1855,-1.2999,37.6005,1660.0
1856,-1.3001,37.6008,1900.0
1857,-1.3499,37.5673,1300.0
1858,-1.2832,37.5969,350.0
1859,-1.2666,37.6339,2330.0
1860,-1.2914,37.5974,1000.0
1861,-1.2825,37.5982,1200.0
1862,-1.5499,37.6006,2140.0
1863,-1.3499,37.5999,2350.0
1864,-1.2833,37.5999,1250.0
1865,-2.0166,38.1506,1490.0
1866,-1.9999,38.1673,1670.0
1867,-1.9333,38.184,1090.0
1868,-1.9499,38.184,1020.0
1869,-1.8999,38.1006,2480.0
1870,-1.8999,38.1506,2550.0
1871,-2.0833,38.0173,1970.0
1872,-1.8521,38.1005,3490.0
1873,-1.8833,38.1173,2180.0
1874,-1.7333,37.6674,2140.0
1875,-1.6833,37.5839,980.0
1876,-1.6529,37.7173,1470.0
1877,-1.5666,37.4839,1790.0
1878,-1.6333,37.734,1080.0
1879,-1.6501,37.7075,1120.0
1880,-1.7331,37.6673,860.0
1881,-1.5499,37.6339,560.0
1882,-1.7999,37.5506,2500.0
1883,-1.6499,37.6506,1510.0
1884,-1.5999,37.5506,1850.0
1885,-1.6666,37.6339,980.0
1886,-1.7333,37.6506,850.0
1887,1.7003,41.8341,6500.0
1888,0.7835,41.6341,7800.0
1889,0.6335,41.6341,9600.0
1890,0.6502,41.5507,5300.0
1891,0.6502,41.5341,4100.0
1892,0.9169,41.8674,17500.0
1893,0.7669,41.6507,4900.0
1894,0.7835,41.6507,2600.0
1895,0.9669,41.5507,10000.0
1896,0.5502,41.7507,8100.0
1897,0.6335,41.8174,12800.0
1898,0.6669,41.6507,15100.0
1899,0.6335,41.7174,8600.0
1900,0.6502,41.7007,9100.0
1901,0.7008,41.6343,17300.0
1902,0.7502,41.334,9500.0
1903,0.7669,41.7507,11800.0
1904,0.8002,41.7341,15500.0
1905,0.6169,41.7507,8000.0
1906,0.7169,41.6007,11000.0
1907,-0.5332,41.4674,4500.0
1908,0.7669,41.8674,10500.0
1909,0.7002,41.9174,6300.0
1910,0.5501,41.9341,3700.0
1911,0.5669,41.8674,3500.0
1912,0.4853,41.6943,13000.0
1913,0.6007,41.6007,800.0
1914,0.6669,41.5841,7600.0
1915,0.6002,41.6015,14800.0
1916,0.6002,41.5841,7100.0
1917,0.7169,41.5174,4000.0
1918,0.9669,41.4007,8400.0
1919,0.8335,41.4341,6900.0
1920,0.9502,41.8007,7400.0
1921,-0.9332,41.7841,4900.0
1922,-0.9342,41.7829,15000.0
1923,-0.9329,41.7833,8500.0
1924,0.8335,41.8841,7300.0
1925,0.7835,41.8841,12000.0
1926,-0.9666,41.5507,4300.0
1927,-0.7499,41.4507,5900.0
1928,-0.3665,41.2007,8000.0
1929,-0.3332,41.1836,6600.0
1930,-0.3336,41.1841,4000.0
1931,-0.4665,41.0674,9900.0
1932,-0.4665,41.1174,6200.0
1933,-0.5497,41.1674,4600.0
1934,-0.5499,41.1674,5000.0
1935,-0.883,41.4353,8400.0
1936,-0.8832,41.4341,6400.0
1937,0.6668,41.6507,7000.0
1938,0.6671,41.6507,11300.0
1939,0.6665,41.6505,6700.0
1940,-0.5663,41.4007,6100.0
1941,-0.5665,41.4012,4700.0
1942,-0.4332,41.3174,3300.0
1943,-0.4332,41.3172,7700.0
1944,-0.4665,41.334,5600.0
1945,-0.4624,41.3344,4100.0
1946,-0.4476,41.3372,2500.0
1947,-0.4165,41.4174,2000.0
1948,-0.4165,41.4175,5700.0
1949,-0.4165,41.3841,3700.0
1950,0.6669,41.6174,18000.0
1951,0.6502,41.6007,11300.0
1952,0.6669,41.6007,4800.0
1953,2.8341,42.0174,2900.0
1954,2.8335,42.0174,4300.0
1955,0.5502,41.934,2600.0
1956,0.7002,41.6341,2800.0
1957,2.8712,42.0177,1800.0
1958,2.8337,42.0173,1100.0
1959,2.8659,42.0165,1100.0
1960,2.8688,42.0167,1600.0
1961,2.8654,42.0173,1000.0
1962,2.867,42.0174,300.0
1963,2.8669,42.0158,1200.0
1964,2.8675,42.0174,2000.0
1965,2.8676,42.0172,3000.0
1966,2.8663,42.0166,1600.0
1967,2.8659,42.0173,1000.0
1968,2.8654,42.0173,3000.0
1969,2.8663,42.0173,6500.0
1970,2.867,42.0174,12600.0
1971,2.8669,42.0175,4100.0
1972,2.8668,42.0174,3100.0
1973,2.8837,42.0174,3400.0
1974,2.8837,42.0174,3600.0
1975,-0.7499,38.484,200.0
1976,-0.7499,38.6173,190.0
1977,-0.6603,38.6002,680.0
1978,-0.7332,38.484,1860.0
1979,-0.6844,38.5646,1410.0
1980,-0.5665,38.534,2810.0
1981,-0.6499,38.584,2610.0
1982,-0.7614,38.6975,2540.0
1983,-0.7165,38.534,1920.0
1984,-0.7165,38.6673,2670.0
1985,-0.6499,38.7173,2270.0
1986,-0.5499,38.5506,5670.0
1987,-0.6646,38.5521,3270.0
1988,-0.6665,38.7006,3100.0
1989,-0.7165,38.4673,1960.0
1990,-0.6832,38.634,3090.0
1991,1.501,42.0,1000.0
1992,1.5003,42.0007,1600.0
1993,1.4997,41.9998,8200.0
1994,1.5002,42.0006,4100.0
1995,1.5001,42.0002,8900.0
1996,1.5002,42.0173,5100.0
1997,1.5001,42.0176,3400.0
1998,1.5003,42.0341,6800.0
1999,1.5001,42.0172,3800.0
2000,1.5003,42.0341,2100.0
2001,-5.5835,40.0008,2990.0
2002,-5.5834,40.0007,5100.0
2003,-5.4001,40.4507,4170.0
2004,-0.1257,42.637,2400.0
2005,-0.1312,42.6184,2200.0
2006,-0.1331,42.6188,1250.0
2007,-0.13,42.6194,1650.0
2008,-0.1335,42.6183,2180.0
2009,-0.1314,42.6179,1570.0
2010,-0.1281,42.6218,1300.0
2011,-0.1337,42.6175,880.0
2012,-0.1349,42.6181,1150.0
2013,-0.1333,42.6174,2600.0
2014,-0.1291,42.6177,3900.0
2015,-0.133,42.6171,3000.0
2016,-0.133,42.6171,2600.0
2017,-0.1346,42.6194,3400.0
2018,-0.1354,42.6175,1800.0
2019,-0.1307,42.6188,7600.0
2020,-0.1271,42.619,12500.0
2021,-0.1302,42.6197,4350.0
2022,-0.1323,42.6203,1700.0
2023,-0.1325,42.6202,2900.0
2024,-0.1245,42.6181,2900.0
2025,-0.1298,42.6255,3930.0
2026,-0.1315,42.6197,2800.0
2027,-0.1326,42.6183,3500.0
2028,-0.1282,42.6182,3900.0
2029,-0.1301,42.6191,2300.0
2030,-0.1309,42.6306,4300.0
2031,-0.1328,42.6201,2950.0
2032,-0.1204,42.621,4560.0
2033,-0.1256,42.6172,7800.0
2034,-0.1266,42.6144,3200.0
2035,-0.1206,42.618,2550.0
2036,-0.1195,42.6172,2000.0
2037,-0.1329,42.6221,1400.0
2038,-0.1137,42.617,7100.0
2039,-0.1129,42.6207,4700.0
2040,-0.1213,42.6176,1600.0
2041,-0.1318,42.6192,2600.0
2042,-6.9169,42.7841,3300.0
2043,-6.9169,42.7841,3400.0
2044,-6.9169,42.7841,3500.0
2045,-1.4999,41.8507,1800.0
2046,-4.1501,40.5665,3800.0
2047,-4.1513,40.5674,3900.0
2048,-4.1501,40.584,2500.0
2049,-4.1167,40.7007,3600.0
2050,-5.7501,37.834,2000.0
2051,-1.8177,41.8007,800.0
2052,-0.8165,41.7341,1310.0
2053,-0.7832,41.6674,1230.0
2054,-0.8999,42.0507,560.0
2055,-0.6999,41.6174,1510.0
2056,-1.6666,41.8341,2660.0
2057,-2.1666,42.8341,1600.0
2058,-2.1666,42.8508,700.0
2059,-2.1666,42.8508,500.0
2060,-6.1835,40.5507,1800.0
2061,-6.1168,40.5674,940.0
2062,-6.4502,40.4674,860.0
2063,-8.267,42.7008,3200.0
2064,-3.8667,40.9007,2400.0
2065,-3.75,40.6507,2300.0
2066,-4.0167,39.8507,1700.0
2067,-3.6667,38.834,3400.0
2068,-5.3835,39.3673,1600.0
2069,-5.3834,39.3673,1800.0
2070,-5.7168,40.1175,1400.0
2071,-5.7168,40.1174,1700.0
2072,-2.5512,37.7506,430.0
2073,-2.7333,37.5506,1120.0
2074,-2.5645,37.5833,1560.0
2075,-2.5704,37.584,610.0
2076,-2.5666,37.5839,230.0
2077,-2.5666,37.584,260.0
2078,-2.5662,37.5841,600.0
2079,-2.7,37.6006,330.0
2080,-3.7167,37.1005,420.0
2081,-3.718,37.0997,500.0
2082,-3.9167,37.0839,460.0
2083,-3.6,39.8673,1600.0
2084,-3.4667,39.7673,1800.0
2085,-1.9499,43.0008,7600.0
2086,-2.0666,42.8175,4900.0
2087,-2.3833,37.6173,2200.0
2088,-2.2333,37.6506,1700.0
2089,-2.3833,37.5506,1800.0
2090,-2.4498,37.6006,2000.0
2091,-2.4506,37.6006,900.0
2092,-2.45,37.5999,2100.0
2093,-1.8666,37.0506,470.0
2094,-1.83,37.3808,800.0
2095,-1.8166,37.3006,800.0
2096,-1.8275,37.0504,1240.0
2097,-1.8162,37.1673,1030.0
2098,-1.8333,37.1339,700.0
2099,-1.8499,37.1339,620.0
2100,-1.8999,37.1673,1400.0
2101,-1.7666,37.3173,900.0
2102,-1.816,37.1673,390.0
2103,-1.8333,37.1506,720.0
2104,-1.8499,37.1173,1130.0
2105,-1.8333,37.1839,1200.0
2106,-1.8333,37.2006,500.0
2107,-1.8999,37.0506,300.0
2108,-2.2166,36.7673,440.0
2109,-2.2,36.8173,900.0
2110,-2.05,36.8173,1180.0
2111,-2.1,36.8173,850.0
2112,-2.1166,36.7839,730.0
2113,-2.233,36.7854,780.0
2114,-2.2189,36.7643,570.0
2115,-2.2166,36.7673,870.0
2116,-2.1189,37.3665,1500.0
2117,-1.8999,37.4839,1300.0
2118,-2.0666,37.4673,1200.0
2119,-2.3666,37.0506,500.0
2120,-1.8666,37.4673,2100.0
2121,-2.1166,37.3673,900.0
2122,-2.1,37.684,1560.0
2123,-2.1361,37.5039,1540.0
2124,-1.8502,38.1017,2200.0
2125,-2.5666,37.4839,1880.0
2126,-1.7002,37.6643,5210.0
2127,-1.7002,37.6675,1750.0
2128,-2.45,37.7003,1500.0
2129,-2.45,37.7006,700.0
2130,-2.4553,37.7007,1600.0
2131,-2.8833,37.3173,920.0
2132,-2.8667,37.2839,1020.0
2133,-3.1333,37.3009,1520.0
2134,-2.8333,37.2839,1980.0
2135,-2.8333,37.2838,1200.0
2136,-3.1167,37.2839,2050.0
2137,-2.9833,37.3173,1630.0
2138,-2.95,37.3339,1420.0
2139,-2.9667,37.2673,8200.0
2140,-3.0833,37.3173,5500.0
2141,-2.8834,37.2504,580.0
2142,-2.9992,37.1673,670.0
2143,-3.15,37.3006,400.0
2144,-3.1831,37.3173,670.0
2145,-2.8667,37.2173,390.0
2146,-3.1333,37.3006,510.0
2147,-2.8333,37.3839,5620.0
2148,-2.7167,37.4673,480.0
2149,-2.8333,37.4173,4070.0
2150,-2.5833,37.3339,870.0
2151,-2.7649,37.483,1210.0
2152,-2.7667,37.4673,440.0
2153,-2.5833,37.3673,370.0
2154,-2.5833,37.4499,3880.0
2155,-2.75,37.4576,730.0
2156,-2.749,37.4704,3000.0
2157,-2.7644,37.4666,2000.0
2158,-2.7667,37.4673,2200.0
2159,-2.8167,37.1006,3950.0
2160,-2.7667,37.3506,2470.0
2161,-2.7499,37.4673,2220.0
2162,-5.4001,38.0506,800.0
2163,-6.5835,37.7506,700.0
2164,-4.6501,40.5174,5010.0
2165,-4.6668,40.4674,3640.0
2166,-4.5168,40.534,6650.0
2167,-4.4001,40.5674,4310.0
2168,-4.4237,40.5671,3260.0
2169,-6.7002,40.2674,3800.0
2170,-6.7002,40.2007,2360.0
2171,-6.6002,40.2174,2400.0
2172,-6.6669,40.1507,2000.0
2173,-6.5002,40.1674,1820.0
2174,-5.7502,40.1007,3160.0
2175,-5.8335,40.034,960.0
2176,-5.7502,40.0507,1810.0
2177,-5.6501,40.1174,860.0
2178,-5.4667,40.1007,1470.0
2179,-5.4501,40.1174,1700.0
2180,-6.3169,40.3007,3140.0
2181,-6.4169,40.234,2920.0
2182,-6.4669,40.4507,4010.0
2183,-6.3502,40.5007,2220.0
2184,-6.1835,40.5674,31400.0
2185,-6.3502,40.5174,12500.0
2186,-6.1843,40.5675,12200.0
2187,-6.1169,40.5674,8700.0
2188,-5.0168,40.3174,49400.0
2189,-5.7001,40.4007,14400.0
2190,-2.7,38.0006,1800.0
2191,-2.7,38.0006,2300.0
2192,-2.6998,37.9766,3700.0
2193,-2.9266,37.9006,5800.0
2194,-2.9,37.9006,3400.0
2195,-4.6001,41.2674,910.0
2196,-4.6334,41.5174,720.0
2197,-5.051,41.2674,370.0
2198,-5.7502,40.3507,9200.0
2199,-3.75,41.0007,6100.0
2200,-6.3524,37.0519,600.0
2201,-6.3519,37.0503,3100.0
2202,-6.3402,37.0352,4200.0
2203,-2.9667,37.9006,5400.0
2204,-2.9501,38.0673,8000.0
2205,-2.9477,38.0662,8300.0
2206,-2.9594,38.0673,5100.0
2207,-2.9467,38.0667,15100.0
2208,-2.6166,42.5174,2270.0
2209,-6.34,37.0404,600.0
2210,-6.3494,37.0541,700.0
2211,-6.3365,37.051,1790.0
2212,-6.3505,37.0496,2090.0
2213,-6.4085,37.0864,2790.0
2214,-2.9019,37.8985,10100.0
2215,-2.8833,37.9006,6400.0
2216,-2.9024,37.8993,9700.0
2217,-2.95,38.0674,4100.0
2218,-2.9027,37.8923,7200.0
2219,-2.9003,37.9003,4000.0
2220,-3.1499,37.0673,2350.0
2221,-3.15,37.0673,1250.0
2222,-3.15,37.0673,1640.0
2223,-4.2667,43.0674,7300.0
2224,-3.9667,40.7674,7800.0
2225,-3.9167,40.784,5970.0
2226,-8.5337,42.8674,5500.0
2227,-8.5336,42.8668,7600.0
2228,-8.5338,42.8676,8700.0
2229,-8.5336,42.8674,10100.0
2230,-8.5336,42.8668,10600.0
2231,-3.4334,40.1673,840.0
2232,-3.4,40.1174,2160.0
2233,-3.4294,40.1674,870.0
2234,-3.4167,40.1507,1700.0
2235,-2.9,37.5506,3160.0
2236,-3.1,37.1006,3090.0
2237,-2.1499,42.8174,2300.0
2238,-2.15,42.8174,1060.0
2239,-2.2333,42.8174,5060.0
2240,-2.06,42.8174,930.0
2241,-1.7166,43.0008,3000.0
2242,-4.5501,40.1674,7200.0
2243,-4.3001,40.2674,3800.0
2244,-4.5398,40.165,6500.0
2245,-4.7501,40.1507,1500.0
2246,-4.7168,40.134,1600.0
2247,-4.8834,39.884,2500.0
2248,-4.9334,39.634,5800.0
2249,-4.8001,39.5673,2300.0
2250,-3.9,39.9007,10300.0
2251,-3.3167,39.8673,4800.0
2252,-3.3333,39.834,9500.0
2253,-1.8499,41.7674,4700.0
2254,-1.6164,41.9507,4900.0
2255,-1.8499,41.7841,15700.0
2256,-1.8154,41.7999,3200.0
2257,-1.8166,41.8006,4300.0
2258,-1.8166,41.7507,4200.0
2259,-1.8166,41.7507,3000.0
2260,-1.7833,41.8341,4200.0
2261,-1.6833,41.8174,5200.0
2262,-1.5999,41.8841,1700.0
2263,-1.6006,41.8841,5100.0
2264,-1.6166,41.9501,17900.0
2265,-3.9165,38.984,160.0
2266,-3.9167,38.9839,2250.0
2267,-3.2167,39.1007,1060.0
2268,-0.1164,42.7015,4600.0
2269,-0.1165,42.7008,900.0
2270,-0.1165,42.7008,3500.0
2271,-0.4499,42.6507,6700.0
2272,-0.4498,42.6508,7800.0
2273,-0.8499,42.7841,3700.0
2274,-0.8665,42.8008,5500.0
2275,-0.9165,42.7841,4500.0
2276,-0.9332,42.435,3000.0
2277,-0.9329,42.4341,2300.0
2278,-0.7832,42.6341,8400.0
2279,-0.7666,42.6341,11200.0
2280,-0.7665,42.6342,5500.0
2281,-0.7332,42.8838,8000.0
2282,-0.7305,42.884,10600.0
2283,-0.1831,42.7016,5000.0
2284,-0.1831,42.7008,6300.0
2285,-0.1833,42.7008,5100.0
2286,0.5836,42.5843,9100.0
2287,0.5835,42.5841,6300.0
2288,0.6335,42.6008,8700.0
2289,0.6835,42.7174,7000.0
2290,0.6834,42.7008,5000.0
2291,0.6835,42.7008,8200.0
2292,1.9832,42.3174,6000.0
2293,1.9837,42.3175,3900.0
2294,1.9836,42.3174,8400.0
2295,1.9836,42.3174,7900.0
2296,1.9834,42.3183,6700.0
2297,-5.7335,40.2174,1390.0
2298,-5.7335,40.2174,1310.0
2299,-6.1837,40.5674,3140.0
2300,-6.35,40.5176,1250.0
2301,-6.1668,40.5674,1220.0
2302,-6.1146,40.5671,870.0
2303,-4.9668,40.334,4940.0
2304,-5.7001,40.4007,1440.0
2305,-5.1001,40.5507,2800.0
2306,-6.8169,40.3007,3660.0
2307,-6.6669,40.3174,2570.0
2308,-6.7171,40.2873,2780.0
2309,-6.7232,40.2837,3760.0
2310,-5.3168,40.4674,1230.0
2311,-5.8335,40.1174,2850.0
2312,-0.2659,39.0673,930.0
2313,-0.2666,39.0674,1520.0
2314,-0.2664,39.0674,2040.0
2315,-0.2665,39.0674,760.0
2316,-0.2667,39.0675,4520.0
2317,-6.4083,37.0858,600.0
2318,-6.4107,37.0862,2700.0
2319,-6.4015,37.0801,200.0
2320,-6.413,37.0863,700.0
2321,-6.4078,37.0856,600.0
2322,-6.4669,36.9673,400.0
2323,-6.4845,37.0456,1600.0
2324,-6.478,37.0392,800.0
2325,-6.4798,37.0483,600.0
2326,-6.473,36.8147,2300.0
2327,-6.4781,37.0456,1100.0
2328,-6.4789,37.0432,3100.0
2329,-6.478,36.967,3200.0
2330,-6.4784,37.016,1800.0
2331,-6.3668,37.1673,1600.0
2332,-6.3835,37.1173,500.0
2333,-6.4003,37.0784,600.0
2334,-6.4004,37.0831,1800.0
2335,-6.4028,37.0859,1100.0
2336,-6.4011,37.0864,1700.0
2337,-6.4691,36.9839,3100.0
2338,-6.401,37.0855,1800.0
2339,-6.4017,37.0833,5600.0
2340,-6.4039,37.0837,7100.0
2341,-6.3445,36.8179,1300.0
2342,-6.3668,36.8173,900.0
2343,-6.3786,37.0768,2200.0
2344,-6.3917,37.0857,2700.0
2345,-6.467,36.9673,1600.0
2346,-6.479,37.0457,2500.0
2347,-6.4848,37.0335,5400.0
2348,-6.4172,37.0841,6000.0
2349,-6.4546,37.9472,2800.0
2350,-6.4163,37.0854,2100.0
2351,-6.3541,37.0425,1200.0
2352,-6.3669,37.2839,1100.0
2353,-6.2327,37.3003,2100.0
2354,-6.2329,37.3043,1700.0
2355,-6.235,37.3108,2600.0
2356,-6.2322,37.3007,1400.0
2357,-6.2335,37.3006,3000.0
2358,-6.3668,37.2839,2900.0
2359,-6.5019,37.2506,9700.0
2360,-6.2337,37.3052,3600.0
2361,-6.5002,37.2506,1500.0
2362,-6.5502,37.2506,700.0
2363,-6.2322,37.3006,1500.0
2364,-6.2321,37.3137,5200.0
2365,-6.3668,37.284,500.0
2366,-6.3668,37.2837,3100.0
2367,-6.4168,37.0672,1400.0
2368,-6.4928,37.079,5200.0
2369,0.0335,42.2841,3900.0
2370,0.0335,42.2841,8400.0
2371,0.0337,42.2842,6700.0
2372,0.0335,42.2841,7900.0
2373,0.0334,42.2841,6000.0
2374,-6.8335,40.3007,3660.0
2375,-6.6835,40.3174,2570.0
2376,-6.7164,40.284,2780.0
2377,-6.7158,40.2832,3760.0
2378,-5.3335,40.4174,1230.0
2379,-5.8335,40.134,2850.0
2380,-5.2668,40.4174,4200.0
2381,-5.3501,40.434,60000.0
2382,-5.9002,39.8673,5300.0
2383,-5.1668,40.3007,5000.0
2384,-5.2501,40.334,6700.0
2385,2.6502,39.6831,4700.0
2386,2.6501,39.6832,5700.0
2387,2.6503,39.6842,5400.0
2388,2.65,39.6826,4300.0
2389,2.8003,39.5673,2500.0
2390,3.0003,39.3507,1500.0
2391,2.0003,41.3174,6700.0
2392,0.0502,41.284,2410.0
2393,0.0668,41.2674,3740.0
2394,1.6336,41.6841,3680.0
2395,1.2002,41.8341,2000.0
2396,1.2502,42.1174,4840.0
2397,0.9836,41.3674,1100.0
2398,-1.0666,39.1173,1310.0
2399,-1.1166,39.084,1010.0
2400,-1.1499,39.134,990.0
2401,-1.0832,39.0673,2320.0
2402,-1.1999,39.0173,4700.0
2403,-0.9832,39.0507,1480.0
2404,-0.9832,39.084,1600.0
2405,-0.9832,39.1673,2140.0
2406,-1.2166,39.0673,4500.0
2407,-0.9666,39.1007,3060.0
2408,-0.9332,39.0173,2840.0
2409,-1.1666,39.134,3870.0
2410,-1.1832,39.134,1650.0
2411,-0.8999,39.1673,4160.0
2412,-0.8999,39.1007,2000.0
2413,-1.2166,39.084,3560.0
2414,-1.0999,39.0673,2700.0
2415,1.9003,41.4341,9400.0
2416,1.9006,41.4345,11300.0
2417,1.9003,41.434,10700.0
2418,1.9008,41.4357,9300.0
2419,1.8996,41.4355,10600.0
2420,-8.017,42.9008,2900.0
2421,-7.6503,42.8174,3000.0
2422,-7.5003,42.5008,2900.0
2423,-7.2992,42.2674,3400.0
2424,-7.301,42.2674,13600.0
2425,-7.3003,42.2682,16900.0
2426,-7.2336,42.3007,6100.0
2427,-7.5836,42.3008,5400.0
2428,-7.5836,42.3007,7300.0
2429,-7.6669,42.3007,1000.0
2430,-7.7669,42.5841,7000.0
2431,-7.8503,42.8508,3500.0
2432,-7.8503,42.8508,6400.0
2433,-7.8336,43.4342,1300.0
2434,-7.8336,43.4341,1900.0
2435,-8.0003,43.6841,3200.0
2436,-8.0003,43.6841,4200.0
2437,-5.7668,40.384,43600.0
2438,1.8836,41.434,9400.0
2439,1.8837,41.4341,11300.0
2440,1.8808,41.418,10700.0
2441,1.8837,41.4175,9300.0
2442,1.8836,41.4174,10600.0
2443,-7.9453,41.8767,2700.0
2444,1.7669,41.8841,1270.0
2445,1.7169,41.8674,1300.0
2446,1.717,41.8674,2100.0
2447,1.7836,41.9507,3200.0
2448,1.7837,41.9504,1440.0
2449,1.9836,41.6342,3320.0
2450,1.9836,41.6353,7260.0
2451,1.9837,41.6341,5400.0
2452,1.0336,41.9007,1000.0
2453,1.0336,41.9008,1000.0
2454,1.0335,41.9008,1000.0
2455,1.0336,41.9007,1100.0
2456,0.8999,41.3341,1490.0
2457,0.8836,41.3507,1600.0
2458,0.8836,41.3508,4910.0
2459,0.8502,41.3674,4000.0
2460,0.8335,41.3674,2140.0
2461,0.8502,41.3507,2270.0
2462,0.9002,41.334,5600.0
2463,0.8824,41.3504,3500.0
2464,0.9002,41.3507,8000.0
2465,1.9169,41.3174,3020.0
2466,1.9169,41.3165,5960.0
2467,1.9166,41.3176,1590.0
2468,1.9175,41.3153,1350.0
2469,1.917,41.3186,170.0
2470,1.9169,41.3174,400.0
2471,-3.9167,40.6007,1010.0
2472,-3.75,40.734,3200.0
2473,-3.7167,40.984,2140.0
2474,-3.75,40.734,2620.0
2475,-3.8,40.984,2160.0
2476,-4.0667,40.7507,1830.0
2477,-3.9501,40.834,4920.0
2478,-3.8334,40.0674,490.0
2479,-4.0168,39.884,300.0
2480,-4.0667,39.9007,1000.0
2481,-4.0834,39.9007,2100.0
2482,-7.3004,42.2521,13600.0
2483,-7.3004,42.2508,7400.0
2484,-7.2997,42.2506,7200.0
2485,-7.2986,42.2504,16900.0
2486,-7.3003,42.239,1800.0
2487,-7.3002,42.2507,6100.0
2488,-7.3,42.2494,3400.0
2489,-7.6003,42.3341,5400.0
2490,-7.6003,42.3341,7300.0
2491,-7.867,42.8508,1000.0
2492,-3.8667,43.1841,8500.0
2493,-4.8168,43.1508,5000.0
2494,-4.0167,40.8674,6300.0
2495,-4.018,40.8682,6000.0
2496,-4.0174,40.8674,3800.0
2497,-5.05,41.8841,860.0
2498,-5.1501,42.0341,440.0
2499,-5.0501,41.883,1060.0
2500,-4.3167,41.5007,1700.0
2501,-4.5514,41.4007,1350.0
2502,-4.1167,41.5841,880.0
2503,-5.1835,41.784,1220.0
2504,-4.3501,41.5007,5800.0
2505,-4.2001,41.5007,500.0
2506,-5.0334,41.7674,730.0
2507,-4.5501,41.3999,1430.0
2508,-4.4501,41.5173,670.0
2509,-4.9334,41.7841,700.0
2510,-5.1834,41.7841,1140.0
2511,-4.6668,41.3674,440.0
2512,-4.6168,41.2674,330.0
2513,-4.4487,41.5174,1150.0
2514,-4.8334,41.3174,210.0
2515,-4.8001,41.5507,400.0
2516,-4.9668,41.5007,480.0
2517,-4.8668,41.4507,990.0
2518,-4.6872,41.2831,970.0
2519,-4.9168,41.3007,480.0
2520,-4.9334,41.184,470.0
2521,-5.2168,41.3008,290.0
2522,-5.2168,41.3007,410.0
2523,-7.8177,43.1273,1910.0
2524,-7.8172,43.1174,2520.0
2525,-8.3394,43.0535,5650.0
2526,-7.6505,43.2174,2970.0
2527,-7.6503,43.2173,2560.0
2528,-8.0336,43.0674,5520.0
2529,3.9671,40.0507,2800.0
2530,3.9005,39.9841,6300.0
2531,3.867,39.984,13800.0
2532,3.8837,40.0505,1400.0
2533,3.9005,39.9839,3000.0
2534,3.901,39.9836,14000.0
2535,3.9004,40.0506,4600.0
2536,3.9007,40.0504,7400.0
2537,3.8837,40.0507,3500.0
2538,3.884,40.0523,12100.0
2539,3.9003,39.984,2400.0
2540,3.9,39.984,1100.0
2541,3.9337,39.9507,3600.0
2542,3.9004,39.9846,14000.0
2543,3.8504,39.934,3100.0
2544,-5.3501,39.4673,2600.0
2545,-5.4001,39.4673,8700.0
2546,-5.4001,39.4674,4500.0
2547,-2.1166,36.8006,1700.0
2548,-2.05,36.8339,1000.0
2549,-4.7668,40.8507,2350.0
2550,-4.9501,40.934,4090.0
2551,-4.9334,41.284,780.0
2552,-5.5001,41.084,1350.0
2553,-3.1667,40.7674,700.0
2554,-2.55,41.1174,750.0
2555,-1.8666,40.984,970.0
2556,-3.0833,40.7507,480.0
2557,-3.15,40.734,810.0
2558,-2.6667,40.784,800.0
2559,-1.6333,40.784,510.0
2560,-1.6333,40.784,510.0
2561,-0.2332,41.5841,680.0
2562,-0.2332,41.5841,680.0
2563,-0.2998,41.5507,350.0
2564,-0.3999,41.5677,560.0
2565,-0.3999,41.5674,760.0
2566,-0.3665,41.5842,900.0
2567,-0.3665,41.5841,680.0
2568,-0.5832,42.7508,6170.0
2569,-0.0309,42.6007,10820.0
2570,-0.5832,42.7174,4030.0
2571,-0.0329,42.5995,7180.0
2572,-0.0329,42.5995,7180.0
2573,-0.5665,42.7508,3360.0
2574,-0.0496,42.638,6570.0
2575,-0.5665,42.7341,3840.0
2576,-0.0498,42.6341,4080.0
2577,-0.5999,42.7674,6320.0
2578,-0.0165,42.6674,2980.0
2579,-0.5665,41.5507,2600.0
2580,-0.5665,41.5341,1000.0
2581,0.9669,41.3841,1200.0
2582,0.9669,41.3674,2700.0
2583,0.0168,42.3007,7400.0
2584,0.0502,42.3174,7400.0
2585,0.0502,42.3341,8700.0
2586,0.0835,42.3507,5100.0
2587,0.1168,42.3674,6000.0
2588,0.1335,42.4508,2600.0
2589,0.2169,42.4674,5100.0
2590,0.2169,42.4508,4200.0
2591,0.2335,42.4508,4000.0
2592,0.3835,42.4341,4200.0
2593,0.4169,42.468,6600.0
2594,0.4169,42.4508,8400.0
2595,0.4169,42.4508,2400.0
2596,0.4002,42.4174,8200.0
2597,0.3502,42.4174,1100.0
2598,0.2002,42.3174,4000.0
2599,0.1002,42.4174,1670.0
2600,0.1502,42.3841,3900.0
2601,-1.851,38.1008,1520.0
2602,-1.851,38.1006,1670.0
2603,-1.8495,38.1007,1090.0
2604,-1.8499,38.1018,1310.0
2605,-1.8511,38.1011,1960.0
2606,-2.7666,37.4838,2140.0
2607,-2.7647,37.4839,410.0
2608,-2.7665,37.4832,1320.0
2609,-2.7667,37.4839,390.0
2610,-2.7667,37.4839,1130.0
2611,-2.7671,37.4843,950.0
2612,-2.767,37.4837,710.0
2613,-2.7659,37.4872,590.0
2614,-2.7673,37.4861,1000.0
2615,-1.7001,37.6669,1430.0
2616,-1.7001,37.6648,500.0
2617,-1.8166,37.5673,540.0
2618,-1.7,37.6673,1150.0
2619,-2.7671,37.4839,1470.0
2620,-2.7678,37.4795,1270.0
2621,-2.7649,37.4873,670.0
2622,-1.6998,37.6672,640.0
2623,-1.4298,37.6011,1220.0
2624,-4.6501,37.5173,680.0
2625,-1.6999,37.6678,580.0
2626,-1.2344,37.7341,880.0
2627,-1.4331,37.6022,900.0
2628,-2.1833,37.3506,900.0
2629,-2.15,37.3839,400.0
2630,-2.3666,37.3506,1000.0
2631,-2.5,37.3506,600.0
2632,-2.4055,37.8026,1100.0
2633,-2.2666,37.5839,900.0
2634,-1.9833,37.0006,1500.0
2635,-2.6333,37.2839,1200.0
2636,-1.9499,36.9506,1600.0
2637,-2.05,36.8673,700.0
2638,-2.1166,36.8673,900.0
2639,-2.1333,36.9673,800.0
2640,-2.1333,36.8506,1100.0
2641,-2.1255,36.9407,1400.0
2642,-2.0666,36.9339,900.0
2643,-2.1166,36.9339,500.0
2644,-2.0166,36.8506,800.0
2645,-2.1186,36.7612,900.0
2646,-1.9604,37.0005,1110.0
2647,-1.8333,37.2339,600.0
2648,-2.0833,37.684,2100.0
2649,-0.9999,38.134,2100.0
2650,-1.6998,37.6673,100.0
2651,-1.8666,37.8506,1200.0
2652,-2.1666,37.7173,1700.0
2653,-2.0333,37.8006,700.0
2654,-2.15,38.234,1210.0
2655,-2.1006,38.2173,730.0
2656,-1.8999,38.3006,1410.0
2657,-2.0935,38.2172,1950.0
2658,-2.1,38.2174,1160.0
2659,-2.1031,38.2173,1610.0
2660,-1.8999,38.3173,1200.0
2661,-3.2167,36.8339,980.0
2662,-3.2833,36.9006,1930.0
2663,-3.3833,36.8839,1080.0
2664,-3.3834,36.8839,1860.0
2665,-3.2167,36.8339,860.0
2666,-3.0167,37.3339,1280.0
2667,-3.0667,37.1839,710.0
2668,-3.0661,37.1839,550.0
2669,-3.0667,37.184,1190.0
2670,-3.0667,37.1822,510.0
2671,-1.8999,39.9674,760.0
2672,-3.15,37.1839,680.0
2673,-3.1333,37.1673,510.0
2674,-2.05,36.9506,1300.0
2675,-2.4333,36.8339,900.0
2676,-2.2166,36.8839,1100.0
2677,-2.0666,37.1839,580.0
2678,-1.8666,37.2506,1100.0
2679,-2.1833,37.2839,2860.0
2680,-2.1833,37.284,3520.0
2681,-1.9794,37.2516,1580.0
2682,-2.1833,37.3173,1720.0
2683,-1.8102,37.2497,2060.0
2684,-2.4406,37.5344,1500.0
2685,-2.7167,37.7173,1600.0
2686,-2.4515,37.5941,1400.0
2687,-2.4333,37.5839,1200.0
2688,-2.2,37.8006,900.0
2689,-2.1833,37.7173,1100.0
2690,-2.4518,37.534,2000.0
2691,-2.45,37.5339,1700.0
2692,-2.4527,37.5898,1400.0
2693,-2.4166,37.6173,1300.0
2694,-2.443,37.5348,900.0
2695,-2.4833,37.5839,1700.0
2696,-2.4497,37.534,1300.0
2697,-2.4388,37.5339,1300.0
2698,-2.4459,37.5956,1400.0
2699,-2.3665,37.8174,2900.0
2700,-2.3666,37.8173,2500.0
2701,-2.2833,37.8173,1300.0
2702,-2.45,37.53,1100.0
2703,-2.4833,37.5339,1200.0
2704,-2.2838,37.5688,600.0
2705,-2.4,37.6006,1200.0
2706,-2.25,37.5506,800.0
2707,-2.3833,37.6006,800.0
2708,-1.8999,37.9506,3690.0
2709,-1.8499,38.1002,1070.0
2710,-1.8499,38.1006,1540.0
2711,-1.6992,37.6672,8700.0
2712,-1.8505,38.1004,1890.0
2713,-1.8505,38.1007,10840.0
2714,-1.8504,38.1009,19320.0
2715,-3.1991,36.7839,600.0
2716,-3.2,36.7835,1300.0
2717,-3.2,36.7839,700.0
2718,-0.9999,41.8341,1170.0
2719,-1.4666,41.7674,980.0
2720,-3.4167,36.7839,1200.0
2721,-3.5167,36.7506,1400.0
2722,-3.3167,36.7506,500.0
2723,-3.1999,36.7837,1300.0
2724,-3.2,36.7847,900.0
2725,-1.4996,37.7673,1100.0
2726,-1.4157,37.8506,1060.0
2727,-1.4149,37.8503,1140.0
2728,-1.4999,37.7683,8390.0
2729,-1.4166,37.8506,7250.0
2730,-1.1861,37.7335,1250.0
2731,-1.2666,37.6839,9540.0
2732,-6.0502,37.5339,800.0
2733,-0.9499,37.734,780.0
2734,-0.951,37.734,1800.0
2735,-1.0332,37.5839,1070.0
2736,-0.8166,37.6505,620.0
2737,-3.6334,37.1006,370.0
2738,-0.9832,37.7173,800.0
2739,-0.9666,37.7173,1080.0
2740,-0.8163,37.6506,630.0
2741,-1.2332,37.7673,650.0
2742,-0.8173,37.6504,1180.0
2743,-1.2332,37.7343,790.0
2744,-1.3888,37.8034,600.0
2745,-1.3888,37.7978,500.0
2746,-1.4082,37.7784,800.0
2747,-1.4096,37.7784,1100.0
2748,-0.6329,39.0174,1070.0
2749,-0.6426,39.017,1090.0
2750,-0.9165,38.434,1080.0
2751,-0.9166,38.434,1050.0
2752,-0.6324,39.0174,420.0
2753,-0.5165,38.784,770.0
2754,-0.6332,39.0173,1750.0
2755,-0.633,39.0173,710.0
2756,-0.633,39.0239,1030.0
2757,-0.6332,39.0163,1560.0
2758,-4.6668,39.5662,800.0
2759,-4.6664,39.5673,1100.0
2760,-4.6668,39.5672,1400.0
2761,-4.668,39.5668,800.0
2762,-4.6692,39.5673,600.0
2763,-4.6667,39.5673,500.0
2764,-4.6662,39.5682,1100.0
2765,-4.6679,39.5687,900.0
2766,-4.6676,39.5678,1100.0
2767,-4.668,39.568,500.0
2768,-4.6668,39.5673,1200.0
2769,-3.2,38.2506,1200.0
2770,0.1343,41.434,1200.0
2771,0.1335,41.4348,2000.0
2772,0.1335,41.4341,1000.0
2773,-0.5999,41.5674,5900.0
2774,-0.5165,41.5352,1000.0
2775,-0.5995,41.5675,1400.0
2776,-0.533,41.5341,1300.0
2777,-0.7196,41.5716,1000.0
2778,-0.5331,41.5373,800.0
2779,-0.4665,41.4841,1000.0
2780,-0.8396,41.5721,800.0
2781,-0.4665,41.4341,1100.0
2782,2.1938,41.6363,700.0
2783,2.1804,41.6189,1300.0
2784,-5.1001,41.2174,340.0
2785,-5.2168,41.3174,280.0
2786,-5.4835,43.3508,530.0
2787,-4.8501,41.284,440.0
2788,-5.2168,41.2174,470.0
2789,-5.1501,41.2007,470.0
2790,-4.6833,41.2775,300.0
2791,-0.9077,42.0007,950.0
2792,-0.8582,42.0007,860.0
2793,-2.4666,42.5674,1670.0
2794,-1.0332,37.6673,740.0
2795,-1.2334,37.734,1020.0
2796,-8.5332,42.8675,4200.0
2797,-3.4167,40.184,670.0
2798,-3.4167,40.134,530.0
2799,-1.1305,38.3979,700.0
2800,-1.1193,38.4409,700.0
2801,-1.1166,38.3812,700.0
2802,-3.8501,42.0174,200.0
2803,-3.85,42.0174,500.0
2804,-7.4003,43.2341,1200.0
2805,-8.5503,42.9508,1100.0
2806,-4.5756,37.6506,1600.0
2807,-4.7268,37.5556,1200.0
2808,-4.6168,37.4673,1600.0
2809,-4.5543,37.4631,2900.0
2810,-4.5901,37.432,1700.0
2811,-4.5801,37.5478,1700.0
2812,-4.4901,37.5267,2100.0
2813,-4.6168,37.4676,1200.0
2814,-4.7143,37.4595,1200.0
2815,-4.7107,37.6367,1700.0
2816,-5.6834,41.4348,2420.0
2817,-5.6794,41.4706,1900.0
2818,-5.6903,41.4274,2260.0
2819,-5.6278,41.296,9000.0
2820,-5.6048,41.3874,1100.0
2821,-5.6077,41.3958,1500.0
2822,-5.6427,41.3466,9500.0
2823,-5.6644,41.4114,1707.0
2824,-5.6494,41.4499,8000.0
2825,-5.6281,41.385,1390.0
